,Timestamp,Station,Sensor,PM2.5,Session Id
0,2021-10-13 15:30:30,Odenplan,2,32.54,20211013-2
1,2021-10-13 15:30:30,Odenplan,5,26.05,20211013-2
2,2021-10-13 15:30:31,Odenplan,2,32.47,20211013-2
3,2021-10-13 15:30:31,Odenplan,5,26.22,20211013-2
4,2021-10-13 15:30:32,Odenplan,2,32.42,20211013-2
5,2021-10-13 15:30:33,Odenplan,5,26.36,20211013-2
6,2021-10-13 15:30:34,Odenplan,2,32.34,20211013-2
7,2021-10-13 15:30:34,Odenplan,5,26.56,20211013-2
8,2021-10-13 15:30:34,Odenplan,5,26.8,20211013-2
9,2021-10-13 15:30:35,Odenplan,2,32.28,20211013-2
10,2021-10-13 15:30:36,Odenplan,2,32.15,20211013-2
11,2021-10-13 15:30:36,Odenplan,5,26.8,20211013-2
12,2021-10-13 15:30:37,Odenplan,2,32.07,20211013-2
13,2021-10-13 15:30:37,Odenplan,5,26.8,20211013-2
14,2021-10-13 15:30:38,Odenplan,2,31.91,20211013-2
15,2021-10-13 15:30:38,Odenplan,5,26.79,20211013-2
16,2021-10-13 15:30:39,Odenplan,2,31.81,20211013-2
17,2021-10-13 15:30:39,Odenplan,5,26.74,20211013-2
18,2021-10-13 15:30:40,Odenplan,2,31.82,20211013-2
19,2021-10-13 15:30:40,Odenplan,5,26.76,20211013-2
20,2021-10-13 15:30:41,Odenplan,2,31.85,20211013-2
21,2021-10-13 15:30:41,Odenplan,5,26.64,20211013-2
22,2021-10-13 15:30:42,Odenplan,2,31.82,20211013-2
23,2021-10-13 15:30:42,Odenplan,5,26.61,20211013-2
24,2021-10-13 15:30:43,Odenplan,2,31.7,20211013-2
25,2021-10-13 15:30:43,Odenplan,5,26.56,20211013-2
26,2021-10-13 15:30:44,Odenplan,2,31.51,20211013-2
27,2021-10-13 15:30:44,Odenplan,5,26.38,20211013-2
28,2021-10-13 15:30:45,Odenplan,2,31.06,20211013-2
29,2021-10-13 15:30:45,Odenplan,5,26.2,20211013-2
30,2021-10-13 15:30:46,Odenplan,5,25.96,20211013-2
31,2021-10-13 15:30:47,Odenplan,2,30.8,20211013-2
32,2021-10-13 15:30:47,Odenplan,5,25.68,20211013-2
33,2021-10-13 15:30:48,Odenplan,2,30.67,20211013-2
34,2021-10-13 15:30:49,Odenplan,2,30.39,20211013-2
35,2021-10-13 15:30:49,Odenplan,5,25.44,20211013-2
36,2021-10-13 15:30:50,Odenplan,2,30.28,20211013-2
37,2021-10-13 15:30:50,Odenplan,5,25.24,20211013-2
38,2021-10-13 15:30:51,Odenplan,2,30.19,20211013-2
39,2021-10-13 15:30:51,Odenplan,5,25.16,20211013-2
40,2021-10-13 15:30:52,Odenplan,2,30.09,20211013-2
41,2021-10-13 15:30:52,Odenplan,5,25.07,20211013-2
42,2021-10-13 15:30:53,Odenplan,2,30.01,20211013-2
43,2021-10-13 15:30:53,Odenplan,5,25.06,20211013-2
44,2021-10-13 15:30:54,Odenplan,2,29.9,20211013-2
45,2021-10-13 15:30:54,Odenplan,5,24.95,20211013-2
46,2021-10-13 15:30:55,Odenplan,2,29.66,20211013-2
47,2021-10-13 15:30:55,Odenplan,5,24.74,20211013-2
48,2021-10-13 15:30:56,Odenplan,2,29.5,20211013-2
49,2021-10-13 15:30:56,Odenplan,5,24.49,20211013-2
50,2021-10-13 15:30:57,Odenplan,2,29.28,20211013-2
51,2021-10-13 15:30:57,Odenplan,5,24.35,20211013-2
52,2021-10-13 15:30:58,Odenplan,2,29.16,20211013-2
53,2021-10-13 15:30:58,Odenplan,5,24.14,20211013-2
54,2021-10-13 15:30:59,Odenplan,5,24.02,20211013-2
55,2021-10-13 15:31:00,Odenplan,2,29.02,20211013-2
56,2021-10-13 15:31:00,Odenplan,5,23.87,20211013-2
57,2021-10-13 15:31:01,Odenplan,2,29.04,20211013-2
58,2021-10-13 15:31:02,Odenplan,2,29.14,20211013-2
59,2021-10-13 15:31:02,Odenplan,5,23.65,20211013-2
60,2021-10-13 15:31:03,Odenplan,2,29.32,20211013-2
61,2021-10-13 15:31:03,Odenplan,5,23.51,20211013-2
62,2021-10-13 15:31:04,Odenplan,2,29.48,20211013-2
63,2021-10-13 15:31:04,Odenplan,5,23.34,20211013-2
64,2021-10-13 15:31:05,Odenplan,2,29.54,20211013-2
65,2021-10-13 15:31:05,Odenplan,5,23.06,20211013-2
66,2021-10-13 15:31:06,Odenplan,2,29.48,20211013-2
67,2021-10-13 15:31:06,Odenplan,5,22.93,20211013-2
68,2021-10-13 15:31:07,Odenplan,2,29.51,20211013-2
69,2021-10-13 15:31:07,Odenplan,5,22.87,20211013-2
70,2021-10-13 15:31:08,Odenplan,2,29.51,20211013-2
71,2021-10-13 15:31:08,Odenplan,5,22.82,20211013-2
72,2021-10-13 15:31:09,Odenplan,2,29.66,20211013-2
73,2021-10-13 15:31:09,Odenplan,5,22.72,20211013-2
74,2021-10-13 15:31:10,Odenplan,2,29.74,20211013-2
75,2021-10-13 15:31:10,Odenplan,5,22.74,20211013-2
76,2021-10-13 15:31:11,Odenplan,2,29.84,20211013-2
77,2021-10-13 15:31:11,Odenplan,5,22.84,20211013-2
78,2021-10-13 15:31:12,Odenplan,5,22.84,20211013-2
79,2021-10-13 15:31:13,Odenplan,2,29.92,20211013-2
80,2021-10-13 15:31:13,Odenplan,5,22.8,20211013-2
81,2021-10-13 15:31:14,Odenplan,2,29.97,20211013-2
82,2021-10-13 15:31:15,Odenplan,2,29.88,20211013-2
83,2021-10-13 15:31:15,Odenplan,5,22.83,20211013-2
84,2021-10-13 15:31:16,Odenplan,2,29.9,20211013-2
85,2021-10-13 15:31:16,Odenplan,5,22.85,20211013-2
86,2021-10-13 15:31:17,Odenplan,2,29.98,20211013-2
87,2021-10-13 15:31:17,Odenplan,5,22.77,20211013-2
88,2021-10-13 15:31:18,Odenplan,2,29.99,20211013-2
89,2021-10-13 15:31:18,Odenplan,5,22.79,20211013-2
90,2021-10-13 15:31:19,Odenplan,2,29.87,20211013-2
91,2021-10-13 15:31:19,Odenplan,5,22.79,20211013-2
92,2021-10-13 15:31:20,Odenplan,2,29.67,20211013-2
93,2021-10-13 15:31:20,Odenplan,5,22.93,20211013-2
94,2021-10-13 15:31:21,Odenplan,2,29.54,20211013-2
95,2021-10-13 15:31:21,Odenplan,5,22.94,20211013-2
96,2021-10-13 15:31:22,Odenplan,2,29.48,20211013-2
97,2021-10-13 15:31:22,Odenplan,5,22.98,20211013-2
98,2021-10-13 15:31:23,Odenplan,2,29.34,20211013-2
99,2021-10-13 15:31:23,Odenplan,5,23.04,20211013-2
100,2021-10-13 15:31:24,Odenplan,2,29.19,20211013-2
101,2021-10-13 15:31:24,Odenplan,2,29.07,20211013-2
102,2021-10-13 15:31:24,Odenplan,5,23.14,20211013-2
103,2021-10-13 15:31:25,Odenplan,5,23.15,20211013-2
104,2021-10-13 15:31:26,Odenplan,2,28.99,20211013-2
105,2021-10-13 15:31:26,Odenplan,5,23.29,20211013-2
106,2021-10-13 15:31:28,Odenplan,2,28.85,20211013-2
107,2021-10-13 15:31:28,Odenplan,5,23.44,20211013-2
108,2021-10-13 15:31:29,Odenplan,2,28.52,20211013-2
109,2021-10-13 15:31:29,Odenplan,5,23.73,20211013-2
110,2021-10-13 15:31:30,Odenplan,2,28.44,20211013-2
111,2021-10-13 15:31:30,Odenplan,5,24.07,20211013-2
112,2021-10-13 15:31:31,Odenplan,2,28.31,20211013-2
113,2021-10-13 15:31:31,Odenplan,5,24.29,20211013-2
114,2021-10-13 15:31:32,Odenplan,2,28.13,20211013-2
115,2021-10-13 15:31:32,Odenplan,5,24.49,20211013-2
116,2021-10-13 15:31:33,Odenplan,2,28.08,20211013-2
117,2021-10-13 15:31:33,Odenplan,5,24.62,20211013-2
118,2021-10-13 15:31:34,Odenplan,2,28.1,20211013-2
119,2021-10-13 15:31:34,Odenplan,5,24.63,20211013-2
120,2021-10-13 15:31:35,Odenplan,2,28.07,20211013-2
121,2021-10-13 15:31:35,Odenplan,5,24.63,20211013-2
122,2021-10-13 15:31:36,Odenplan,2,28.0,20211013-2
123,2021-10-13 15:31:36,Odenplan,5,24.68,20211013-2
124,2021-10-13 15:31:37,Odenplan,2,27.98,20211013-2
125,2021-10-13 15:31:37,Odenplan,2,28.02,20211013-2
126,2021-10-13 15:31:37,Odenplan,5,24.69,20211013-2
127,2021-10-13 15:31:38,Odenplan,5,24.79,20211013-2
128,2021-10-13 15:31:39,Odenplan,2,28.07,20211013-2
129,2021-10-13 15:31:39,Odenplan,5,24.82,20211013-2
130,2021-10-13 15:31:39,Odenplan,5,24.83,20211013-2
131,2021-10-13 15:31:40,Odenplan,2,28.04,20211013-2
132,2021-10-13 15:31:41,Odenplan,2,28.0,20211013-2
133,2021-10-13 15:31:41,Odenplan,5,24.81,20211013-2
134,2021-10-13 15:31:42,Odenplan,2,28.04,20211013-2
135,2021-10-13 15:31:42,Odenplan,5,24.73,20211013-2
136,2021-10-13 15:31:43,Odenplan,2,28.11,20211013-2
137,2021-10-13 15:31:43,Odenplan,5,24.63,20211013-2
138,2021-10-13 15:31:44,Odenplan,2,28.08,20211013-2
139,2021-10-13 15:31:44,Odenplan,5,24.55,20211013-2
140,2021-10-13 15:31:45,Odenplan,2,27.95,20211013-2
141,2021-10-13 15:31:45,Odenplan,5,24.47,20211013-2
142,2021-10-13 15:34:30,St Eriksplan,2,28.61,20211013-2
143,2021-10-13 15:34:30,St Eriksplan,5,22.21,20211013-2
144,2021-10-13 15:34:31,St Eriksplan,2,28.65,20211013-2
145,2021-10-13 15:34:31,St Eriksplan,5,22.41,20211013-2
146,2021-10-13 15:34:32,St Eriksplan,2,28.63,20211013-2
147,2021-10-13 15:34:32,St Eriksplan,5,22.61,20211013-2
148,2021-10-13 15:34:33,St Eriksplan,2,28.78,20211013-2
149,2021-10-13 15:34:33,St Eriksplan,5,22.76,20211013-2
150,2021-10-13 15:34:34,St Eriksplan,2,28.91,20211013-2
151,2021-10-13 15:34:34,St Eriksplan,5,22.86,20211013-2
152,2021-10-13 15:34:35,St Eriksplan,2,29.07,20211013-2
153,2021-10-13 15:34:35,St Eriksplan,5,22.91,20211013-2
154,2021-10-13 15:34:36,St Eriksplan,2,29.29,20211013-2
155,2021-10-13 15:34:36,St Eriksplan,5,22.82,20211013-2
156,2021-10-13 15:34:37,St Eriksplan,2,29.41,20211013-2
157,2021-10-13 15:34:37,St Eriksplan,5,22.73,20211013-2
158,2021-10-13 15:34:38,St Eriksplan,2,29.53,20211013-2
159,2021-10-13 15:34:38,St Eriksplan,5,22.6,20211013-2
160,2021-10-13 15:34:39,St Eriksplan,2,29.51,20211013-2
161,2021-10-13 15:34:39,St Eriksplan,2,29.33,20211013-2
162,2021-10-13 15:34:39,St Eriksplan,5,22.39,20211013-2
163,2021-10-13 15:34:40,St Eriksplan,5,22.28,20211013-2
164,2021-10-13 15:34:41,St Eriksplan,2,29.23,20211013-2
165,2021-10-13 15:34:41,St Eriksplan,5,22.16,20211013-2
166,2021-10-13 15:34:42,St Eriksplan,2,29.12,20211013-2
167,2021-10-13 15:34:43,St Eriksplan,2,29.07,20211013-2
168,2021-10-13 15:34:43,St Eriksplan,5,22.08,20211013-2
169,2021-10-13 15:34:44,St Eriksplan,2,29.02,20211013-2
170,2021-10-13 15:34:44,St Eriksplan,5,21.92,20211013-2
171,2021-10-13 15:34:45,St Eriksplan,2,28.91,20211013-2
172,2021-10-13 15:34:45,St Eriksplan,5,21.83,20211013-2
173,2021-10-13 15:34:46,St Eriksplan,2,28.79,20211013-2
174,2021-10-13 15:34:46,St Eriksplan,5,21.77,20211013-2
175,2021-10-13 15:34:47,St Eriksplan,2,28.7,20211013-2
176,2021-10-13 15:34:47,St Eriksplan,5,21.74,20211013-2
177,2021-10-13 15:34:48,St Eriksplan,5,21.77,20211013-2
178,2021-10-13 15:34:49,St Eriksplan,2,28.7,20211013-2
179,2021-10-13 15:34:49,St Eriksplan,5,21.83,20211013-2
180,2021-10-13 15:34:50,St Eriksplan,2,28.79,20211013-2
181,2021-10-13 15:34:50,St Eriksplan,5,21.81,20211013-2
182,2021-10-13 15:34:51,St Eriksplan,2,28.92,20211013-2
183,2021-10-13 15:34:51,St Eriksplan,5,21.9,20211013-2
184,2021-10-13 15:34:52,St Eriksplan,2,29.01,20211013-2
185,2021-10-13 15:34:52,St Eriksplan,2,29.29,20211013-2
186,2021-10-13 15:34:52,St Eriksplan,5,21.93,20211013-2
187,2021-10-13 15:34:53,St Eriksplan,5,22.0,20211013-2
188,2021-10-13 15:34:54,St Eriksplan,2,29.33,20211013-2
189,2021-10-13 15:34:54,St Eriksplan,5,22.22,20211013-2
190,2021-10-13 15:34:55,St Eriksplan,2,29.39,20211013-2
191,2021-10-13 15:34:56,St Eriksplan,2,29.44,20211013-2
192,2021-10-13 15:34:56,St Eriksplan,5,22.53,20211013-2
193,2021-10-13 15:34:56,St Eriksplan,5,22.8,20211013-2
194,2021-10-13 15:34:57,St Eriksplan,2,29.43,20211013-2
195,2021-10-13 15:34:58,St Eriksplan,2,29.49,20211013-2
196,2021-10-13 15:34:58,St Eriksplan,5,23.02,20211013-2
197,2021-10-13 15:34:59,St Eriksplan,2,29.43,20211013-2
198,2021-10-13 15:34:59,St Eriksplan,5,23.49,20211013-2
199,2021-10-13 15:35:00,St Eriksplan,2,29.44,20211013-2
200,2021-10-13 15:35:00,St Eriksplan,5,23.82,20211013-2
201,2021-10-13 15:35:01,St Eriksplan,2,29.55,20211013-2
202,2021-10-13 15:35:01,St Eriksplan,5,24.08,20211013-2
203,2021-10-13 15:35:02,St Eriksplan,2,29.72,20211013-2
204,2021-10-13 15:35:02,St Eriksplan,5,24.39,20211013-2
205,2021-10-13 15:35:03,St Eriksplan,2,30.09,20211013-2
206,2021-10-13 15:35:03,St Eriksplan,5,24.58,20211013-2
207,2021-10-13 15:35:04,St Eriksplan,2,30.37,20211013-2
208,2021-10-13 15:35:04,St Eriksplan,5,24.79,20211013-2
209,2021-10-13 15:35:05,St Eriksplan,2,31.02,20211013-2
210,2021-10-13 15:35:05,St Eriksplan,5,25.04,20211013-2
211,2021-10-13 15:35:06,St Eriksplan,5,25.36,20211013-2
212,2021-10-13 15:35:07,St Eriksplan,2,31.59,20211013-2
213,2021-10-13 15:35:07,St Eriksplan,5,25.59,20211013-2
214,2021-10-13 15:35:07,St Eriksplan,5,25.67,20211013-2
215,2021-10-13 15:35:08,St Eriksplan,2,32.58,20211013-2
216,2021-10-13 15:35:09,St Eriksplan,2,32.9,20211013-2
217,2021-10-13 15:35:09,St Eriksplan,5,25.79,20211013-2
218,2021-10-13 15:35:10,St Eriksplan,2,33.0,20211013-2
219,2021-10-13 15:35:10,St Eriksplan,5,25.83,20211013-2
220,2021-10-13 15:35:11,St Eriksplan,2,33.04,20211013-2
221,2021-10-13 15:35:11,St Eriksplan,5,25.87,20211013-2
222,2021-10-13 15:35:12,St Eriksplan,2,33.13,20211013-2
223,2021-10-13 15:35:12,St Eriksplan,5,25.68,20211013-2
224,2021-10-13 15:35:13,St Eriksplan,2,33.1,20211013-2
225,2021-10-13 15:35:13,St Eriksplan,5,25.52,20211013-2
226,2021-10-13 15:35:14,St Eriksplan,2,32.93,20211013-2
227,2021-10-13 15:35:14,St Eriksplan,5,25.32,20211013-2
228,2021-10-13 15:35:15,St Eriksplan,2,32.72,20211013-2
229,2021-10-13 15:35:15,St Eriksplan,5,25.19,20211013-2
230,2021-10-13 15:35:16,St Eriksplan,2,32.45,20211013-2
231,2021-10-13 15:35:17,St Eriksplan,2,32.15,20211013-2
232,2021-10-13 15:35:17,St Eriksplan,5,25.17,20211013-2
233,2021-10-13 15:35:18,St Eriksplan,2,31.93,20211013-2
234,2021-10-13 15:35:18,St Eriksplan,5,25.0,20211013-2
235,2021-10-13 15:35:19,St Eriksplan,5,24.88,20211013-2
236,2021-10-13 15:35:20,St Eriksplan,2,31.75,20211013-2
237,2021-10-13 15:35:20,St Eriksplan,5,24.8,20211013-2
238,2021-10-13 15:35:20,St Eriksplan,5,24.67,20211013-2
239,2021-10-13 15:35:21,St Eriksplan,2,31.67,20211013-2
240,2021-10-13 15:35:22,St Eriksplan,2,31.78,20211013-2
241,2021-10-13 15:35:22,St Eriksplan,5,24.5,20211013-2
242,2021-10-13 15:35:23,St Eriksplan,2,32.01,20211013-2
243,2021-10-13 15:35:23,St Eriksplan,5,24.39,20211013-2
244,2021-10-13 15:35:24,St Eriksplan,2,32.1,20211013-2
245,2021-10-13 15:35:24,St Eriksplan,5,24.19,20211013-2
246,2021-10-13 15:35:25,St Eriksplan,2,32.12,20211013-2
247,2021-10-13 15:35:25,St Eriksplan,5,24.08,20211013-2
248,2021-10-13 15:35:26,St Eriksplan,2,32.1,20211013-2
249,2021-10-13 15:35:26,St Eriksplan,5,23.93,20211013-2
250,2021-10-13 15:35:27,St Eriksplan,2,31.97,20211013-2
251,2021-10-13 15:35:27,St Eriksplan,5,23.59,20211013-2
252,2021-10-13 15:35:28,St Eriksplan,2,31.82,20211013-2
253,2021-10-13 15:35:28,St Eriksplan,5,23.41,20211013-2
254,2021-10-13 15:35:29,St Eriksplan,2,31.63,20211013-2
255,2021-10-13 15:35:29,St Eriksplan,5,23.17,20211013-2
256,2021-10-13 15:35:30,St Eriksplan,2,31.37,20211013-2
257,2021-10-13 15:35:30,St Eriksplan,5,22.91,20211013-2
258,2021-10-13 15:35:31,St Eriksplan,2,31.22,20211013-2
259,2021-10-13 15:35:31,St Eriksplan,5,22.56,20211013-2
260,2021-10-13 15:35:32,St Eriksplan,5,22.26,20211013-2
261,2021-10-13 15:35:33,St Eriksplan,2,30.87,20211013-2
262,2021-10-13 15:35:33,St Eriksplan,5,22.01,20211013-2
263,2021-10-13 15:35:34,St Eriksplan,2,30.54,20211013-2
264,2021-10-13 15:35:35,St Eriksplan,2,30.39,20211013-2
265,2021-10-13 15:35:35,St Eriksplan,5,21.76,20211013-2
266,2021-10-13 15:35:36,St Eriksplan,2,30.19,20211013-2
267,2021-10-13 15:35:36,St Eriksplan,5,21.47,20211013-2
268,2021-10-13 15:35:37,St Eriksplan,2,30.18,20211013-2
269,2021-10-13 15:35:37,St Eriksplan,5,21.22,20211013-2
270,2021-10-13 15:35:38,St Eriksplan,2,30.25,20211013-2
271,2021-10-13 15:35:38,St Eriksplan,5,20.96,20211013-2
272,2021-10-13 15:35:39,St Eriksplan,2,30.18,20211013-2
273,2021-10-13 15:35:39,St Eriksplan,5,20.77,20211013-2
274,2021-10-13 15:35:40,St Eriksplan,2,30.07,20211013-2
275,2021-10-13 15:35:40,St Eriksplan,5,20.54,20211013-2
276,2021-10-13 15:35:41,St Eriksplan,2,29.88,20211013-2
277,2021-10-13 15:35:41,St Eriksplan,5,20.27,20211013-2
278,2021-10-13 15:35:42,St Eriksplan,2,29.74,20211013-2
279,2021-10-13 15:35:42,St Eriksplan,5,20.11,20211013-2
280,2021-10-13 15:35:43,St Eriksplan,2,29.43,20211013-2
281,2021-10-13 15:35:43,St Eriksplan,5,19.94,20211013-2
282,2021-10-13 15:35:44,St Eriksplan,2,29.03,20211013-2
283,2021-10-13 15:35:44,St Eriksplan,5,19.73,20211013-2
284,2021-10-13 15:35:45,St Eriksplan,5,19.48,20211013-2
285,2021-10-13 15:37:30,Fridhemsplan,2,20.34,20211013-2
286,2021-10-13 15:37:30,Fridhemsplan,5,14.48,20211013-2
287,2021-10-13 15:37:32,Fridhemsplan,2,20.28,20211013-2
288,2021-10-13 15:37:32,Fridhemsplan,5,14.5,20211013-2
289,2021-10-13 15:37:33,Fridhemsplan,2,20.23,20211013-2
290,2021-10-13 15:37:33,Fridhemsplan,5,14.56,20211013-2
291,2021-10-13 15:37:34,Fridhemsplan,2,20.1,20211013-2
292,2021-10-13 15:37:34,Fridhemsplan,5,14.62,20211013-2
293,2021-10-13 15:37:35,Fridhemsplan,2,20.16,20211013-2
294,2021-10-13 15:37:35,Fridhemsplan,5,14.69,20211013-2
295,2021-10-13 15:37:36,Fridhemsplan,2,20.2,20211013-2
296,2021-10-13 15:37:36,Fridhemsplan,5,14.79,20211013-2
297,2021-10-13 15:37:37,Fridhemsplan,2,20.14,20211013-2
298,2021-10-13 15:37:37,Fridhemsplan,5,14.92,20211013-2
299,2021-10-13 15:37:38,Fridhemsplan,2,20.17,20211013-2
300,2021-10-13 15:37:38,Fridhemsplan,5,14.95,20211013-2
301,2021-10-13 15:37:39,Fridhemsplan,2,20.31,20211013-2
302,2021-10-13 15:37:39,Fridhemsplan,5,14.88,20211013-2
303,2021-10-13 15:37:40,Fridhemsplan,2,20.38,20211013-2
304,2021-10-13 15:37:40,Fridhemsplan,5,14.94,20211013-2
305,2021-10-13 15:37:41,Fridhemsplan,2,20.49,20211013-2
306,2021-10-13 15:37:41,Fridhemsplan,2,20.57,20211013-2
307,2021-10-13 15:37:41,Fridhemsplan,5,14.97,20211013-2
308,2021-10-13 15:37:42,Fridhemsplan,5,14.94,20211013-2
309,2021-10-13 15:37:43,Fridhemsplan,2,20.69,20211013-2
310,2021-10-13 15:37:43,Fridhemsplan,5,14.91,20211013-2
311,2021-10-13 15:37:44,Fridhemsplan,2,20.75,20211013-2
312,2021-10-13 15:37:45,Fridhemsplan,2,20.81,20211013-2
313,2021-10-13 15:37:45,Fridhemsplan,5,14.86,20211013-2
314,2021-10-13 15:37:46,Fridhemsplan,2,20.94,20211013-2
315,2021-10-13 15:37:46,Fridhemsplan,5,14.78,20211013-2
316,2021-10-13 15:37:47,Fridhemsplan,2,21.02,20211013-2
317,2021-10-13 15:37:47,Fridhemsplan,5,14.77,20211013-2
318,2021-10-13 15:37:48,Fridhemsplan,2,21.09,20211013-2
319,2021-10-13 15:37:48,Fridhemsplan,5,14.77,20211013-2
320,2021-10-13 15:37:49,Fridhemsplan,2,21.14,20211013-2
321,2021-10-13 15:37:49,Fridhemsplan,5,14.83,20211013-2
322,2021-10-13 15:37:50,Fridhemsplan,5,14.92,20211013-2
323,2021-10-13 15:37:51,Fridhemsplan,2,21.11,20211013-2
324,2021-10-13 15:37:51,Fridhemsplan,5,15.01,20211013-2
325,2021-10-13 15:37:52,Fridhemsplan,2,21.22,20211013-2
326,2021-10-13 15:37:52,Fridhemsplan,5,15.07,20211013-2
327,2021-10-13 15:37:53,Fridhemsplan,2,21.34,20211013-2
328,2021-10-13 15:37:53,Fridhemsplan,5,15.16,20211013-2
329,2021-10-13 15:37:54,Fridhemsplan,2,21.45,20211013-2
330,2021-10-13 15:37:54,Fridhemsplan,2,21.53,20211013-2
331,2021-10-13 15:37:54,Fridhemsplan,5,15.31,20211013-2
332,2021-10-13 15:37:55,Fridhemsplan,5,15.46,20211013-2
333,2021-10-13 15:37:56,Fridhemsplan,2,21.67,20211013-2
334,2021-10-13 15:37:56,Fridhemsplan,5,15.58,20211013-2
335,2021-10-13 15:37:57,Fridhemsplan,2,21.8,20211013-2
336,2021-10-13 15:37:58,Fridhemsplan,2,21.89,20211013-2
337,2021-10-13 15:37:58,Fridhemsplan,5,15.63,20211013-2
338,2021-10-13 15:37:59,Fridhemsplan,2,21.96,20211013-2
339,2021-10-13 15:37:59,Fridhemsplan,5,15.66,20211013-2
340,2021-10-13 15:38:00,Fridhemsplan,2,22.01,20211013-2
341,2021-10-13 15:38:00,Fridhemsplan,5,15.7,20211013-2
342,2021-10-13 15:38:01,Fridhemsplan,2,22.07,20211013-2
343,2021-10-13 15:38:01,Fridhemsplan,5,15.71,20211013-2
344,2021-10-13 15:38:02,Fridhemsplan,2,22.1,20211013-2
345,2021-10-13 15:38:02,Fridhemsplan,5,15.7,20211013-2
346,2021-10-13 15:38:03,Fridhemsplan,2,22.12,20211013-2
347,2021-10-13 15:38:03,Fridhemsplan,5,15.69,20211013-2
348,2021-10-13 15:38:04,Fridhemsplan,2,22.11,20211013-2
349,2021-10-13 15:38:04,Fridhemsplan,5,15.66,20211013-2
350,2021-10-13 15:38:05,Fridhemsplan,2,22.05,20211013-2
351,2021-10-13 15:38:05,Fridhemsplan,5,15.79,20211013-2
352,2021-10-13 15:38:06,Fridhemsplan,2,22.0,20211013-2
353,2021-10-13 15:38:06,Fridhemsplan,5,16.02,20211013-2
354,2021-10-13 15:38:07,Fridhemsplan,2,22.18,20211013-2
355,2021-10-13 15:38:07,Fridhemsplan,5,16.06,20211013-2
356,2021-10-13 15:38:08,Fridhemsplan,5,16.14,20211013-2
357,2021-10-13 15:38:09,Fridhemsplan,2,22.25,20211013-2
358,2021-10-13 15:38:09,Fridhemsplan,5,16.27,20211013-2
359,2021-10-13 15:38:10,Fridhemsplan,2,22.35,20211013-2
360,2021-10-13 15:38:11,Fridhemsplan,2,22.41,20211013-2
361,2021-10-13 15:38:11,Fridhemsplan,5,16.43,20211013-2
362,2021-10-13 15:38:12,Fridhemsplan,2,22.33,20211013-2
363,2021-10-13 15:38:12,Fridhemsplan,5,16.58,20211013-2
364,2021-10-13 15:38:13,Fridhemsplan,2,22.25,20211013-2
365,2021-10-13 15:38:13,Fridhemsplan,5,16.67,20211013-2
366,2021-10-13 15:38:14,Fridhemsplan,2,22.14,20211013-2
367,2021-10-13 15:38:14,Fridhemsplan,5,16.76,20211013-2
368,2021-10-13 15:38:15,Fridhemsplan,2,22.07,20211013-2
369,2021-10-13 15:38:15,Fridhemsplan,5,16.81,20211013-2
370,2021-10-13 15:38:16,Fridhemsplan,2,22.04,20211013-2
371,2021-10-13 15:38:16,Fridhemsplan,5,16.85,20211013-2
372,2021-10-13 15:38:17,Fridhemsplan,2,22.04,20211013-2
373,2021-10-13 15:38:17,Fridhemsplan,5,16.93,20211013-2
374,2021-10-13 15:38:18,Fridhemsplan,2,22.06,20211013-2
375,2021-10-13 15:38:18,Fridhemsplan,5,17.03,20211013-2
376,2021-10-13 15:38:19,Fridhemsplan,2,21.94,20211013-2
377,2021-10-13 15:38:19,Fridhemsplan,5,17.08,20211013-2
378,2021-10-13 15:38:20,Fridhemsplan,2,21.93,20211013-2
379,2021-10-13 15:38:20,Fridhemsplan,5,17.11,20211013-2
380,2021-10-13 15:38:21,Fridhemsplan,5,17.22,20211013-2
381,2021-10-13 15:38:22,Fridhemsplan,2,21.92,20211013-2
382,2021-10-13 15:38:22,Fridhemsplan,5,17.25,20211013-2
383,2021-10-13 15:38:23,Fridhemsplan,2,21.89,20211013-2
384,2021-10-13 15:38:24,Fridhemsplan,2,21.89,20211013-2
385,2021-10-13 15:38:24,Fridhemsplan,5,17.3,20211013-2
386,2021-10-13 15:38:25,Fridhemsplan,2,21.9,20211013-2
387,2021-10-13 15:38:25,Fridhemsplan,5,17.37,20211013-2
388,2021-10-13 15:38:26,Fridhemsplan,2,21.99,20211013-2
389,2021-10-13 15:38:26,Fridhemsplan,5,17.42,20211013-2
390,2021-10-13 15:38:27,Fridhemsplan,2,22.0,20211013-2
391,2021-10-13 15:38:27,Fridhemsplan,5,17.35,20211013-2
392,2021-10-13 15:38:28,Fridhemsplan,2,21.95,20211013-2
393,2021-10-13 15:38:28,Fridhemsplan,5,17.3,20211013-2
394,2021-10-13 15:38:29,Fridhemsplan,2,21.97,20211013-2
395,2021-10-13 15:38:29,Fridhemsplan,5,17.36,20211013-2
396,2021-10-13 15:38:30,Fridhemsplan,2,22.02,20211013-2
397,2021-10-13 15:38:30,Fridhemsplan,5,17.44,20211013-2
398,2021-10-13 15:38:31,Fridhemsplan,2,22.17,20211013-2
399,2021-10-13 15:38:31,Fridhemsplan,5,17.5,20211013-2
400,2021-10-13 15:38:32,Fridhemsplan,2,22.42,20211013-2
401,2021-10-13 15:38:32,Fridhemsplan,5,17.61,20211013-2
402,2021-10-13 15:38:33,Fridhemsplan,2,22.85,20211013-2
403,2021-10-13 15:38:33,Fridhemsplan,5,17.72,20211013-2
404,2021-10-13 15:38:34,Fridhemsplan,5,17.84,20211013-2
405,2021-10-13 15:38:35,Fridhemsplan,2,23.07,20211013-2
406,2021-10-13 15:38:35,Fridhemsplan,5,17.83,20211013-2
407,2021-10-13 15:38:35,Fridhemsplan,5,17.74,20211013-2
408,2021-10-13 15:38:36,Fridhemsplan,2,23.36,20211013-2
409,2021-10-13 15:38:37,Fridhemsplan,2,23.71,20211013-2
410,2021-10-13 15:38:37,Fridhemsplan,5,17.79,20211013-2
411,2021-10-13 15:38:38,Fridhemsplan,2,24.07,20211013-2
412,2021-10-13 15:38:38,Fridhemsplan,5,17.82,20211013-2
413,2021-10-13 15:38:39,Fridhemsplan,2,24.47,20211013-2
414,2021-10-13 15:38:39,Fridhemsplan,5,17.88,20211013-2
415,2021-10-13 15:38:40,Fridhemsplan,2,24.73,20211013-2
416,2021-10-13 15:38:40,Fridhemsplan,5,17.87,20211013-2
417,2021-10-13 15:38:41,Fridhemsplan,2,25.1,20211013-2
418,2021-10-13 15:38:42,Fridhemsplan,2,25.33,20211013-2
419,2021-10-13 15:38:42,Fridhemsplan,5,17.88,20211013-2
420,2021-10-13 15:38:43,Fridhemsplan,2,25.55,20211013-2
421,2021-10-13 15:38:43,Fridhemsplan,5,17.83,20211013-2
422,2021-10-13 15:38:44,Fridhemsplan,2,25.83,20211013-2
423,2021-10-13 15:38:44,Fridhemsplan,5,17.78,20211013-2
424,2021-10-13 15:38:45,Fridhemsplan,2,26.12,20211013-2
425,2021-10-13 15:38:45,Fridhemsplan,5,17.67,20211013-2
426,2021-10-13 15:38:46,Fridhemsplan,2,26.43,20211013-2
427,2021-10-13 15:38:46,Fridhemsplan,5,17.61,20211013-2
428,2021-10-13 15:38:47,Fridhemsplan,5,17.58,20211013-2
429,2021-10-13 15:38:48,Fridhemsplan,2,26.69,20211013-2
430,2021-10-13 15:38:48,Fridhemsplan,5,17.59,20211013-2
431,2021-10-13 15:38:48,Fridhemsplan,5,17.59,20211013-2
432,2021-10-13 15:38:49,Fridhemsplan,2,26.7,20211013-2
433,2021-10-13 15:38:50,Fridhemsplan,2,26.74,20211013-2
434,2021-10-13 15:38:50,Fridhemsplan,5,17.56,20211013-2
435,2021-10-13 15:38:51,Fridhemsplan,2,26.74,20211013-2
436,2021-10-13 15:38:51,Fridhemsplan,5,17.5,20211013-2
437,2021-10-13 15:38:52,Fridhemsplan,2,26.77,20211013-2
438,2021-10-13 15:38:52,Fridhemsplan,5,17.33,20211013-2
439,2021-10-13 15:38:53,Fridhemsplan,2,26.81,20211013-2
440,2021-10-13 15:38:53,Fridhemsplan,5,17.16,20211013-2
441,2021-10-13 15:38:54,Fridhemsplan,2,26.91,20211013-2
442,2021-10-13 15:38:54,Fridhemsplan,5,16.98,20211013-2
443,2021-10-13 15:38:55,Fridhemsplan,2,26.91,20211013-2
444,2021-10-13 15:38:55,Fridhemsplan,5,16.79,20211013-2
445,2021-10-13 15:38:56,Fridhemsplan,2,26.81,20211013-2
446,2021-10-13 15:38:56,Fridhemsplan,5,16.6,20211013-2
447,2021-10-13 15:38:57,Fridhemsplan,2,26.65,20211013-2
448,2021-10-13 15:38:57,Fridhemsplan,5,16.41,20211013-2
449,2021-10-13 15:38:58,Fridhemsplan,2,26.4,20211013-2
450,2021-10-13 15:38:58,Fridhemsplan,5,16.25,20211013-2
451,2021-10-13 15:38:59,Fridhemsplan,2,26.24,20211013-2
452,2021-10-13 15:38:59,Fridhemsplan,2,26.07,20211013-2
453,2021-10-13 15:38:59,Fridhemsplan,5,16.14,20211013-2
454,2021-10-13 15:39:01,Fridhemsplan,2,25.89,20211013-2
455,2021-10-13 15:39:01,Fridhemsplan,5,16.19,20211013-2
456,2021-10-13 15:39:01,Fridhemsplan,5,16.18,20211013-2
457,2021-10-13 15:39:02,Fridhemsplan,2,25.51,20211013-2
458,2021-10-13 15:39:03,Fridhemsplan,5,16.12,20211013-2
459,2021-10-13 15:39:04,Fridhemsplan,2,25.56,20211013-2
460,2021-10-13 15:39:04,Fridhemsplan,5,16.18,20211013-2
461,2021-10-13 15:39:05,Fridhemsplan,2,25.58,20211013-2
462,2021-10-13 15:39:05,Fridhemsplan,5,16.23,20211013-2
463,2021-10-13 15:39:06,Fridhemsplan,2,25.6,20211013-2
464,2021-10-13 15:39:06,Fridhemsplan,5,16.2,20211013-2
465,2021-10-13 15:39:07,Fridhemsplan,2,25.58,20211013-2
466,2021-10-13 15:39:07,Fridhemsplan,5,16.18,20211013-2
467,2021-10-13 15:39:08,Fridhemsplan,2,25.55,20211013-2
468,2021-10-13 15:39:08,Fridhemsplan,5,16.08,20211013-2
469,2021-10-13 15:39:09,Fridhemsplan,2,25.51,20211013-2
470,2021-10-13 15:39:09,Fridhemsplan,5,16.02,20211013-2
471,2021-10-13 15:39:10,Fridhemsplan,2,25.46,20211013-2
472,2021-10-13 15:39:10,Fridhemsplan,5,16.01,20211013-2
473,2021-10-13 15:39:11,Fridhemsplan,2,25.27,20211013-2
474,2021-10-13 15:39:11,Fridhemsplan,5,15.89,20211013-2
475,2021-10-13 15:39:12,Fridhemsplan,2,25.05,20211013-2
476,2021-10-13 15:39:12,Fridhemsplan,2,24.95,20211013-2
477,2021-10-13 15:39:12,Fridhemsplan,5,15.82,20211013-2
478,2021-10-13 15:39:14,Fridhemsplan,2,24.84,20211013-2
479,2021-10-13 15:39:14,Fridhemsplan,5,15.74,20211013-2
480,2021-10-13 15:39:14,Fridhemsplan,5,15.73,20211013-2
481,2021-10-13 15:39:15,Fridhemsplan,2,24.79,20211013-2
482,2021-10-13 15:39:16,Fridhemsplan,2,24.72,20211013-2
483,2021-10-13 15:39:16,Fridhemsplan,5,15.72,20211013-2
484,2021-10-13 15:39:17,Fridhemsplan,2,24.6,20211013-2
485,2021-10-13 15:39:17,Fridhemsplan,5,15.71,20211013-2
486,2021-10-13 15:39:18,Fridhemsplan,2,24.47,20211013-2
487,2021-10-13 15:39:18,Fridhemsplan,5,15.71,20211013-2
488,2021-10-13 15:39:19,Fridhemsplan,2,24.38,20211013-2
489,2021-10-13 15:39:19,Fridhemsplan,5,15.68,20211013-2
490,2021-10-13 15:39:20,Fridhemsplan,2,24.37,20211013-2
491,2021-10-13 15:39:20,Fridhemsplan,5,15.64,20211013-2
492,2021-10-13 15:39:21,Fridhemsplan,2,24.45,20211013-2
493,2021-10-13 15:39:21,Fridhemsplan,5,15.59,20211013-2
494,2021-10-13 15:39:22,Fridhemsplan,2,24.54,20211013-2
495,2021-10-13 15:39:22,Fridhemsplan,5,15.52,20211013-2
496,2021-10-13 15:39:23,Fridhemsplan,5,15.55,20211013-2
497,2021-10-13 15:39:24,Fridhemsplan,2,24.57,20211013-2
498,2021-10-13 15:39:24,Fridhemsplan,5,15.5,20211013-2
499,2021-10-13 15:39:25,Fridhemsplan,2,24.54,20211013-2
500,2021-10-13 15:39:25,Fridhemsplan,2,24.51,20211013-2
501,2021-10-13 15:39:25,Fridhemsplan,5,15.46,20211013-2
502,2021-10-13 15:39:26,Fridhemsplan,5,15.44,20211013-2
503,2021-10-13 15:39:27,Fridhemsplan,2,24.55,20211013-2
504,2021-10-13 15:39:27,Fridhemsplan,5,15.4,20211013-2
505,2021-10-13 15:39:28,Fridhemsplan,2,24.66,20211013-2
506,2021-10-13 15:39:29,Fridhemsplan,2,24.75,20211013-2
507,2021-10-13 15:39:29,Fridhemsplan,5,15.44,20211013-2
508,2021-10-13 15:39:30,Fridhemsplan,2,24.9,20211013-2
509,2021-10-13 15:39:30,Fridhemsplan,5,15.42,20211013-2
510,2021-10-13 15:39:31,Fridhemsplan,2,25.11,20211013-2
511,2021-10-13 15:39:31,Fridhemsplan,5,15.45,20211013-2
512,2021-10-13 15:39:32,Fridhemsplan,2,25.08,20211013-2
513,2021-10-13 15:39:32,Fridhemsplan,5,15.54,20211013-2
514,2021-10-13 15:39:33,Fridhemsplan,2,25.07,20211013-2
515,2021-10-13 15:39:33,Fridhemsplan,5,15.62,20211013-2
516,2021-10-13 15:39:34,Fridhemsplan,2,25.0,20211013-2
517,2021-10-13 15:39:34,Fridhemsplan,5,15.67,20211013-2
518,2021-10-13 15:39:35,Fridhemsplan,2,24.9,20211013-2
519,2021-10-13 15:39:35,Fridhemsplan,5,15.67,20211013-2
520,2021-10-13 15:39:36,Fridhemsplan,2,24.7,20211013-2
521,2021-10-13 15:39:36,Fridhemsplan,5,15.57,20211013-2
522,2021-10-13 15:39:37,Fridhemsplan,2,24.42,20211013-2
523,2021-10-13 15:39:37,Fridhemsplan,5,15.47,20211013-2
524,2021-10-13 15:39:38,Fridhemsplan,2,24.16,20211013-2
525,2021-10-13 15:39:38,Fridhemsplan,5,15.35,20211013-2
526,2021-10-13 15:39:39,Fridhemsplan,5,15.25,20211013-2
527,2021-10-13 15:39:40,Fridhemsplan,2,23.92,20211013-2
528,2021-10-13 15:39:40,Fridhemsplan,5,15.17,20211013-2
529,2021-10-13 15:39:41,Fridhemsplan,2,23.64,20211013-2
530,2021-10-13 15:39:42,Fridhemsplan,2,23.26,20211013-2
531,2021-10-13 15:39:42,Fridhemsplan,5,15.1,20211013-2
532,2021-10-13 15:39:43,Fridhemsplan,2,22.92,20211013-2
533,2021-10-13 15:39:43,Fridhemsplan,5,14.95,20211013-2
534,2021-10-13 15:39:44,Fridhemsplan,2,22.66,20211013-2
535,2021-10-13 15:39:44,Fridhemsplan,5,14.82,20211013-2
536,2021-10-13 15:39:45,Fridhemsplan,2,22.51,20211013-2
537,2021-10-13 15:39:45,Fridhemsplan,5,14.59,20211013-2
538,2021-10-13 15:42:30,Thorildsplan,2,6.94,20211013-2
539,2021-10-13 15:42:31,Thorildsplan,2,6.62,20211013-2
540,2021-10-13 15:42:31,Thorildsplan,5,5.6,20211013-2
541,2021-10-13 15:42:32,Thorildsplan,2,6.29,20211013-2
542,2021-10-13 15:42:32,Thorildsplan,5,5.35,20211013-2
543,2021-10-13 15:42:33,Thorildsplan,2,5.99,20211013-2
544,2021-10-13 15:42:33,Thorildsplan,5,5.12,20211013-2
545,2021-10-13 15:42:34,Thorildsplan,2,5.71,20211013-2
546,2021-10-13 15:42:34,Thorildsplan,5,4.89,20211013-2
547,2021-10-13 15:42:35,Thorildsplan,2,5.42,20211013-2
548,2021-10-13 15:42:35,Thorildsplan,5,4.67,20211013-2
549,2021-10-13 15:42:36,Thorildsplan,2,5.15,20211013-2
550,2021-10-13 15:42:36,Thorildsplan,5,4.44,20211013-2
551,2021-10-13 15:42:37,Thorildsplan,2,4.9,20211013-2
552,2021-10-13 15:42:37,Thorildsplan,5,4.21,20211013-2
553,2021-10-13 15:42:38,Thorildsplan,2,4.66,20211013-2
554,2021-10-13 15:42:38,Thorildsplan,5,4.01,20211013-2
555,2021-10-13 15:42:39,Thorildsplan,5,3.82,20211013-2
556,2021-10-13 15:42:40,Thorildsplan,2,4.21,20211013-2
557,2021-10-13 15:42:40,Thorildsplan,2,4.0,20211013-2
558,2021-10-13 15:42:40,Thorildsplan,5,3.64,20211013-2
559,2021-10-13 15:42:41,Thorildsplan,5,3.29,20211013-2
560,2021-10-13 15:42:42,Thorildsplan,2,3.79,20211013-2
561,2021-10-13 15:42:42,Thorildsplan,5,3.12,20211013-2
562,2021-10-13 15:42:43,Thorildsplan,2,3.64,20211013-2
563,2021-10-13 15:42:44,Thorildsplan,2,3.49,20211013-2
564,2021-10-13 15:42:44,Thorildsplan,5,2.95,20211013-2
565,2021-10-13 15:42:45,Thorildsplan,2,3.35,20211013-2
566,2021-10-13 15:42:45,Thorildsplan,5,2.81,20211013-2
567,2021-10-13 15:42:46,Thorildsplan,2,3.23,20211013-2
568,2021-10-13 15:42:46,Thorildsplan,5,2.68,20211013-2
569,2021-10-13 15:42:47,Thorildsplan,2,3.1,20211013-2
570,2021-10-13 15:42:47,Thorildsplan,5,2.54,20211013-2
571,2021-10-13 15:42:48,Thorildsplan,2,2.97,20211013-2
572,2021-10-13 15:42:48,Thorildsplan,5,2.43,20211013-2
573,2021-10-13 15:42:49,Thorildsplan,2,2.86,20211013-2
574,2021-10-13 15:42:49,Thorildsplan,5,2.33,20211013-2
575,2021-10-13 15:42:50,Thorildsplan,2,2.81,20211013-2
576,2021-10-13 15:42:50,Thorildsplan,5,2.24,20211013-2
577,2021-10-13 15:42:51,Thorildsplan,2,2.78,20211013-2
578,2021-10-13 15:42:51,Thorildsplan,5,2.14,20211013-2
579,2021-10-13 15:42:52,Thorildsplan,2,2.75,20211013-2
580,2021-10-13 15:42:52,Thorildsplan,5,2.04,20211013-2
581,2021-10-13 15:42:53,Thorildsplan,2,2.7,20211013-2
582,2021-10-13 15:42:53,Thorildsplan,5,1.96,20211013-2
583,2021-10-13 15:42:54,Thorildsplan,5,1.9,20211013-2
584,2021-10-13 15:42:55,Thorildsplan,2,2.82,20211013-2
585,2021-10-13 15:42:55,Thorildsplan,5,1.85,20211013-2
586,2021-10-13 15:42:56,Thorildsplan,2,2.92,20211013-2
587,2021-10-13 15:42:57,Thorildsplan,2,3.01,20211013-2
588,2021-10-13 15:42:57,Thorildsplan,5,1.75,20211013-2
589,2021-10-13 15:42:58,Thorildsplan,2,3.06,20211013-2
590,2021-10-13 15:42:58,Thorildsplan,5,1.73,20211013-2
591,2021-10-13 15:42:59,Thorildsplan,2,3.13,20211013-2
592,2021-10-13 15:42:59,Thorildsplan,5,1.73,20211013-2
593,2021-10-13 15:43:00,Thorildsplan,2,3.18,20211013-2
594,2021-10-13 15:43:00,Thorildsplan,5,1.75,20211013-2
595,2021-10-13 15:43:01,Thorildsplan,2,3.2,20211013-2
596,2021-10-13 15:43:01,Thorildsplan,5,1.75,20211013-2
597,2021-10-13 15:43:02,Thorildsplan,2,3.21,20211013-2
598,2021-10-13 15:43:02,Thorildsplan,5,1.76,20211013-2
599,2021-10-13 15:43:03,Thorildsplan,2,3.23,20211013-2
600,2021-10-13 15:43:03,Thorildsplan,5,1.77,20211013-2
601,2021-10-13 15:43:04,Thorildsplan,2,3.22,20211013-2
602,2021-10-13 15:43:04,Thorildsplan,5,1.77,20211013-2
603,2021-10-13 15:43:05,Thorildsplan,2,3.3,20211013-2
604,2021-10-13 15:43:05,Thorildsplan,5,1.79,20211013-2
605,2021-10-13 15:43:06,Thorildsplan,2,3.41,20211013-2
606,2021-10-13 15:43:06,Thorildsplan,5,1.81,20211013-2
607,2021-10-13 15:43:07,Thorildsplan,5,1.81,20211013-2
608,2021-10-13 15:43:08,Thorildsplan,2,3.46,20211013-2
609,2021-10-13 15:43:08,Thorildsplan,5,1.82,20211013-2
610,2021-10-13 15:43:09,Thorildsplan,2,3.46,20211013-2
611,2021-10-13 15:43:10,Thorildsplan,2,3.43,20211013-2
612,2021-10-13 15:43:10,Thorildsplan,5,1.81,20211013-2
613,2021-10-13 15:43:11,Thorildsplan,2,3.39,20211013-2
614,2021-10-13 15:43:11,Thorildsplan,5,1.81,20211013-2
615,2021-10-13 15:43:12,Thorildsplan,2,3.36,20211013-2
616,2021-10-13 15:43:12,Thorildsplan,5,1.82,20211013-2
617,2021-10-13 15:43:13,Thorildsplan,2,3.3,20211013-2
618,2021-10-13 15:43:13,Thorildsplan,5,1.82,20211013-2
619,2021-10-13 15:43:14,Thorildsplan,2,3.24,20211013-2
620,2021-10-13 15:43:14,Thorildsplan,5,1.82,20211013-2
621,2021-10-13 15:43:15,Thorildsplan,2,3.19,20211013-2
622,2021-10-13 15:43:15,Thorildsplan,5,1.83,20211013-2
623,2021-10-13 15:43:16,Thorildsplan,2,3.11,20211013-2
624,2021-10-13 15:43:16,Thorildsplan,5,1.84,20211013-2
625,2021-10-13 15:43:17,Thorildsplan,2,3.03,20211013-2
626,2021-10-13 15:43:17,Thorildsplan,5,1.84,20211013-2
627,2021-10-13 15:43:18,Thorildsplan,2,2.96,20211013-2
628,2021-10-13 15:43:18,Thorildsplan,5,1.88,20211013-2
629,2021-10-13 15:43:19,Thorildsplan,2,2.88,20211013-2
630,2021-10-13 15:43:19,Thorildsplan,5,1.91,20211013-2
631,2021-10-13 15:43:20,Thorildsplan,5,1.94,20211013-2
632,2021-10-13 15:43:21,Thorildsplan,2,2.82,20211013-2
633,2021-10-13 15:43:21,Thorildsplan,5,1.95,20211013-2
634,2021-10-13 15:43:22,Thorildsplan,2,2.76,20211013-2
635,2021-10-13 15:43:23,Thorildsplan,2,2.68,20211013-2
636,2021-10-13 15:43:23,Thorildsplan,5,1.95,20211013-2
637,2021-10-13 15:43:24,Thorildsplan,2,2.65,20211013-2
638,2021-10-13 15:43:24,Thorildsplan,5,1.93,20211013-2
639,2021-10-13 15:43:25,Thorildsplan,2,2.61,20211013-2
640,2021-10-13 15:43:25,Thorildsplan,5,1.89,20211013-2
641,2021-10-13 15:43:26,Thorildsplan,2,2.56,20211013-2
642,2021-10-13 15:43:26,Thorildsplan,5,1.87,20211013-2
643,2021-10-13 15:43:27,Thorildsplan,2,2.52,20211013-2
644,2021-10-13 15:43:27,Thorildsplan,5,1.86,20211013-2
645,2021-10-13 15:43:28,Thorildsplan,2,2.51,20211013-2
646,2021-10-13 15:43:28,Thorildsplan,5,1.86,20211013-2
647,2021-10-13 15:43:29,Thorildsplan,2,2.49,20211013-2
648,2021-10-13 15:43:29,Thorildsplan,5,1.85,20211013-2
649,2021-10-13 15:43:30,Thorildsplan,2,2.45,20211013-2
650,2021-10-13 15:43:30,Thorildsplan,5,1.83,20211013-2
651,2021-10-13 15:43:31,Thorildsplan,2,2.39,20211013-2
652,2021-10-13 15:43:31,Thorildsplan,5,1.83,20211013-2
653,2021-10-13 15:43:32,Thorildsplan,2,2.33,20211013-2
654,2021-10-13 15:43:32,Thorildsplan,5,1.81,20211013-2
655,2021-10-13 15:43:33,Thorildsplan,5,1.78,20211013-2
656,2021-10-13 15:43:34,Thorildsplan,2,2.27,20211013-2
657,2021-10-13 15:43:34,Thorildsplan,5,1.74,20211013-2
658,2021-10-13 15:43:35,Thorildsplan,2,2.19,20211013-2
659,2021-10-13 15:43:36,Thorildsplan,2,2.12,20211013-2
660,2021-10-13 15:43:36,Thorildsplan,5,1.7,20211013-2
661,2021-10-13 15:43:37,Thorildsplan,2,2.04,20211013-2
662,2021-10-13 15:43:37,Thorildsplan,5,1.65,20211013-2
663,2021-10-13 15:43:38,Thorildsplan,2,1.92,20211013-2
664,2021-10-13 15:43:38,Thorildsplan,5,1.62,20211013-2
665,2021-10-13 15:43:39,Thorildsplan,2,1.85,20211013-2
666,2021-10-13 15:43:39,Thorildsplan,5,1.6,20211013-2
667,2021-10-13 15:43:40,Thorildsplan,2,1.82,20211013-2
668,2021-10-13 15:43:40,Thorildsplan,5,1.57,20211013-2
669,2021-10-13 15:43:41,Thorildsplan,2,1.8,20211013-2
670,2021-10-13 15:43:41,Thorildsplan,5,1.52,20211013-2
671,2021-10-13 15:43:42,Thorildsplan,2,1.77,20211013-2
672,2021-10-13 15:43:42,Thorildsplan,5,1.51,20211013-2
673,2021-10-13 15:43:43,Thorildsplan,2,1.74,20211013-2
674,2021-10-13 15:43:43,Thorildsplan,5,1.49,20211013-2
675,2021-10-13 15:43:44,Thorildsplan,2,1.69,20211013-2
676,2021-10-13 15:43:44,Thorildsplan,5,1.49,20211013-2
677,2021-10-13 15:43:45,Thorildsplan,2,1.66,20211013-2
678,2021-10-13 15:43:45,Thorildsplan,2,1.61,20211013-2
679,2021-10-13 15:43:45,Thorildsplan,5,1.48,20211013-2
680,2021-10-13 15:45:30,Kristineberg,5,2.65,20211013-2
681,2021-10-13 15:45:31,Kristineberg,2,4.19,20211013-2
682,2021-10-13 15:45:31,Kristineberg,5,2.64,20211013-2
683,2021-10-13 15:45:32,Kristineberg,2,3.98,20211013-2
684,2021-10-13 15:45:33,Kristineberg,2,3.85,20211013-2
685,2021-10-13 15:45:33,Kristineberg,5,2.62,20211013-2
686,2021-10-13 15:45:34,Kristineberg,2,3.71,20211013-2
687,2021-10-13 15:45:34,Kristineberg,5,2.61,20211013-2
688,2021-10-13 15:45:35,Kristineberg,2,3.57,20211013-2
689,2021-10-13 15:45:35,Kristineberg,5,2.59,20211013-2
690,2021-10-13 15:45:36,Kristineberg,2,3.45,20211013-2
691,2021-10-13 15:45:36,Kristineberg,5,2.58,20211013-2
692,2021-10-13 15:45:37,Kristineberg,2,3.35,20211013-2
693,2021-10-13 15:45:37,Kristineberg,5,2.54,20211013-2
694,2021-10-13 15:45:38,Kristineberg,2,3.26,20211013-2
695,2021-10-13 15:45:38,Kristineberg,5,2.51,20211013-2
696,2021-10-13 15:45:39,Kristineberg,2,3.17,20211013-2
697,2021-10-13 15:45:39,Kristineberg,5,2.51,20211013-2
698,2021-10-13 15:45:40,Kristineberg,2,3.1,20211013-2
699,2021-10-13 15:45:40,Kristineberg,5,2.48,20211013-2
700,2021-10-13 15:45:41,Kristineberg,2,3.04,20211013-2
701,2021-10-13 15:45:41,Kristineberg,5,2.48,20211013-2
702,2021-10-13 15:45:42,Kristineberg,2,2.99,20211013-2
703,2021-10-13 15:45:42,Kristineberg,5,2.45,20211013-2
704,2021-10-13 15:45:43,Kristineberg,5,2.41,20211013-2
705,2021-10-13 15:45:44,Kristineberg,2,2.94,20211013-2
706,2021-10-13 15:45:44,Kristineberg,5,2.35,20211013-2
707,2021-10-13 15:45:44,Kristineberg,5,2.31,20211013-2
708,2021-10-13 15:45:45,Kristineberg,2,2.91,20211013-2
709,2021-10-13 15:45:46,Kristineberg,2,2.88,20211013-2
710,2021-10-13 15:45:46,Kristineberg,5,2.26,20211013-2
711,2021-10-13 15:45:47,Kristineberg,2,2.89,20211013-2
712,2021-10-13 15:45:47,Kristineberg,5,2.2,20211013-2
713,2021-10-13 15:45:48,Kristineberg,2,2.9,20211013-2
714,2021-10-13 15:45:48,Kristineberg,5,2.12,20211013-2
715,2021-10-13 15:45:49,Kristineberg,2,2.9,20211013-2
716,2021-10-13 15:45:49,Kristineberg,5,2.04,20211013-2
717,2021-10-13 15:45:50,Kristineberg,2,2.89,20211013-2
718,2021-10-13 15:45:50,Kristineberg,5,1.91,20211013-2
719,2021-10-13 15:45:51,Kristineberg,2,2.84,20211013-2
720,2021-10-13 15:45:51,Kristineberg,5,1.85,20211013-2
721,2021-10-13 15:45:52,Kristineberg,2,2.81,20211013-2
722,2021-10-13 15:45:52,Kristineberg,5,1.79,20211013-2
723,2021-10-13 15:45:53,Kristineberg,2,2.77,20211013-2
724,2021-10-13 15:45:54,Kristineberg,2,2.72,20211013-2
725,2021-10-13 15:45:54,Kristineberg,5,1.72,20211013-2
726,2021-10-13 15:45:54,Kristineberg,5,1.71,20211013-2
727,2021-10-13 15:45:55,Kristineberg,2,2.71,20211013-2
728,2021-10-13 15:45:56,Kristineberg,5,1.69,20211013-2
729,2021-10-13 15:45:57,Kristineberg,2,2.69,20211013-2
730,2021-10-13 15:45:57,Kristineberg,5,1.67,20211013-2
731,2021-10-13 15:45:57,Kristineberg,5,1.65,20211013-2
732,2021-10-13 15:45:58,Kristineberg,2,2.65,20211013-2
733,2021-10-13 15:45:59,Kristineberg,2,2.63,20211013-2
734,2021-10-13 15:45:59,Kristineberg,5,1.62,20211013-2
735,2021-10-13 15:46:00,Kristineberg,2,2.61,20211013-2
736,2021-10-13 15:46:00,Kristineberg,5,1.59,20211013-2
737,2021-10-13 15:46:01,Kristineberg,2,2.64,20211013-2
738,2021-10-13 15:46:01,Kristineberg,5,1.55,20211013-2
739,2021-10-13 15:46:02,Kristineberg,2,2.63,20211013-2
740,2021-10-13 15:46:02,Kristineberg,5,1.52,20211013-2
741,2021-10-13 15:46:03,Kristineberg,2,2.59,20211013-2
742,2021-10-13 15:46:03,Kristineberg,5,1.49,20211013-2
743,2021-10-13 15:46:04,Kristineberg,2,2.57,20211013-2
744,2021-10-13 15:46:04,Kristineberg,5,1.47,20211013-2
745,2021-10-13 15:46:05,Kristineberg,2,2.53,20211013-2
746,2021-10-13 15:46:05,Kristineberg,5,1.42,20211013-2
747,2021-10-13 15:46:06,Kristineberg,2,2.48,20211013-2
748,2021-10-13 15:46:06,Kristineberg,5,1.4,20211013-2
749,2021-10-13 15:46:07,Kristineberg,2,2.43,20211013-2
750,2021-10-13 15:46:07,Kristineberg,5,1.37,20211013-2
751,2021-10-13 15:46:08,Kristineberg,2,2.36,20211013-2
752,2021-10-13 15:46:08,Kristineberg,5,1.35,20211013-2
753,2021-10-13 15:46:09,Kristineberg,5,1.36,20211013-2
754,2021-10-13 15:46:10,Kristineberg,2,2.28,20211013-2
755,2021-10-13 15:46:10,Kristineberg,5,1.36,20211013-2
756,2021-10-13 15:46:11,Kristineberg,2,2.2,20211013-2
757,2021-10-13 15:46:12,Kristineberg,2,2.13,20211013-2
758,2021-10-13 15:46:12,Kristineberg,5,1.34,20211013-2
759,2021-10-13 15:46:13,Kristineberg,2,2.06,20211013-2
760,2021-10-13 15:46:13,Kristineberg,5,1.34,20211013-2
761,2021-10-13 15:46:14,Kristineberg,2,1.98,20211013-2
762,2021-10-13 15:46:14,Kristineberg,5,1.33,20211013-2
763,2021-10-13 15:46:15,Kristineberg,2,1.81,20211013-2
764,2021-10-13 15:46:15,Kristineberg,5,1.31,20211013-2
765,2021-10-13 15:46:16,Kristineberg,2,1.73,20211013-2
766,2021-10-13 15:46:16,Kristineberg,5,1.3,20211013-2
767,2021-10-13 15:46:17,Kristineberg,2,1.65,20211013-2
768,2021-10-13 15:46:17,Kristineberg,5,1.28,20211013-2
769,2021-10-13 15:46:18,Kristineberg,2,1.59,20211013-2
770,2021-10-13 15:46:18,Kristineberg,5,1.27,20211013-2
771,2021-10-13 15:46:19,Kristineberg,2,1.52,20211013-2
772,2021-10-13 15:46:19,Kristineberg,5,1.22,20211013-2
773,2021-10-13 15:46:20,Kristineberg,2,1.46,20211013-2
774,2021-10-13 15:46:20,Kristineberg,5,1.18,20211013-2
775,2021-10-13 15:46:21,Kristineberg,2,1.43,20211013-2
776,2021-10-13 15:46:21,Kristineberg,5,1.15,20211013-2
777,2021-10-13 15:46:22,Kristineberg,5,1.13,20211013-2
778,2021-10-13 15:46:23,Kristineberg,2,1.39,20211013-2
779,2021-10-13 15:46:23,Kristineberg,5,1.11,20211013-2
780,2021-10-13 15:46:24,Kristineberg,2,1.36,20211013-2
781,2021-10-13 15:46:25,Kristineberg,2,1.32,20211013-2
782,2021-10-13 15:46:25,Kristineberg,5,1.08,20211013-2
783,2021-10-13 15:46:26,Kristineberg,2,1.28,20211013-2
784,2021-10-13 15:46:26,Kristineberg,5,1.09,20211013-2
785,2021-10-13 15:46:27,Kristineberg,2,1.27,20211013-2
786,2021-10-13 15:46:27,Kristineberg,5,1.09,20211013-2
787,2021-10-13 15:46:28,Kristineberg,2,1.27,20211013-2
788,2021-10-13 15:46:28,Kristineberg,5,1.1,20211013-2
789,2021-10-13 15:46:29,Kristineberg,2,1.22,20211013-2
790,2021-10-13 15:46:29,Kristineberg,5,1.12,20211013-2
791,2021-10-13 15:46:30,Kristineberg,2,1.23,20211013-2
792,2021-10-13 15:46:30,Kristineberg,5,1.15,20211013-2
793,2021-10-13 15:46:31,Kristineberg,2,1.22,20211013-2
794,2021-10-13 15:46:31,Kristineberg,5,1.16,20211013-2
795,2021-10-13 15:46:32,Kristineberg,2,1.2,20211013-2
796,2021-10-13 15:46:32,Kristineberg,5,1.15,20211013-2
797,2021-10-13 15:46:33,Kristineberg,2,1.21,20211013-2
798,2021-10-13 15:46:33,Kristineberg,5,1.14,20211013-2
799,2021-10-13 15:46:34,Kristineberg,2,1.2,20211013-2
800,2021-10-13 15:46:34,Kristineberg,5,1.12,20211013-2
801,2021-10-13 15:46:35,Kristineberg,5,1.11,20211013-2
802,2021-10-13 15:46:36,Kristineberg,2,1.19,20211013-2
803,2021-10-13 15:46:36,Kristineberg,5,1.14,20211013-2
804,2021-10-13 15:46:37,Kristineberg,2,1.17,20211013-2
805,2021-10-13 15:46:38,Kristineberg,2,1.17,20211013-2
806,2021-10-13 15:46:38,Kristineberg,5,1.15,20211013-2
807,2021-10-13 15:46:39,Kristineberg,2,1.19,20211013-2
808,2021-10-13 15:46:39,Kristineberg,5,1.16,20211013-2
809,2021-10-13 15:46:40,Kristineberg,2,1.21,20211013-2
810,2021-10-13 15:46:40,Kristineberg,5,1.18,20211013-2
811,2021-10-13 15:46:41,Kristineberg,2,1.21,20211013-2
812,2021-10-13 15:46:41,Kristineberg,5,1.18,20211013-2
813,2021-10-13 15:46:42,Kristineberg,2,1.21,20211013-2
814,2021-10-13 15:46:42,Kristineberg,5,1.18,20211013-2
815,2021-10-13 15:46:43,Kristineberg,2,1.23,20211013-2
816,2021-10-13 15:46:43,Kristineberg,5,1.18,20211013-2
817,2021-10-13 15:46:44,Kristineberg,2,1.22,20211013-2
818,2021-10-13 15:46:44,Kristineberg,5,1.19,20211013-2
819,2021-10-13 15:46:45,Kristineberg,2,1.23,20211013-2
820,2021-10-13 15:46:45,Kristineberg,5,1.2,20211013-2
821,2021-10-13 15:46:46,Kristineberg,2,1.22,20211013-2
822,2021-10-13 15:46:46,Kristineberg,5,1.2,20211013-2
823,2021-10-13 15:46:47,Kristineberg,2,1.2,20211013-2
824,2021-10-13 15:46:47,Kristineberg,5,1.2,20211013-2
825,2021-10-13 15:46:48,Kristineberg,5,1.19,20211013-2
826,2021-10-13 15:46:49,Kristineberg,2,1.19,20211013-2
827,2021-10-13 15:46:49,Kristineberg,5,1.15,20211013-2
828,2021-10-13 15:46:50,Kristineberg,2,1.17,20211013-2
829,2021-10-13 15:46:51,Kristineberg,2,1.16,20211013-2
830,2021-10-13 15:46:51,Kristineberg,5,1.14,20211013-2
831,2021-10-13 15:46:52,Kristineberg,2,1.18,20211013-2
832,2021-10-13 15:46:52,Kristineberg,5,1.12,20211013-2
833,2021-10-13 15:46:53,Kristineberg,2,1.19,20211013-2
834,2021-10-13 15:46:53,Kristineberg,5,1.1,20211013-2
835,2021-10-13 15:46:54,Kristineberg,2,1.22,20211013-2
836,2021-10-13 15:46:54,Kristineberg,5,1.09,20211013-2
837,2021-10-13 15:46:55,Kristineberg,2,1.24,20211013-2
838,2021-10-13 15:46:55,Kristineberg,5,1.09,20211013-2
839,2021-10-13 15:46:56,Kristineberg,2,1.28,20211013-2
840,2021-10-13 15:46:56,Kristineberg,5,1.09,20211013-2
841,2021-10-13 15:46:57,Kristineberg,2,1.29,20211013-2
842,2021-10-13 15:46:57,Kristineberg,5,1.08,20211013-2
843,2021-10-13 15:46:58,Kristineberg,2,1.32,20211013-2
844,2021-10-13 15:46:58,Kristineberg,5,1.07,20211013-2
845,2021-10-13 15:46:59,Kristineberg,2,1.31,20211013-2
846,2021-10-13 15:46:59,Kristineberg,5,1.07,20211013-2
847,2021-10-13 15:47:00,Kristineberg,2,1.31,20211013-2
848,2021-10-13 15:47:00,Kristineberg,2,1.31,20211013-2
849,2021-10-13 15:47:00,Kristineberg,5,1.06,20211013-2
850,2021-10-13 15:47:01,Kristineberg,5,1.05,20211013-2
851,2021-10-13 15:47:02,Kristineberg,2,1.32,20211013-2
852,2021-10-13 15:47:02,Kristineberg,5,1.03,20211013-2
853,2021-10-13 15:47:03,Kristineberg,2,1.33,20211013-2
854,2021-10-13 15:47:04,Kristineberg,2,1.33,20211013-2
855,2021-10-13 15:47:04,Kristineberg,5,1.01,20211013-2
856,2021-10-13 15:47:05,Kristineberg,2,1.33,20211013-2
857,2021-10-13 15:47:05,Kristineberg,5,0.96,20211013-2
858,2021-10-13 15:47:06,Kristineberg,2,1.31,20211013-2
859,2021-10-13 15:47:06,Kristineberg,5,0.93,20211013-2
860,2021-10-13 15:47:07,Kristineberg,2,1.3,20211013-2
861,2021-10-13 15:47:07,Kristineberg,5,0.89,20211013-2
862,2021-10-13 15:47:08,Kristineberg,2,1.27,20211013-2
863,2021-10-13 15:47:08,Kristineberg,5,0.85,20211013-2
864,2021-10-13 15:47:09,Kristineberg,2,1.24,20211013-2
865,2021-10-13 15:47:09,Kristineberg,5,0.81,20211013-2
866,2021-10-13 15:47:10,Kristineberg,2,1.21,20211013-2
867,2021-10-13 15:47:10,Kristineberg,5,0.77,20211013-2
868,2021-10-13 15:47:11,Kristineberg,5,0.77,20211013-2
869,2021-10-13 15:47:12,Kristineberg,2,1.16,20211013-2
870,2021-10-13 15:47:12,Kristineberg,5,0.76,20211013-2
871,2021-10-13 15:47:13,Kristineberg,2,1.07,20211013-2
872,2021-10-13 15:47:13,Kristineberg,2,1.06,20211013-2
873,2021-10-13 15:47:13,Kristineberg,5,0.78,20211013-2
874,2021-10-13 15:47:14,Kristineberg,5,0.78,20211013-2
875,2021-10-13 15:47:15,Kristineberg,2,1.06,20211013-2
876,2021-10-13 15:47:15,Kristineberg,5,0.78,20211013-2
877,2021-10-13 15:47:15,Kristineberg,5,0.79,20211013-2
878,2021-10-13 15:47:16,Kristineberg,2,1.06,20211013-2
879,2021-10-13 15:47:17,Kristineberg,2,1.09,20211013-2
880,2021-10-13 15:47:17,Kristineberg,5,0.79,20211013-2
881,2021-10-13 15:47:18,Kristineberg,2,1.12,20211013-2
882,2021-10-13 15:47:18,Kristineberg,5,0.78,20211013-2
883,2021-10-13 15:47:19,Kristineberg,2,1.17,20211013-2
884,2021-10-13 15:47:19,Kristineberg,5,0.78,20211013-2
885,2021-10-13 15:47:20,Kristineberg,2,1.22,20211013-2
886,2021-10-13 15:47:20,Kristineberg,5,0.77,20211013-2
887,2021-10-13 15:47:21,Kristineberg,2,1.24,20211013-2
888,2021-10-13 15:47:21,Kristineberg,5,0.77,20211013-2
889,2021-10-13 15:47:22,Kristineberg,2,1.29,20211013-2
890,2021-10-13 15:47:22,Kristineberg,5,0.77,20211013-2
891,2021-10-13 15:47:23,Kristineberg,2,1.33,20211013-2
892,2021-10-13 15:47:24,Kristineberg,2,1.39,20211013-2
893,2021-10-13 15:47:24,Kristineberg,5,0.76,20211013-2
894,2021-10-13 15:47:25,Kristineberg,2,1.44,20211013-2
895,2021-10-13 15:47:25,Kristineberg,5,0.76,20211013-2
896,2021-10-13 15:47:26,Kristineberg,5,0.75,20211013-2
897,2021-10-13 15:47:27,Kristineberg,2,1.5,20211013-2
898,2021-10-13 15:47:27,Kristineberg,5,0.74,20211013-2
899,2021-10-13 15:47:28,Kristineberg,2,1.51,20211013-2
900,2021-10-13 15:47:28,Kristineberg,5,0.73,20211013-2
901,2021-10-13 15:47:28,Kristineberg,5,0.73,20211013-2
902,2021-10-13 15:47:29,Kristineberg,2,1.52,20211013-2
903,2021-10-13 15:47:30,Kristineberg,2,1.54,20211013-2
904,2021-10-13 15:47:30,Kristineberg,5,0.73,20211013-2
905,2021-10-13 15:47:31,Kristineberg,2,1.55,20211013-2
906,2021-10-13 15:47:31,Kristineberg,5,0.72,20211013-2
907,2021-10-13 15:47:32,Kristineberg,2,1.55,20211013-2
908,2021-10-13 15:47:32,Kristineberg,5,0.72,20211013-2
909,2021-10-13 15:47:33,Kristineberg,2,1.53,20211013-2
910,2021-10-13 15:47:33,Kristineberg,5,0.74,20211013-2
911,2021-10-13 15:47:34,Kristineberg,2,1.5,20211013-2
912,2021-10-13 15:47:34,Kristineberg,5,0.75,20211013-2
913,2021-10-13 15:47:35,Kristineberg,2,1.46,20211013-2
914,2021-10-13 15:47:35,Kristineberg,5,0.75,20211013-2
915,2021-10-13 15:47:36,Kristineberg,2,1.43,20211013-2
916,2021-10-13 15:47:36,Kristineberg,5,0.75,20211013-2
917,2021-10-13 15:47:37,Kristineberg,2,1.4,20211013-2
918,2021-10-13 15:47:37,Kristineberg,5,0.74,20211013-2
919,2021-10-13 15:47:38,Kristineberg,2,1.36,20211013-2
920,2021-10-13 15:47:38,Kristineberg,5,0.73,20211013-2
921,2021-10-13 15:47:39,Kristineberg,2,1.32,20211013-2
922,2021-10-13 15:47:39,Kristineberg,5,0.76,20211013-2
923,2021-10-13 15:47:40,Kristineberg,2,1.26,20211013-2
924,2021-10-13 15:47:40,Kristineberg,5,0.77,20211013-2
925,2021-10-13 15:47:41,Kristineberg,5,0.79,20211013-2
926,2021-10-13 15:47:42,Kristineberg,2,1.23,20211013-2
927,2021-10-13 15:47:43,Kristineberg,2,1.19,20211013-2
928,2021-10-13 15:47:43,Kristineberg,5,0.8,20211013-2
929,2021-10-13 15:47:44,Kristineberg,2,1.16,20211013-2
930,2021-10-13 15:47:44,Kristineberg,5,0.83,20211013-2
931,2021-10-13 15:47:45,Kristineberg,2,1.12,20211013-2
932,2021-10-13 15:47:45,Kristineberg,5,0.85,20211013-2
933,2021-10-13 15:50:30,Alvik,2,1.93,20211013-2
934,2021-10-13 15:50:30,Alvik,5,1.7,20211013-2
935,2021-10-13 15:50:31,Alvik,2,1.94,20211013-2
936,2021-10-13 15:50:32,Alvik,2,1.99,20211013-2
937,2021-10-13 15:50:32,Alvik,5,1.69,20211013-2
938,2021-10-13 15:50:33,Alvik,2,1.99,20211013-2
939,2021-10-13 15:50:33,Alvik,5,1.67,20211013-2
940,2021-10-13 15:50:34,Alvik,2,2.0,20211013-2
941,2021-10-13 15:50:34,Alvik,5,1.69,20211013-2
942,2021-10-13 15:50:35,Alvik,2,1.98,20211013-2
943,2021-10-13 15:50:35,Alvik,5,1.69,20211013-2
944,2021-10-13 15:50:36,Alvik,5,1.7,20211013-2
945,2021-10-13 15:50:37,Alvik,2,1.99,20211013-2
946,2021-10-13 15:50:37,Alvik,5,1.7,20211013-2
947,2021-10-13 15:50:38,Alvik,2,2.02,20211013-2
948,2021-10-13 15:50:38,Alvik,5,1.67,20211013-2
949,2021-10-13 15:50:39,Alvik,2,2.03,20211013-2
950,2021-10-13 15:50:39,Alvik,5,1.66,20211013-2
951,2021-10-13 15:50:40,Alvik,2,2.06,20211013-2
952,2021-10-13 15:50:40,Alvik,5,1.63,20211013-2
953,2021-10-13 15:50:41,Alvik,2,2.08,20211013-2
954,2021-10-13 15:50:41,Alvik,5,1.63,20211013-2
955,2021-10-13 15:50:42,Alvik,2,2.07,20211013-2
956,2021-10-13 15:50:42,Alvik,5,1.64,20211013-2
957,2021-10-13 15:50:43,Alvik,2,2.06,20211013-2
958,2021-10-13 15:50:43,Alvik,5,1.71,20211013-2
959,2021-10-13 15:50:43,Alvik,5,1.74,20211013-2
960,2021-10-13 15:50:44,Alvik,2,2.07,20211013-2
961,2021-10-13 15:50:45,Alvik,2,2.05,20211013-2
962,2021-10-13 15:50:45,Alvik,5,1.78,20211013-2
963,2021-10-13 15:50:46,Alvik,2,2.03,20211013-2
964,2021-10-13 15:50:46,Alvik,5,1.81,20211013-2
965,2021-10-13 15:50:47,Alvik,2,1.97,20211013-2
966,2021-10-13 15:50:47,Alvik,5,1.84,20211013-2
967,2021-10-13 15:50:48,Alvik,2,1.92,20211013-2
968,2021-10-13 15:50:49,Alvik,5,1.85,20211013-2
969,2021-10-13 15:50:50,Alvik,2,1.88,20211013-2
970,2021-10-13 15:50:50,Alvik,5,1.87,20211013-2
971,2021-10-13 15:50:51,Alvik,2,1.85,20211013-2
972,2021-10-13 15:50:51,Alvik,5,1.88,20211013-2
973,2021-10-13 15:50:52,Alvik,2,1.84,20211013-2
974,2021-10-13 15:50:52,Alvik,5,1.9,20211013-2
975,2021-10-13 15:50:53,Alvik,2,2.46,20211013-2
976,2021-10-13 15:50:53,Alvik,5,3.82,20211013-2
977,2021-10-13 15:50:54,Alvik,2,2.91,20211013-2
978,2021-10-13 15:50:54,Alvik,5,5.04,20211013-2
979,2021-10-13 15:50:55,Alvik,2,3.43,20211013-2
980,2021-10-13 15:50:55,Alvik,5,5.84,20211013-2
981,2021-10-13 15:50:56,Alvik,2,3.68,20211013-2
982,2021-10-13 15:50:56,Alvik,5,6.01,20211013-2
983,2021-10-13 15:50:56,Alvik,5,5.81,20211013-2
984,2021-10-13 15:50:57,Alvik,2,3.78,20211013-2
985,2021-10-13 15:50:58,Alvik,2,3.81,20211013-2
986,2021-10-13 15:50:58,Alvik,5,5.58,20211013-2
987,2021-10-13 15:50:59,Alvik,2,3.77,20211013-2
988,2021-10-13 15:50:59,Alvik,5,5.29,20211013-2
989,2021-10-13 15:51:00,Alvik,2,3.8,20211013-2
990,2021-10-13 15:51:00,Alvik,5,5.02,20211013-2
991,2021-10-13 15:51:01,Alvik,2,3.77,20211013-2
992,2021-10-13 15:51:01,Alvik,5,4.74,20211013-2
993,2021-10-13 15:51:02,Alvik,5,4.49,20211013-2
994,2021-10-13 15:51:03,Alvik,2,3.75,20211013-2
995,2021-10-13 15:51:03,Alvik,5,4.27,20211013-2
996,2021-10-13 15:51:04,Alvik,2,3.69,20211013-2
997,2021-10-13 15:51:04,Alvik,5,4.04,20211013-2
998,2021-10-13 15:51:05,Alvik,2,3.62,20211013-2
999,2021-10-13 15:51:05,Alvik,5,3.88,20211013-2
1000,2021-10-13 15:51:06,Alvik,2,3.53,20211013-2
1001,2021-10-13 15:51:06,Alvik,5,3.72,20211013-2
1002,2021-10-13 15:51:07,Alvik,2,3.42,20211013-2
1003,2021-10-13 15:51:07,Alvik,5,3.56,20211013-2
1004,2021-10-13 15:51:08,Alvik,2,3.32,20211013-2
1005,2021-10-13 15:51:08,Alvik,5,3.39,20211013-2
1006,2021-10-13 15:51:09,Alvik,2,3.24,20211013-2
1007,2021-10-13 15:51:09,Alvik,5,3.22,20211013-2
1008,2021-10-13 15:51:10,Alvik,2,3.15,20211013-2
1009,2021-10-13 15:51:11,Alvik,2,3.06,20211013-2
1010,2021-10-13 15:51:11,Alvik,5,3.05,20211013-2
1011,2021-10-13 15:51:12,Alvik,2,2.98,20211013-2
1012,2021-10-13 15:51:12,Alvik,5,2.74,20211013-2
1013,2021-10-13 15:51:13,Alvik,2,2.9,20211013-2
1014,2021-10-13 15:51:13,Alvik,5,2.6,20211013-2
1015,2021-10-13 15:51:14,Alvik,2,2.81,20211013-2
1016,2021-10-13 15:51:14,Alvik,5,2.46,20211013-2
1017,2021-10-13 15:51:15,Alvik,5,2.33,20211013-2
1018,2021-10-13 15:51:16,Alvik,2,2.72,20211013-2
1019,2021-10-13 15:51:16,Alvik,5,2.21,20211013-2
1020,2021-10-13 15:51:17,Alvik,2,2.57,20211013-2
1021,2021-10-13 15:51:17,Alvik,5,2.11,20211013-2
1022,2021-10-13 15:51:18,Alvik,2,2.48,20211013-2
1023,2021-10-13 15:51:18,Alvik,5,2.03,20211013-2
1024,2021-10-13 15:51:19,Alvik,2,2.44,20211013-2
1025,2021-10-13 15:51:19,Alvik,5,1.97,20211013-2
1026,2021-10-13 15:51:20,Alvik,2,2.42,20211013-2
1027,2021-10-13 15:51:20,Alvik,5,1.89,20211013-2
1028,2021-10-13 15:51:21,Alvik,2,2.4,20211013-2
1029,2021-10-13 15:51:21,Alvik,5,1.82,20211013-2
1030,2021-10-13 15:51:22,Alvik,2,2.38,20211013-2
1031,2021-10-13 15:51:22,Alvik,5,1.75,20211013-2
1032,2021-10-13 15:51:23,Alvik,2,2.38,20211013-2
1033,2021-10-13 15:51:24,Alvik,2,2.36,20211013-2
1034,2021-10-13 15:51:24,Alvik,5,1.73,20211013-2
1035,2021-10-13 15:51:25,Alvik,2,2.34,20211013-2
1036,2021-10-13 15:51:25,Alvik,5,1.7,20211013-2
1037,2021-10-13 15:51:26,Alvik,2,2.32,20211013-2
1038,2021-10-13 15:51:26,Alvik,5,1.69,20211013-2
1039,2021-10-13 15:51:27,Alvik,2,2.31,20211013-2
1040,2021-10-13 15:51:27,Alvik,2,2.29,20211013-2
1041,2021-10-13 15:51:27,Alvik,5,1.64,20211013-2
1042,2021-10-13 15:51:28,Alvik,5,1.63,20211013-2
1043,2021-10-13 15:51:29,Alvik,2,2.26,20211013-2
1044,2021-10-13 15:51:29,Alvik,5,1.62,20211013-2
1045,2021-10-13 15:51:30,Alvik,2,2.17,20211013-2
1046,2021-10-13 15:51:30,Alvik,5,1.62,20211013-2
1047,2021-10-13 15:51:31,Alvik,2,2.12,20211013-2
1048,2021-10-13 15:51:31,Alvik,5,1.65,20211013-2
1049,2021-10-13 15:51:32,Alvik,2,2.06,20211013-2
1050,2021-10-13 15:51:32,Alvik,5,1.65,20211013-2
1051,2021-10-13 15:51:33,Alvik,2,2.0,20211013-2
1052,2021-10-13 15:51:33,Alvik,5,1.68,20211013-2
1053,2021-10-13 15:51:34,Alvik,2,1.99,20211013-2
1054,2021-10-13 15:51:34,Alvik,5,1.78,20211013-2
1055,2021-10-13 15:51:35,Alvik,2,1.99,20211013-2
1056,2021-10-13 15:51:35,Alvik,5,1.84,20211013-2
1057,2021-10-13 15:51:36,Alvik,2,1.96,20211013-2
1058,2021-10-13 15:51:37,Alvik,2,1.92,20211013-2
1059,2021-10-13 15:51:37,Alvik,5,1.88,20211013-2
1060,2021-10-13 15:51:38,Alvik,2,1.89,20211013-2
1061,2021-10-13 15:51:38,Alvik,5,1.91,20211013-2
1062,2021-10-13 15:51:39,Alvik,2,1.88,20211013-2
1063,2021-10-13 15:51:39,Alvik,5,1.92,20211013-2
1064,2021-10-13 15:51:40,Alvik,2,1.86,20211013-2
1065,2021-10-13 15:51:40,Alvik,5,1.9,20211013-2
1066,2021-10-13 15:51:41,Alvik,5,1.82,20211013-2
1067,2021-10-13 15:51:42,Alvik,2,1.83,20211013-2
1068,2021-10-13 15:51:42,Alvik,5,1.77,20211013-2
1069,2021-10-13 15:51:43,Alvik,2,1.79,20211013-2
1070,2021-10-13 15:51:43,Alvik,5,1.71,20211013-2
1071,2021-10-13 15:51:44,Alvik,2,1.77,20211013-2
1072,2021-10-13 15:51:44,Alvik,5,1.65,20211013-2
1073,2021-10-13 15:51:45,Alvik,2,1.73,20211013-2
1074,2021-10-13 15:51:45,Alvik,5,1.59,20211013-2
1075,2021-10-13 15:55:30,Stora mossen,2,1.76,20211013-2
1076,2021-10-13 15:55:31,Stora mossen,2,1.72,20211013-2
1077,2021-10-13 15:55:31,Stora mossen,5,1.44,20211013-2
1078,2021-10-13 15:55:32,Stora mossen,2,1.67,20211013-2
1079,2021-10-13 15:55:32,Stora mossen,5,1.43,20211013-2
1080,2021-10-13 15:55:33,Stora mossen,2,1.61,20211013-2
1081,2021-10-13 15:55:33,Stora mossen,5,1.41,20211013-2
1082,2021-10-13 15:55:34,Stora mossen,5,1.39,20211013-2
1083,2021-10-13 15:55:35,Stora mossen,2,1.5,20211013-2
1084,2021-10-13 15:55:35,Stora mossen,5,1.36,20211013-2
1085,2021-10-13 15:55:36,Stora mossen,2,1.44,20211013-2
1086,2021-10-13 15:55:36,Stora mossen,5,1.32,20211013-2
1087,2021-10-13 15:55:37,Stora mossen,2,1.39,20211013-2
1088,2021-10-13 15:55:37,Stora mossen,5,1.23,20211013-2
1089,2021-10-13 15:55:38,Stora mossen,2,1.35,20211013-2
1090,2021-10-13 15:55:38,Stora mossen,5,1.21,20211013-2
1091,2021-10-13 15:55:39,Stora mossen,2,1.3,20211013-2
1092,2021-10-13 15:55:39,Stora mossen,2,1.28,20211013-2
1093,2021-10-13 15:55:39,Stora mossen,5,1.18,20211013-2
1094,2021-10-13 15:55:40,Stora mossen,5,1.16,20211013-2
1095,2021-10-13 15:55:41,Stora mossen,5,1.16,20211013-2
1096,2021-10-13 15:55:42,Stora mossen,2,1.27,20211013-2
1097,2021-10-13 15:55:42,Stora mossen,2,1.27,20211013-2
1098,2021-10-13 15:55:42,Stora mossen,5,1.14,20211013-2
1099,2021-10-13 15:55:42,Stora mossen,5,1.12,20211013-2
1100,2021-10-13 15:55:43,Stora mossen,2,1.26,20211013-2
1101,2021-10-13 15:55:44,Stora mossen,2,1.25,20211013-2
1102,2021-10-13 15:55:44,Stora mossen,5,1.11,20211013-2
1103,2021-10-13 15:55:45,Stora mossen,2,1.24,20211013-2
1104,2021-10-13 15:55:45,Stora mossen,5,1.09,20211013-2
1105,2021-10-13 15:55:46,Stora mossen,2,1.22,20211013-2
1106,2021-10-13 15:55:46,Stora mossen,5,1.07,20211013-2
1107,2021-10-13 15:55:47,Stora mossen,2,1.21,20211013-2
1108,2021-10-13 15:55:47,Stora mossen,5,1.04,20211013-2
1109,2021-10-13 15:55:48,Stora mossen,5,1.0,20211013-2
1110,2021-10-13 15:55:49,Stora mossen,2,1.23,20211013-2
1111,2021-10-13 15:55:49,Stora mossen,5,0.96,20211013-2
1112,2021-10-13 15:55:50,Stora mossen,2,1.27,20211013-2
1113,2021-10-13 15:55:51,Stora mossen,2,1.27,20211013-2
1114,2021-10-13 15:55:51,Stora mossen,5,0.91,20211013-2
1115,2021-10-13 15:55:52,Stora mossen,2,1.26,20211013-2
1116,2021-10-13 15:55:52,Stora mossen,2,1.26,20211013-2
1117,2021-10-13 15:55:52,Stora mossen,5,0.89,20211013-2
1118,2021-10-13 15:55:53,Stora mossen,5,0.88,20211013-2
1119,2021-10-13 15:55:54,Stora mossen,2,1.25,20211013-2
1120,2021-10-13 15:55:54,Stora mossen,5,0.87,20211013-2
1121,2021-10-13 15:55:55,Stora mossen,2,1.24,20211013-2
1122,2021-10-13 15:55:55,Stora mossen,5,0.84,20211013-2
1123,2021-10-13 15:55:55,Stora mossen,5,0.82,20211013-2
1124,2021-10-13 15:55:56,Stora mossen,2,1.22,20211013-2
1125,2021-10-13 15:55:57,Stora mossen,2,1.2,20211013-2
1126,2021-10-13 15:55:57,Stora mossen,5,0.8,20211013-2
1127,2021-10-13 15:55:58,Stora mossen,2,1.17,20211013-2
1128,2021-10-13 15:55:58,Stora mossen,5,0.79,20211013-2
1129,2021-10-13 15:55:59,Stora mossen,2,1.13,20211013-2
1130,2021-10-13 15:55:59,Stora mossen,5,0.77,20211013-2
1131,2021-10-13 15:56:00,Stora mossen,2,1.11,20211013-2
1132,2021-10-13 15:56:00,Stora mossen,5,0.75,20211013-2
1133,2021-10-13 15:56:01,Stora mossen,2,1.07,20211013-2
1134,2021-10-13 15:56:01,Stora mossen,5,0.74,20211013-2
1135,2021-10-13 15:56:02,Stora mossen,5,0.73,20211013-2
1136,2021-10-13 15:56:03,Stora mossen,2,1.04,20211013-2
1137,2021-10-13 15:56:03,Stora mossen,5,0.72,20211013-2
1138,2021-10-13 15:56:04,Stora mossen,2,1.0,20211013-2
1139,2021-10-13 15:56:04,Stora mossen,5,0.73,20211013-2
1140,2021-10-13 15:56:05,Stora mossen,2,0.97,20211013-2
1141,2021-10-13 15:56:05,Stora mossen,2,0.97,20211013-2
1142,2021-10-13 15:56:05,Stora mossen,5,0.73,20211013-2
1143,2021-10-13 15:56:06,Stora mossen,5,0.73,20211013-2
1144,2021-10-13 15:56:07,Stora mossen,2,0.97,20211013-2
1145,2021-10-13 15:56:07,Stora mossen,5,0.74,20211013-2
1146,2021-10-13 15:56:08,Stora mossen,2,1.0,20211013-2
1147,2021-10-13 15:56:08,Stora mossen,5,0.75,20211013-2
1148,2021-10-13 15:56:09,Stora mossen,2,1.02,20211013-2
1149,2021-10-13 15:56:10,Stora mossen,2,1.05,20211013-2
1150,2021-10-13 15:56:10,Stora mossen,5,0.75,20211013-2
1151,2021-10-13 15:56:11,Stora mossen,2,1.06,20211013-2
1152,2021-10-13 15:56:11,Stora mossen,5,0.76,20211013-2
1153,2021-10-13 15:56:12,Stora mossen,2,1.06,20211013-2
1154,2021-10-13 15:56:12,Stora mossen,5,0.79,20211013-2
1155,2021-10-13 15:56:13,Stora mossen,2,1.04,20211013-2
1156,2021-10-13 15:56:13,Stora mossen,5,0.8,20211013-2
1157,2021-10-13 15:56:14,Stora mossen,2,1.02,20211013-2
1158,2021-10-13 15:56:14,Stora mossen,5,0.81,20211013-2
1159,2021-10-13 15:56:15,Stora mossen,2,1.0,20211013-2
1160,2021-10-13 15:56:15,Stora mossen,5,0.82,20211013-2
1161,2021-10-13 15:56:16,Stora mossen,5,0.81,20211013-2
1162,2021-10-13 15:56:17,Stora mossen,2,0.96,20211013-2
1163,2021-10-13 15:56:17,Stora mossen,5,0.8,20211013-2
1164,2021-10-13 15:56:18,Stora mossen,2,0.93,20211013-2
1165,2021-10-13 15:56:18,Stora mossen,2,0.92,20211013-2
1166,2021-10-13 15:56:18,Stora mossen,5,0.79,20211013-2
1167,2021-10-13 15:56:19,Stora mossen,5,0.76,20211013-2
1168,2021-10-13 15:56:20,Stora mossen,2,0.91,20211013-2
1169,2021-10-13 15:56:20,Stora mossen,5,0.76,20211013-2
1170,2021-10-13 15:56:21,Stora mossen,2,0.89,20211013-2
1171,2021-10-13 15:56:21,Stora mossen,2,0.87,20211013-2
1172,2021-10-13 15:56:21,Stora mossen,5,0.76,20211013-2
1173,2021-10-13 15:56:23,Stora mossen,2,0.88,20211013-2
1174,2021-10-13 15:56:23,Stora mossen,5,0.76,20211013-2
1175,2021-10-13 15:56:24,Stora mossen,2,0.88,20211013-2
1176,2021-10-13 15:56:24,Stora mossen,5,0.76,20211013-2
1177,2021-10-13 15:56:25,Stora mossen,2,0.87,20211013-2
1178,2021-10-13 15:56:25,Stora mossen,5,0.75,20211013-2
1179,2021-10-13 15:56:26,Stora mossen,2,0.86,20211013-2
1180,2021-10-13 15:56:26,Stora mossen,5,0.74,20211013-2
1181,2021-10-13 15:56:27,Stora mossen,2,0.88,20211013-2
1182,2021-10-13 15:56:27,Stora mossen,5,0.73,20211013-2
1183,2021-10-13 15:56:28,Stora mossen,2,0.89,20211013-2
1184,2021-10-13 15:56:28,Stora mossen,5,0.72,20211013-2
1185,2021-10-13 15:56:29,Stora mossen,2,0.9,20211013-2
1186,2021-10-13 15:56:29,Stora mossen,5,0.7,20211013-2
1187,2021-10-13 15:56:30,Stora mossen,5,0.68,20211013-2
1188,2021-10-13 15:56:31,Stora mossen,2,0.89,20211013-2
1189,2021-10-13 15:56:31,Stora mossen,2,0.86,20211013-2
1190,2021-10-13 15:56:31,Stora mossen,5,0.65,20211013-2
1191,2021-10-13 15:56:32,Stora mossen,5,0.65,20211013-2
1192,2021-10-13 15:56:33,Stora mossen,2,0.86,20211013-2
1193,2021-10-13 15:56:33,Stora mossen,5,0.69,20211013-2
1194,2021-10-13 15:56:34,Stora mossen,2,0.88,20211013-2
1195,2021-10-13 15:56:34,Stora mossen,2,0.89,20211013-2
1196,2021-10-13 15:56:34,Stora mossen,5,0.7,20211013-2
1197,2021-10-13 15:56:35,Stora mossen,2,0.88,20211013-2
1198,2021-10-13 15:56:36,Stora mossen,5,0.71,20211013-2
1199,2021-10-13 15:56:37,Stora mossen,2,0.87,20211013-2
1200,2021-10-13 15:56:37,Stora mossen,5,0.73,20211013-2
1201,2021-10-13 15:56:38,Stora mossen,2,0.85,20211013-2
1202,2021-10-13 15:56:38,Stora mossen,5,0.75,20211013-2
1203,2021-10-13 15:56:39,Stora mossen,2,0.86,20211013-2
1204,2021-10-13 15:56:39,Stora mossen,5,0.79,20211013-2
1205,2021-10-13 15:56:40,Stora mossen,2,0.85,20211013-2
1206,2021-10-13 15:56:40,Stora mossen,5,0.83,20211013-2
1207,2021-10-13 15:56:41,Stora mossen,2,0.85,20211013-2
1208,2021-10-13 15:56:41,Stora mossen,5,0.86,20211013-2
1209,2021-10-13 15:56:42,Stora mossen,2,0.86,20211013-2
1210,2021-10-13 15:56:42,Stora mossen,5,0.88,20211013-2
1211,2021-10-13 15:56:43,Stora mossen,2,0.85,20211013-2
1212,2021-10-13 15:56:43,Stora mossen,5,0.9,20211013-2
1213,2021-10-13 15:56:44,Stora mossen,2,0.84,20211013-2
1214,2021-10-13 15:56:44,Stora mossen,5,0.9,20211013-2
1215,2021-10-13 15:56:45,Stora mossen,5,0.92,20211013-2
1216,2021-10-13 15:59:30,Abrahamsberg,2,0.75,20211013-2
1217,2021-10-13 15:59:31,Abrahamsberg,2,0.73,20211013-2
1218,2021-10-13 15:59:31,Abrahamsberg,5,0.89,20211013-2
1219,2021-10-13 15:59:32,Abrahamsberg,2,0.72,20211013-2
1220,2021-10-13 15:59:32,Abrahamsberg,5,0.9,20211013-2
1221,2021-10-13 15:59:33,Abrahamsberg,2,0.69,20211013-2
1222,2021-10-13 15:59:33,Abrahamsberg,5,0.9,20211013-2
1223,2021-10-13 15:59:34,Abrahamsberg,5,0.9,20211013-2
1224,2021-10-13 15:59:35,Abrahamsberg,2,0.68,20211013-2
1225,2021-10-13 15:59:35,Abrahamsberg,5,0.9,20211013-2
1226,2021-10-13 15:59:36,Abrahamsberg,2,0.66,20211013-2
1227,2021-10-13 15:59:36,Abrahamsberg,5,0.9,20211013-2
1228,2021-10-13 15:59:37,Abrahamsberg,2,0.65,20211013-2
1229,2021-10-13 15:59:37,Abrahamsberg,5,0.9,20211013-2
1230,2021-10-13 15:59:38,Abrahamsberg,2,0.63,20211013-2
1231,2021-10-13 15:59:38,Abrahamsberg,5,0.89,20211013-2
1232,2021-10-13 15:59:39,Abrahamsberg,2,0.65,20211013-2
1233,2021-10-13 15:59:39,Abrahamsberg,5,0.87,20211013-2
1234,2021-10-13 15:59:40,Abrahamsberg,2,0.72,20211013-2
1235,2021-10-13 15:59:40,Abrahamsberg,5,0.86,20211013-2
1236,2021-10-13 15:59:41,Abrahamsberg,2,0.75,20211013-2
1237,2021-10-13 15:59:41,Abrahamsberg,5,0.84,20211013-2
1238,2021-10-13 15:59:42,Abrahamsberg,2,0.8,20211013-2
1239,2021-10-13 15:59:42,Abrahamsberg,5,0.81,20211013-2
1240,2021-10-13 15:59:43,Abrahamsberg,2,0.83,20211013-2
1241,2021-10-13 15:59:43,Abrahamsberg,5,0.8,20211013-2
1242,2021-10-13 15:59:44,Abrahamsberg,2,0.94,20211013-2
1243,2021-10-13 15:59:45,Abrahamsberg,2,1.13,20211013-2
1244,2021-10-13 15:59:45,Abrahamsberg,5,0.78,20211013-2
1245,2021-10-13 15:59:46,Abrahamsberg,2,1.23,20211013-2
1246,2021-10-13 15:59:46,Abrahamsberg,5,0.78,20211013-2
1247,2021-10-13 15:59:47,Abrahamsberg,2,1.3,20211013-2
1248,2021-10-13 15:59:47,Abrahamsberg,5,0.77,20211013-2
1249,2021-10-13 15:59:48,Abrahamsberg,2,1.39,20211013-2
1250,2021-10-13 15:59:48,Abrahamsberg,5,0.78,20211013-2
1251,2021-10-13 15:59:49,Abrahamsberg,5,0.81,20211013-2
1252,2021-10-13 15:59:50,Abrahamsberg,2,1.52,20211013-2
1253,2021-10-13 15:59:50,Abrahamsberg,5,0.83,20211013-2
1254,2021-10-13 15:59:51,Abrahamsberg,2,1.59,20211013-2
1255,2021-10-13 15:59:51,Abrahamsberg,5,0.84,20211013-2
1256,2021-10-13 15:59:52,Abrahamsberg,2,1.66,20211013-2
1257,2021-10-13 15:59:52,Abrahamsberg,5,0.86,20211013-2
1258,2021-10-13 15:59:53,Abrahamsberg,2,1.74,20211013-2
1259,2021-10-13 15:59:53,Abrahamsberg,5,0.88,20211013-2
1260,2021-10-13 15:59:54,Abrahamsberg,2,1.78,20211013-2
1261,2021-10-13 15:59:54,Abrahamsberg,5,0.92,20211013-2
1262,2021-10-13 15:59:55,Abrahamsberg,2,1.82,20211013-2
1263,2021-10-13 15:59:55,Abrahamsberg,5,0.95,20211013-2
1264,2021-10-13 15:59:56,Abrahamsberg,2,1.85,20211013-2
1265,2021-10-13 15:59:56,Abrahamsberg,5,1.01,20211013-2
1266,2021-10-13 15:59:57,Abrahamsberg,2,1.93,20211013-2
1267,2021-10-13 15:59:57,Abrahamsberg,5,1.03,20211013-2
1268,2021-10-13 15:59:58,Abrahamsberg,2,2.04,20211013-2
1269,2021-10-13 15:59:58,Abrahamsberg,5,1.04,20211013-2
1270,2021-10-13 15:59:59,Abrahamsberg,2,2.13,20211013-2
1271,2021-10-13 16:00:00,Abrahamsberg,2,2.23,20211013-2
1272,2021-10-13 16:00:00,Abrahamsberg,5,1.08,20211013-2
1273,2021-10-13 16:00:01,Abrahamsberg,2,2.32,20211013-2
1274,2021-10-13 16:00:01,Abrahamsberg,5,1.15,20211013-2
1275,2021-10-13 16:00:02,Abrahamsberg,2,2.41,20211013-2
1276,2021-10-13 16:00:02,Abrahamsberg,5,1.19,20211013-2
1277,2021-10-13 16:00:03,Abrahamsberg,5,1.23,20211013-2
1278,2021-10-13 16:00:04,Abrahamsberg,2,2.51,20211013-2
1279,2021-10-13 16:00:04,Abrahamsberg,5,1.27,20211013-2
1280,2021-10-13 16:00:05,Abrahamsberg,2,2.67,20211013-2
1281,2021-10-13 16:00:05,Abrahamsberg,5,1.29,20211013-2
1282,2021-10-13 16:00:06,Abrahamsberg,2,2.71,20211013-2
1283,2021-10-13 16:00:06,Abrahamsberg,5,1.33,20211013-2
1284,2021-10-13 16:00:07,Abrahamsberg,2,2.76,20211013-2
1285,2021-10-13 16:00:07,Abrahamsberg,5,1.38,20211013-2
1286,2021-10-13 16:00:08,Abrahamsberg,2,2.83,20211013-2
1287,2021-10-13 16:00:08,Abrahamsberg,5,1.41,20211013-2
1288,2021-10-13 16:00:09,Abrahamsberg,2,2.92,20211013-2
1289,2021-10-13 16:00:09,Abrahamsberg,5,1.45,20211013-2
1290,2021-10-13 16:00:10,Abrahamsberg,2,3.02,20211013-2
1291,2021-10-13 16:00:10,Abrahamsberg,5,1.5,20211013-2
1292,2021-10-13 16:00:11,Abrahamsberg,2,3.1,20211013-2
1293,2021-10-13 16:00:11,Abrahamsberg,5,1.6,20211013-2
1294,2021-10-13 16:00:12,Abrahamsberg,2,3.19,20211013-2
1295,2021-10-13 16:00:12,Abrahamsberg,5,1.83,20211013-2
1296,2021-10-13 16:00:13,Abrahamsberg,2,3.26,20211013-2
1297,2021-10-13 16:00:13,Abrahamsberg,5,2.02,20211013-2
1298,2021-10-13 16:00:14,Abrahamsberg,2,3.33,20211013-2
1299,2021-10-13 16:00:15,Abrahamsberg,2,3.39,20211013-2
1300,2021-10-13 16:00:15,Abrahamsberg,5,2.23,20211013-2
1301,2021-10-13 16:00:16,Abrahamsberg,2,3.43,20211013-2
1302,2021-10-13 16:00:16,Abrahamsberg,5,2.34,20211013-2
1303,2021-10-13 16:00:17,Abrahamsberg,2,3.46,20211013-2
1304,2021-10-13 16:00:17,Abrahamsberg,5,2.43,20211013-2
1305,2021-10-13 16:00:18,Abrahamsberg,2,3.5,20211013-2
1306,2021-10-13 16:00:18,Abrahamsberg,5,2.58,20211013-2
1307,2021-10-13 16:00:19,Abrahamsberg,5,2.68,20211013-2
1308,2021-10-13 16:00:20,Abrahamsberg,2,3.48,20211013-2
1309,2021-10-13 16:00:20,Abrahamsberg,5,2.76,20211013-2
1310,2021-10-13 16:00:21,Abrahamsberg,2,3.48,20211013-2
1311,2021-10-13 16:00:21,Abrahamsberg,5,2.84,20211013-2
1312,2021-10-13 16:00:22,Abrahamsberg,2,3.48,20211013-2
1313,2021-10-13 16:00:22,Abrahamsberg,5,2.94,20211013-2
1314,2021-10-13 16:00:23,Abrahamsberg,2,3.47,20211013-2
1315,2021-10-13 16:00:23,Abrahamsberg,5,3.03,20211013-2
1316,2021-10-13 16:00:24,Abrahamsberg,2,3.43,20211013-2
1317,2021-10-13 16:00:24,Abrahamsberg,5,3.08,20211013-2
1318,2021-10-13 16:00:25,Abrahamsberg,2,3.36,20211013-2
1319,2021-10-13 16:00:25,Abrahamsberg,5,3.07,20211013-2
1320,2021-10-13 16:00:26,Abrahamsberg,2,3.31,20211013-2
1321,2021-10-13 16:00:26,Abrahamsberg,5,3.04,20211013-2
1322,2021-10-13 16:00:27,Abrahamsberg,5,2.99,20211013-2
1323,2021-10-13 16:00:28,Abrahamsberg,2,3.23,20211013-2
1324,2021-10-13 16:00:28,Abrahamsberg,5,2.94,20211013-2
1325,2021-10-13 16:00:29,Abrahamsberg,2,3.14,20211013-2
1326,2021-10-13 16:00:30,Abrahamsberg,2,3.05,20211013-2
1327,2021-10-13 16:00:30,Abrahamsberg,2,2.95,20211013-2
1328,2021-10-13 16:00:30,Abrahamsberg,5,2.9,20211013-2
1329,2021-10-13 16:00:31,Abrahamsberg,5,2.84,20211013-2
1330,2021-10-13 16:00:32,Abrahamsberg,2,2.86,20211013-2
1331,2021-10-13 16:00:32,Abrahamsberg,5,2.78,20211013-2
1332,2021-10-13 16:00:33,Abrahamsberg,2,2.75,20211013-2
1333,2021-10-13 16:00:33,Abrahamsberg,5,2.71,20211013-2
1334,2021-10-13 16:00:34,Abrahamsberg,2,2.61,20211013-2
1335,2021-10-13 16:00:34,Abrahamsberg,5,2.64,20211013-2
1336,2021-10-13 16:00:35,Abrahamsberg,2,2.52,20211013-2
1337,2021-10-13 16:00:35,Abrahamsberg,5,2.57,20211013-2
1338,2021-10-13 16:00:36,Abrahamsberg,2,2.44,20211013-2
1339,2021-10-13 16:00:36,Abrahamsberg,5,2.48,20211013-2
1340,2021-10-13 16:00:37,Abrahamsberg,2,2.39,20211013-2
1341,2021-10-13 16:00:37,Abrahamsberg,5,2.41,20211013-2
1342,2021-10-13 16:00:38,Abrahamsberg,2,2.33,20211013-2
1343,2021-10-13 16:00:38,Abrahamsberg,5,2.37,20211013-2
1344,2021-10-13 16:00:39,Abrahamsberg,2,2.26,20211013-2
1345,2021-10-13 16:00:39,Abrahamsberg,5,2.31,20211013-2
1346,2021-10-13 16:00:40,Abrahamsberg,2,2.2,20211013-2
1347,2021-10-13 16:00:40,Abrahamsberg,5,2.23,20211013-2
1348,2021-10-13 16:00:41,Abrahamsberg,2,2.17,20211013-2
1349,2021-10-13 16:00:41,Abrahamsberg,5,2.08,20211013-2
1350,2021-10-13 16:00:42,Abrahamsberg,5,2.0,20211013-2
1351,2021-10-13 16:00:43,Abrahamsberg,2,2.14,20211013-2
1352,2021-10-13 16:00:43,Abrahamsberg,2,2.1,20211013-2
1353,2021-10-13 16:00:43,Abrahamsberg,5,1.91,20211013-2
1354,2021-10-13 16:00:45,Abrahamsberg,2,2.06,20211013-2
1355,2021-10-13 16:00:45,Abrahamsberg,5,1.82,20211013-2
1356,2021-10-13 16:00:46,Abrahamsberg,2,2.01,20211013-2
1357,2021-10-13 16:00:46,Abrahamsberg,2,1.96,20211013-2
1358,2021-10-13 16:00:46,Abrahamsberg,5,1.73,20211013-2
1359,2021-10-13 16:00:47,Abrahamsberg,5,1.64,20211013-2
1360,2021-10-13 16:00:48,Abrahamsberg,2,1.84,20211013-2
1361,2021-10-13 16:00:48,Abrahamsberg,5,1.55,20211013-2
1362,2021-10-13 16:00:49,Abrahamsberg,2,1.78,20211013-2
1363,2021-10-13 16:00:49,Abrahamsberg,5,1.46,20211013-2
1364,2021-10-13 16:00:50,Abrahamsberg,2,1.72,20211013-2
1365,2021-10-13 16:00:50,Abrahamsberg,5,1.37,20211013-2
1366,2021-10-13 16:00:51,Abrahamsberg,2,1.66,20211013-2
1367,2021-10-13 16:00:51,Abrahamsberg,5,1.3,20211013-2
1368,2021-10-13 16:00:52,Abrahamsberg,2,1.59,20211013-2
1369,2021-10-13 16:00:52,Abrahamsberg,5,1.23,20211013-2
1370,2021-10-13 16:00:53,Abrahamsberg,2,1.53,20211013-2
1371,2021-10-13 16:00:53,Abrahamsberg,5,1.17,20211013-2
1372,2021-10-13 16:00:54,Abrahamsberg,2,1.48,20211013-2
1373,2021-10-13 16:00:54,Abrahamsberg,5,1.11,20211013-2
1374,2021-10-13 16:00:55,Abrahamsberg,2,1.44,20211013-2
1375,2021-10-13 16:00:55,Abrahamsberg,5,1.01,20211013-2
1376,2021-10-13 16:00:56,Abrahamsberg,2,1.39,20211013-2
1377,2021-10-13 16:00:56,Abrahamsberg,5,0.98,20211013-2
1378,2021-10-13 16:00:57,Abrahamsberg,5,0.97,20211013-2
1379,2021-10-13 16:00:58,Abrahamsberg,2,1.36,20211013-2
1380,2021-10-13 16:00:58,Abrahamsberg,5,0.96,20211013-2
1381,2021-10-13 16:00:59,Abrahamsberg,2,1.33,20211013-2
1382,2021-10-13 16:00:59,Abrahamsberg,2,1.3,20211013-2
1383,2021-10-13 16:01:00,Abrahamsberg,2,1.3,20211013-2
1384,2021-10-13 16:01:00,Abrahamsberg,5,0.94,20211013-2
1385,2021-10-13 16:01:01,Abrahamsberg,2,1.29,20211013-2
1386,2021-10-13 16:01:01,Abrahamsberg,5,0.94,20211013-2
1387,2021-10-13 16:01:02,Abrahamsberg,5,0.94,20211013-2
1388,2021-10-13 16:01:03,Abrahamsberg,2,1.23,20211013-2
1389,2021-10-13 16:01:03,Abrahamsberg,5,0.94,20211013-2
1390,2021-10-13 16:01:04,Abrahamsberg,2,1.2,20211013-2
1391,2021-10-13 16:01:04,Abrahamsberg,5,0.95,20211013-2
1392,2021-10-13 16:01:05,Abrahamsberg,2,1.17,20211013-2
1393,2021-10-13 16:01:05,Abrahamsberg,5,0.95,20211013-2
1394,2021-10-13 16:01:06,Abrahamsberg,2,1.14,20211013-2
1395,2021-10-13 16:01:06,Abrahamsberg,5,0.95,20211013-2
1396,2021-10-13 16:01:07,Abrahamsberg,2,1.11,20211013-2
1397,2021-10-13 16:01:07,Abrahamsberg,5,0.95,20211013-2
1398,2021-10-13 16:01:08,Abrahamsberg,2,1.08,20211013-2
1399,2021-10-13 16:01:08,Abrahamsberg,5,0.93,20211013-2
1400,2021-10-13 16:01:09,Abrahamsberg,2,1.05,20211013-2
1401,2021-10-13 16:01:09,Abrahamsberg,5,0.91,20211013-2
1402,2021-10-13 16:01:10,Abrahamsberg,5,0.92,20211013-2
1403,2021-10-13 16:01:11,Abrahamsberg,2,1.02,20211013-2
1404,2021-10-13 16:01:11,Abrahamsberg,5,0.92,20211013-2
1405,2021-10-13 16:01:12,Abrahamsberg,2,1.01,20211013-2
1406,2021-10-13 16:01:12,Abrahamsberg,2,1.03,20211013-2
1407,2021-10-13 16:01:12,Abrahamsberg,5,0.94,20211013-2
1408,2021-10-13 16:01:13,Abrahamsberg,2,1.03,20211013-2
1409,2021-10-13 16:01:13,Abrahamsberg,5,0.95,20211013-2
1410,2021-10-13 16:01:14,Abrahamsberg,2,1.04,20211013-2
1411,2021-10-13 16:01:15,Abrahamsberg,2,1.05,20211013-2
1412,2021-10-13 16:01:15,Abrahamsberg,5,0.94,20211013-2
1413,2021-10-13 16:01:16,Abrahamsberg,5,0.93,20211013-2
1414,2021-10-13 16:01:17,Abrahamsberg,2,1.07,20211013-2
1415,2021-10-13 16:01:17,Abrahamsberg,5,0.91,20211013-2
1416,2021-10-13 16:01:18,Abrahamsberg,2,1.07,20211013-2
1417,2021-10-13 16:01:18,Abrahamsberg,5,0.9,20211013-2
1418,2021-10-13 16:01:19,Abrahamsberg,2,1.08,20211013-2
1419,2021-10-13 16:01:19,Abrahamsberg,5,0.89,20211013-2
1420,2021-10-13 16:01:20,Abrahamsberg,2,1.11,20211013-2
1421,2021-10-13 16:01:20,Abrahamsberg,5,0.87,20211013-2
1422,2021-10-13 16:01:21,Abrahamsberg,2,1.11,20211013-2
1423,2021-10-13 16:01:21,Abrahamsberg,5,0.86,20211013-2
1424,2021-10-13 16:01:22,Abrahamsberg,2,1.11,20211013-2
1425,2021-10-13 16:01:22,Abrahamsberg,5,0.86,20211013-2
1426,2021-10-13 16:01:23,Abrahamsberg,5,0.86,20211013-2
1427,2021-10-13 16:01:24,Abrahamsberg,2,1.1,20211013-2
1428,2021-10-13 16:01:24,Abrahamsberg,5,0.85,20211013-2
1429,2021-10-13 16:01:25,Abrahamsberg,2,1.1,20211013-2
1430,2021-10-13 16:01:25,Abrahamsberg,2,1.09,20211013-2
1431,2021-10-13 16:01:25,Abrahamsberg,5,0.83,20211013-2
1432,2021-10-13 16:01:26,Abrahamsberg,2,1.07,20211013-2
1433,2021-10-13 16:01:26,Abrahamsberg,5,0.81,20211013-2
1434,2021-10-13 16:01:27,Abrahamsberg,2,1.05,20211013-2
1435,2021-10-13 16:01:27,Abrahamsberg,5,0.78,20211013-2
1436,2021-10-13 16:01:28,Abrahamsberg,2,1.06,20211013-2
1437,2021-10-13 16:01:28,Abrahamsberg,5,0.76,20211013-2
1438,2021-10-13 16:01:29,Abrahamsberg,2,1.05,20211013-2
1439,2021-10-13 16:01:30,Abrahamsberg,5,0.74,20211013-2
1440,2021-10-13 16:01:31,Abrahamsberg,2,1.01,20211013-2
1441,2021-10-13 16:01:31,Abrahamsberg,5,0.72,20211013-2
1442,2021-10-13 16:01:32,Abrahamsberg,2,0.98,20211013-2
1443,2021-10-13 16:01:32,Abrahamsberg,5,0.7,20211013-2
1444,2021-10-13 16:01:33,Abrahamsberg,2,0.96,20211013-2
1445,2021-10-13 16:01:33,Abrahamsberg,5,0.68,20211013-2
1446,2021-10-13 16:01:34,Abrahamsberg,2,0.93,20211013-2
1447,2021-10-13 16:01:34,Abrahamsberg,5,0.65,20211013-2
1448,2021-10-13 16:01:35,Abrahamsberg,2,0.9,20211013-2
1449,2021-10-13 16:01:35,Abrahamsberg,5,0.63,20211013-2
1450,2021-10-13 16:01:36,Abrahamsberg,5,0.61,20211013-2
1451,2021-10-13 16:01:37,Abrahamsberg,2,0.89,20211013-2
1452,2021-10-13 16:01:37,Abrahamsberg,5,0.6,20211013-2
1453,2021-10-13 16:01:38,Abrahamsberg,2,0.88,20211013-2
1454,2021-10-13 16:01:38,Abrahamsberg,2,0.85,20211013-2
1455,2021-10-13 16:01:38,Abrahamsberg,5,0.61,20211013-2
1456,2021-10-13 16:01:39,Abrahamsberg,2,0.83,20211013-2
1457,2021-10-13 16:01:39,Abrahamsberg,5,0.64,20211013-2
1458,2021-10-13 16:01:40,Abrahamsberg,2,0.8,20211013-2
1459,2021-10-13 16:01:40,Abrahamsberg,5,0.67,20211013-2
1460,2021-10-13 16:01:41,Abrahamsberg,2,0.78,20211013-2
1461,2021-10-13 16:01:41,Abrahamsberg,5,0.69,20211013-2
1462,2021-10-13 16:01:42,Abrahamsberg,2,0.76,20211013-2
1463,2021-10-13 16:01:42,Abrahamsberg,5,0.7,20211013-2
1464,2021-10-13 16:01:43,Abrahamsberg,5,0.71,20211013-2
1465,2021-10-13 16:01:44,Abrahamsberg,2,0.74,20211013-2
1466,2021-10-13 16:01:45,Abrahamsberg,2,0.7,20211013-2
1467,2021-10-13 16:01:45,Abrahamsberg,5,0.7,20211013-2
1468,2021-10-13 16:01:46,Abrahamsberg,2,0.69,20211013-2
1469,2021-10-13 16:01:46,Abrahamsberg,5,0.69,20211013-2
1470,2021-10-13 16:01:47,Abrahamsberg,2,0.67,20211013-2
1471,2021-10-13 16:01:47,Abrahamsberg,5,0.68,20211013-2
1472,2021-10-13 16:01:48,Abrahamsberg,2,0.67,20211013-2
1473,2021-10-13 16:01:48,Abrahamsberg,2,0.65,20211013-2
1474,2021-10-13 16:01:48,Abrahamsberg,5,0.68,20211013-2
1475,2021-10-13 16:01:49,Abrahamsberg,5,0.68,20211013-2
1476,2021-10-13 16:01:50,Abrahamsberg,5,0.69,20211013-2
1477,2021-10-13 16:01:51,Abrahamsberg,2,0.64,20211013-2
1478,2021-10-13 16:01:51,Abrahamsberg,2,0.64,20211013-2
1479,2021-10-13 16:01:51,Abrahamsberg,5,0.7,20211013-2
1480,2021-10-13 16:01:52,Abrahamsberg,2,0.67,20211013-2
1481,2021-10-13 16:01:52,Abrahamsberg,5,0.71,20211013-2
1482,2021-10-13 16:01:53,Abrahamsberg,2,0.68,20211013-2
1483,2021-10-13 16:01:53,Abrahamsberg,5,0.73,20211013-2
1484,2021-10-13 16:01:54,Abrahamsberg,2,0.68,20211013-2
1485,2021-10-13 16:01:54,Abrahamsberg,5,0.73,20211013-2
1486,2021-10-13 16:01:55,Abrahamsberg,2,0.68,20211013-2
1487,2021-10-13 16:01:55,Abrahamsberg,5,0.73,20211013-2
1488,2021-10-13 16:01:56,Abrahamsberg,2,0.67,20211013-2
1489,2021-10-13 16:01:56,Abrahamsberg,5,0.73,20211013-2
1490,2021-10-13 16:01:57,Abrahamsberg,5,0.74,20211013-2
1491,2021-10-13 16:01:58,Abrahamsberg,2,0.65,20211013-2
1492,2021-10-13 16:01:59,Abrahamsberg,2,0.64,20211013-2
1493,2021-10-13 16:01:59,Abrahamsberg,5,0.74,20211013-2
1494,2021-10-13 16:02:00,Abrahamsberg,2,0.66,20211013-2
1495,2021-10-13 16:02:00,Abrahamsberg,5,0.74,20211013-2
1496,2021-10-13 16:02:01,Abrahamsberg,2,0.66,20211013-2
1497,2021-10-13 16:02:01,Abrahamsberg,2,0.65,20211013-2
1498,2021-10-13 16:02:01,Abrahamsberg,5,0.75,20211013-2
1499,2021-10-13 16:02:02,Abrahamsberg,5,0.75,20211013-2
1500,2021-10-13 16:02:03,Abrahamsberg,2,0.65,20211013-2
1501,2021-10-13 16:02:03,Abrahamsberg,5,0.75,20211013-2
1502,2021-10-13 16:02:04,Abrahamsberg,2,0.65,20211013-2
1503,2021-10-13 16:02:04,Abrahamsberg,5,0.75,20211013-2
1504,2021-10-13 16:02:05,Abrahamsberg,2,0.66,20211013-2
1505,2021-10-13 16:02:05,Abrahamsberg,5,0.75,20211013-2
1506,2021-10-13 16:02:06,Abrahamsberg,2,0.66,20211013-2
1507,2021-10-13 16:02:06,Abrahamsberg,5,0.74,20211013-2
1508,2021-10-13 16:02:07,Abrahamsberg,2,0.66,20211013-2
1509,2021-10-13 16:02:07,Abrahamsberg,5,0.73,20211013-2
1510,2021-10-13 16:02:08,Abrahamsberg,2,0.65,20211013-2
1511,2021-10-13 16:02:08,Abrahamsberg,5,0.75,20211013-2
1512,2021-10-13 16:02:09,Abrahamsberg,2,0.65,20211013-2
1513,2021-10-13 16:02:09,Abrahamsberg,5,0.75,20211013-2
1514,2021-10-13 16:02:10,Abrahamsberg,2,0.66,20211013-2
1515,2021-10-13 16:02:10,Abrahamsberg,5,0.75,20211013-2
1516,2021-10-13 16:02:11,Abrahamsberg,5,0.75,20211013-2
1517,2021-10-13 16:02:12,Abrahamsberg,2,0.67,20211013-2
1518,2021-10-13 16:02:12,Abrahamsberg,5,0.74,20211013-2
1519,2021-10-13 16:02:13,Abrahamsberg,2,0.7,20211013-2
1520,2021-10-13 16:02:14,Abrahamsberg,2,0.74,20211013-2
1521,2021-10-13 16:02:14,Abrahamsberg,2,0.77,20211013-2
1522,2021-10-13 16:02:14,Abrahamsberg,5,0.73,20211013-2
1523,2021-10-13 16:02:15,Abrahamsberg,5,0.72,20211013-2
1524,2021-10-13 16:02:16,Abrahamsberg,2,0.81,20211013-2
1525,2021-10-13 16:02:16,Abrahamsberg,5,0.71,20211013-2
1526,2021-10-13 16:02:17,Abrahamsberg,2,0.84,20211013-2
1527,2021-10-13 16:02:17,Abrahamsberg,5,0.7,20211013-2
1528,2021-10-13 16:02:18,Abrahamsberg,2,0.85,20211013-2
1529,2021-10-13 16:02:18,Abrahamsberg,5,0.68,20211013-2
1530,2021-10-13 16:02:19,Abrahamsberg,2,0.87,20211013-2
1531,2021-10-13 16:02:19,Abrahamsberg,5,0.66,20211013-2
1532,2021-10-13 16:02:20,Abrahamsberg,2,0.87,20211013-2
1533,2021-10-13 16:02:20,Abrahamsberg,5,0.64,20211013-2
1534,2021-10-13 16:02:21,Abrahamsberg,2,0.86,20211013-2
1535,2021-10-13 16:02:21,Abrahamsberg,5,0.61,20211013-2
1536,2021-10-13 16:02:22,Abrahamsberg,2,0.85,20211013-2
1537,2021-10-13 16:02:22,Abrahamsberg,5,0.57,20211013-2
1538,2021-10-13 16:02:23,Abrahamsberg,2,0.84,20211013-2
1539,2021-10-13 16:02:23,Abrahamsberg,5,0.55,20211013-2
1540,2021-10-13 16:02:24,Abrahamsberg,2,0.83,20211013-2
1541,2021-10-13 16:02:24,Abrahamsberg,5,0.54,20211013-2
1542,2021-10-13 16:02:25,Abrahamsberg,5,0.54,20211013-2
1543,2021-10-13 16:02:26,Abrahamsberg,2,0.81,20211013-2
1544,2021-10-13 16:02:26,Abrahamsberg,5,0.53,20211013-2
1545,2021-10-13 16:02:27,Abrahamsberg,2,0.82,20211013-2
1546,2021-10-13 16:02:27,Abrahamsberg,2,0.83,20211013-2
1547,2021-10-13 16:02:27,Abrahamsberg,5,0.52,20211013-2
1548,2021-10-13 16:02:29,Abrahamsberg,2,0.83,20211013-2
1549,2021-10-13 16:02:29,Abrahamsberg,5,0.76,20211013-2
1550,2021-10-13 16:02:30,Abrahamsberg,2,0.82,20211013-2
1551,2021-10-13 16:02:30,Abrahamsberg,2,0.8,20211013-2
1552,2021-10-13 16:02:30,Abrahamsberg,5,0.87,20211013-2
1553,2021-10-13 16:02:31,Abrahamsberg,5,0.97,20211013-2
1554,2021-10-13 16:02:32,Abrahamsberg,2,0.78,20211013-2
1555,2021-10-13 16:02:32,Abrahamsberg,5,1.02,20211013-2
1556,2021-10-13 16:02:33,Abrahamsberg,2,0.76,20211013-2
1557,2021-10-13 16:02:33,Abrahamsberg,5,1.05,20211013-2
1558,2021-10-13 16:02:34,Abrahamsberg,2,0.74,20211013-2
1559,2021-10-13 16:02:34,Abrahamsberg,5,1.07,20211013-2
1560,2021-10-13 16:02:35,Abrahamsberg,2,0.72,20211013-2
1561,2021-10-13 16:02:35,Abrahamsberg,5,1.09,20211013-2
1562,2021-10-13 16:02:36,Abrahamsberg,2,0.71,20211013-2
1563,2021-10-13 16:02:36,Abrahamsberg,5,1.1,20211013-2
1564,2021-10-13 16:02:37,Abrahamsberg,2,0.72,20211013-2
1565,2021-10-13 16:02:37,Abrahamsberg,5,1.1,20211013-2
1566,2021-10-13 16:02:38,Abrahamsberg,2,0.72,20211013-2
1567,2021-10-13 16:02:38,Abrahamsberg,5,1.09,20211013-2
1568,2021-10-13 16:02:39,Abrahamsberg,5,1.08,20211013-2
1569,2021-10-13 16:02:40,Abrahamsberg,2,0.74,20211013-2
1570,2021-10-13 16:02:40,Abrahamsberg,2,0.79,20211013-2
1571,2021-10-13 16:02:40,Abrahamsberg,5,1.09,20211013-2
1572,2021-10-13 16:02:41,Abrahamsberg,5,1.1,20211013-2
1573,2021-10-13 16:02:42,Abrahamsberg,2,0.92,20211013-2
1574,2021-10-13 16:02:42,Abrahamsberg,5,1.09,20211013-2
1575,2021-10-13 16:02:43,Abrahamsberg,2,0.96,20211013-2
1576,2021-10-13 16:02:43,Abrahamsberg,2,0.98,20211013-2
1577,2021-10-13 16:02:44,Abrahamsberg,2,0.99,20211013-2
1578,2021-10-13 16:02:44,Abrahamsberg,5,1.09,20211013-2
1579,2021-10-13 16:02:45,Abrahamsberg,5,1.07,20211013-2
1580,2021-10-13 16:04:30,Brommaplan,2,2.05,20211013-2
1581,2021-10-13 16:04:30,Brommaplan,5,2.08,20211013-2
1582,2021-10-13 16:04:31,Brommaplan,2,2.06,20211013-2
1583,2021-10-13 16:04:31,Brommaplan,5,2.04,20211013-2
1584,2021-10-13 16:04:32,Brommaplan,2,2.06,20211013-2
1585,2021-10-13 16:04:32,Brommaplan,5,2.01,20211013-2
1586,2021-10-13 16:04:33,Brommaplan,2,2.03,20211013-2
1587,2021-10-13 16:04:33,Brommaplan,5,1.97,20211013-2
1588,2021-10-13 16:04:34,Brommaplan,2,1.99,20211013-2
1589,2021-10-13 16:04:34,Brommaplan,5,1.93,20211013-2
1590,2021-10-13 16:04:35,Brommaplan,2,1.88,20211013-2
1591,2021-10-13 16:04:35,Brommaplan,5,1.93,20211013-2
1592,2021-10-13 16:04:36,Brommaplan,2,1.82,20211013-2
1593,2021-10-13 16:04:37,Brommaplan,2,1.77,20211013-2
1594,2021-10-13 16:04:37,Brommaplan,5,1.92,20211013-2
1595,2021-10-13 16:04:38,Brommaplan,5,1.89,20211013-2
1596,2021-10-13 16:04:38,Brommaplan,5,1.86,20211013-2
1597,2021-10-13 16:04:39,Brommaplan,2,1.7,20211013-2
1598,2021-10-13 16:04:39,Brommaplan,5,1.84,20211013-2
1599,2021-10-13 16:04:40,Brommaplan,2,1.65,20211013-2
1600,2021-10-13 16:04:40,Brommaplan,2,1.6,20211013-2
1601,2021-10-13 16:04:40,Brommaplan,5,1.83,20211013-2
1602,2021-10-13 16:04:41,Brommaplan,2,1.57,20211013-2
1603,2021-10-13 16:04:41,Brommaplan,5,1.8,20211013-2
1604,2021-10-13 16:04:42,Brommaplan,5,1.75,20211013-2
1605,2021-10-13 16:04:43,Brommaplan,2,1.57,20211013-2
1606,2021-10-13 16:04:44,Brommaplan,2,1.59,20211013-2
1607,2021-10-13 16:04:44,Brommaplan,5,1.7,20211013-2
1608,2021-10-13 16:04:45,Brommaplan,2,1.63,20211013-2
1609,2021-10-13 16:04:45,Brommaplan,5,1.64,20211013-2
1610,2021-10-13 16:04:46,Brommaplan,2,1.65,20211013-2
1611,2021-10-13 16:04:46,Brommaplan,5,1.58,20211013-2
1612,2021-10-13 16:04:47,Brommaplan,2,1.65,20211013-2
1613,2021-10-13 16:04:47,Brommaplan,5,1.51,20211013-2
1614,2021-10-13 16:04:48,Brommaplan,2,1.67,20211013-2
1615,2021-10-13 16:04:48,Brommaplan,5,1.46,20211013-2
1616,2021-10-13 16:04:49,Brommaplan,2,1.71,20211013-2
1617,2021-10-13 16:04:50,Brommaplan,2,1.78,20211013-2
1618,2021-10-13 16:04:50,Brommaplan,5,1.34,20211013-2
1619,2021-10-13 16:04:51,Brommaplan,5,1.29,20211013-2
1620,2021-10-13 16:04:51,Brommaplan,5,1.24,20211013-2
1621,2021-10-13 16:04:52,Brommaplan,2,1.8,20211013-2
1622,2021-10-13 16:04:52,Brommaplan,5,1.21,20211013-2
1623,2021-10-13 16:04:53,Brommaplan,2,1.8,20211013-2
1624,2021-10-13 16:04:53,Brommaplan,2,1.81,20211013-2
1625,2021-10-13 16:04:53,Brommaplan,5,1.19,20211013-2
1626,2021-10-13 16:04:54,Brommaplan,2,1.84,20211013-2
1627,2021-10-13 16:04:54,Brommaplan,5,1.16,20211013-2
1628,2021-10-13 16:04:55,Brommaplan,2,1.86,20211013-2
1629,2021-10-13 16:04:55,Brommaplan,5,1.15,20211013-2
1630,2021-10-13 16:04:56,Brommaplan,5,1.13,20211013-2
1631,2021-10-13 16:04:57,Brommaplan,2,1.88,20211013-2
1632,2021-10-13 16:04:58,Brommaplan,2,1.89,20211013-2
1633,2021-10-13 16:04:58,Brommaplan,5,1.11,20211013-2
1634,2021-10-13 16:04:59,Brommaplan,2,1.88,20211013-2
1635,2021-10-13 16:04:59,Brommaplan,5,1.11,20211013-2
1636,2021-10-13 16:05:00,Brommaplan,2,1.86,20211013-2
1637,2021-10-13 16:05:00,Brommaplan,5,1.12,20211013-2
1638,2021-10-13 16:05:01,Brommaplan,2,1.85,20211013-2
1639,2021-10-13 16:05:01,Brommaplan,5,1.12,20211013-2
1640,2021-10-13 16:05:01,Brommaplan,5,1.11,20211013-2
1641,2021-10-13 16:05:02,Brommaplan,2,1.85,20211013-2
1642,2021-10-13 16:05:03,Brommaplan,2,1.86,20211013-2
1643,2021-10-13 16:05:04,Brommaplan,5,1.09,20211013-2
1644,2021-10-13 16:05:04,Brommaplan,5,1.08,20211013-2
1645,2021-10-13 16:05:05,Brommaplan,2,1.9,20211013-2
1646,2021-10-13 16:05:05,Brommaplan,5,1.06,20211013-2
1647,2021-10-13 16:05:06,Brommaplan,2,1.93,20211013-2
1648,2021-10-13 16:05:06,Brommaplan,2,1.93,20211013-2
1649,2021-10-13 16:05:06,Brommaplan,5,1.09,20211013-2
1650,2021-10-13 16:05:07,Brommaplan,2,1.94,20211013-2
1651,2021-10-13 16:05:07,Brommaplan,5,1.13,20211013-2
1652,2021-10-13 16:05:08,Brommaplan,2,1.95,20211013-2
1653,2021-10-13 16:05:08,Brommaplan,5,1.15,20211013-2
1654,2021-10-13 16:05:09,Brommaplan,2,1.94,20211013-2
1655,2021-10-13 16:05:09,Brommaplan,5,1.16,20211013-2
1656,2021-10-13 16:05:10,Brommaplan,5,1.18,20211013-2
1657,2021-10-13 16:05:11,Brommaplan,2,1.92,20211013-2
1658,2021-10-13 16:05:11,Brommaplan,5,1.19,20211013-2
1659,2021-10-13 16:05:12,Brommaplan,2,1.9,20211013-2
1660,2021-10-13 16:05:12,Brommaplan,5,1.19,20211013-2
1661,2021-10-13 16:05:13,Brommaplan,2,1.87,20211013-2
1662,2021-10-13 16:05:13,Brommaplan,5,1.23,20211013-2
1663,2021-10-13 16:05:14,Brommaplan,2,1.83,20211013-2
1664,2021-10-13 16:05:15,Brommaplan,2,1.8,20211013-2
1665,2021-10-13 16:05:15,Brommaplan,5,1.25,20211013-2
1666,2021-10-13 16:05:16,Brommaplan,2,1.78,20211013-2
1667,2021-10-13 16:05:16,Brommaplan,5,1.26,20211013-2
1668,2021-10-13 16:05:17,Brommaplan,2,1.77,20211013-2
1669,2021-10-13 16:05:17,Brommaplan,5,1.27,20211013-2
1670,2021-10-13 16:05:18,Brommaplan,2,1.78,20211013-2
1671,2021-10-13 16:05:18,Brommaplan,5,1.27,20211013-2
1672,2021-10-13 16:05:19,Brommaplan,2,1.78,20211013-2
1673,2021-10-13 16:05:19,Brommaplan,5,1.28,20211013-2
1674,2021-10-13 16:05:20,Brommaplan,2,1.77,20211013-2
1675,2021-10-13 16:05:20,Brommaplan,5,1.29,20211013-2
1676,2021-10-13 16:05:21,Brommaplan,2,1.77,20211013-2
1677,2021-10-13 16:05:21,Brommaplan,5,1.29,20211013-2
1678,2021-10-13 16:05:22,Brommaplan,5,1.3,20211013-2
1679,2021-10-13 16:05:23,Brommaplan,2,1.76,20211013-2
1680,2021-10-13 16:05:23,Brommaplan,5,1.31,20211013-2
1681,2021-10-13 16:05:24,Brommaplan,2,1.82,20211013-2
1682,2021-10-13 16:05:24,Brommaplan,5,1.32,20211013-2
1683,2021-10-13 16:05:25,Brommaplan,2,1.88,20211013-2
1684,2021-10-13 16:05:25,Brommaplan,5,1.36,20211013-2
1685,2021-10-13 16:05:26,Brommaplan,2,1.94,20211013-2
1686,2021-10-13 16:05:26,Brommaplan,5,1.44,20211013-2
1687,2021-10-13 16:05:27,Brommaplan,2,2.02,20211013-2
1688,2021-10-13 16:05:27,Brommaplan,5,1.51,20211013-2
1689,2021-10-13 16:05:28,Brommaplan,2,2.09,20211013-2
1690,2021-10-13 16:05:29,Brommaplan,2,2.12,20211013-2
1691,2021-10-13 16:05:29,Brommaplan,5,1.58,20211013-2
1692,2021-10-13 16:05:30,Brommaplan,2,2.16,20211013-2
1693,2021-10-13 16:05:30,Brommaplan,5,1.65,20211013-2
1694,2021-10-13 16:05:31,Brommaplan,2,2.17,20211013-2
1695,2021-10-13 16:05:31,Brommaplan,5,1.73,20211013-2
1696,2021-10-13 16:05:32,Brommaplan,2,2.22,20211013-2
1697,2021-10-13 16:05:32,Brommaplan,5,1.79,20211013-2
1698,2021-10-13 16:05:33,Brommaplan,2,2.32,20211013-2
1699,2021-10-13 16:05:33,Brommaplan,5,1.97,20211013-2
1700,2021-10-13 16:05:34,Brommaplan,2,2.43,20211013-2
1701,2021-10-13 16:05:34,Brommaplan,5,2.04,20211013-2
1702,2021-10-13 16:05:35,Brommaplan,2,2.54,20211013-2
1703,2021-10-13 16:05:35,Brommaplan,5,2.11,20211013-2
1704,2021-10-13 16:05:36,Brommaplan,2,2.62,20211013-2
1705,2021-10-13 16:05:36,Brommaplan,5,2.19,20211013-2
1706,2021-10-13 16:05:37,Brommaplan,5,2.25,20211013-2
1707,2021-10-13 16:05:38,Brommaplan,2,2.67,20211013-2
1708,2021-10-13 16:05:38,Brommaplan,5,2.3,20211013-2
1709,2021-10-13 16:05:39,Brommaplan,2,2.7,20211013-2
1710,2021-10-13 16:05:39,Brommaplan,5,2.32,20211013-2
1711,2021-10-13 16:05:40,Brommaplan,2,2.71,20211013-2
1712,2021-10-13 16:05:40,Brommaplan,5,2.4,20211013-2
1713,2021-10-13 16:05:41,Brommaplan,2,2.72,20211013-2
1714,2021-10-13 16:05:41,Brommaplan,5,2.46,20211013-2
1715,2021-10-13 16:05:42,Brommaplan,2,2.77,20211013-2
1716,2021-10-13 16:05:43,Brommaplan,2,2.77,20211013-2
1717,2021-10-13 16:05:43,Brommaplan,5,2.48,20211013-2
1718,2021-10-13 16:05:44,Brommaplan,2,2.78,20211013-2
1719,2021-10-13 16:05:44,Brommaplan,5,2.49,20211013-2
1720,2021-10-13 16:05:45,Brommaplan,2,2.76,20211013-2
1721,2021-10-13 16:05:45,Brommaplan,5,2.49,20211013-2
