STM32_v0.10,,,SPS30_SN:3C91C21B8BAF1A7A
Counter,Latitude,Longitude,gpsUpdated,Speed,Altitude,Satellites,Date,Time,Millis,PM1.0,PM2.5,PM4.0,PM10,Temperature,Humidity,NC0.5,NC1.0,NC2.5,NC4.0,NC10,TypicalParticleSize,TVOC,eCO2,BatteryVIN,compensatedT,compensatedRH,UID
0,59.348828,18.073224,1,-1.0,25.9,6,20210821,154050,16714,2.12,8.45,13.46,14.47,29.2,29.3,0.00,9.81,16.54,17.73,17.92,1.63,0,0,3.68,25.2,36.6,A7A
1,59.348885,18.073250,1,2.8,28.3,6,20210821,154058,23615,0.72,0.77,0.77,0.77,29.0,28.8,4.98,5.77,5.78,5.79,5.79,0.28,0,0,3.68,25.0,35.9,A7A
2,59.348893,18.073248,1,2.1,29.2,6,20210821,154059,24692,0.73,0.77,0.77,0.77,29.0,28.9,5.03,5.83,5.84,5.84,5.85,0.28,0,0,3.68,25.0,36.1,A7A
3,59.348893,18.073248,1,2.1,29.2,6,20210821,154100,25761,0.74,0.78,0.78,0.78,29.0,29.1,5.07,5.87,5.89,5.89,5.89,0.28,0,0,3.67,25.0,36.3,A7A
4,59.348893,18.073236,1,2.1,29.9,6,20210821,154101,26830,0.74,0.78,0.78,0.78,29.0,29.8,5.05,5.85,5.87,5.87,5.87,0.28,0,0,3.67,25.0,37.2,A7A
5,59.348893,18.073240,1,1.9,30.2,6,20210821,154102,27899,0.73,0.77,0.77,0.77,29.0,30.3,4.99,5.78,5.79,5.79,5.79,0.28,0,0,3.68,25.0,37.8,A7A
6,59.348885,18.073242,1,5.5,30.6,6,20210821,154103,28975,0.71,0.75,0.75,0.75,29.0,30.4,4.88,5.66,5.67,5.67,5.67,0.28,0,0,3.67,25.0,37.9,A7A
7,59.348869,18.073246,1,7.8,30.9,6,20210821,154104,30044,0.70,0.74,0.74,0.74,29.0,30.5,4.80,5.56,5.58,5.58,5.58,0.28,0,0,3.68,25.0,38.1,A7A
8,59.348853,18.073246,1,6.6,31.2,6,20210821,154105,31114,0.68,0.72,0.72,0.72,29.0,30.6,4.69,5.43,5.44,5.44,5.45,0.28,0,0,3.67,25.0,38.2,A7A
9,59.348853,18.073260,1,6.9,32.4,6,20210821,154106,32183,0.66,0.70,0.70,0.70,29.0,30.9,4.55,5.27,5.28,5.28,5.28,0.28,0,0,3.67,25.0,38.5,A7A
10,59.348836,18.073279,1,5.7,32.8,6,20210821,154107,33259,0.64,0.68,0.68,0.68,29.0,31.2,4.39,5.08,5.10,5.10,5.10,0.28,0,0,3.67,25.0,39.0,A7A
11,59.348820,18.073285,1,6.8,33.2,6,20210821,154108,34329,0.61,0.65,0.65,0.65,29.0,31.5,4.22,4.88,4.90,4.90,4.90,0.28,0,0,3.68,25.0,39.4,A7A
12,59.348804,18.073279,1,6.1,33.9,6,20210821,154110,35398,0.59,0.62,0.62,0.62,29.0,31.7,4.03,4.67,4.68,4.69,4.69,0.28,0,0,3.67,25.0,39.6,A7A
13,59.348787,18.073273,1,5.1,34.1,6,20210821,154111,36474,0.56,0.59,0.59,0.59,29.0,31.8,3.85,4.46,4.47,4.47,4.47,0.28,0,0,3.67,25.0,39.7,A7A
14,59.348787,18.073254,1,2.6,34.6,6,20210821,154112,37543,0.51,0.54,0.54,0.54,29.0,31.8,3.51,4.07,4.08,4.08,4.08,0.28,0,0,3.68,25.0,39.7,A7A
15,59.348787,18.073252,1,1.3,35.5,6,20210821,154113,38612,0.49,0.52,0.52,0.52,29.0,31.7,3.36,3.90,3.91,3.91,3.91,0.28,0,0,3.67,25.0,39.6,A7A
16,59.348787,18.073254,1,0.0,35.9,6,20210821,154114,39681,0.47,0.49,0.49,0.49,29.0,31.8,3.21,3.72,3.73,3.73,3.73,0.28,0,0,3.67,25.0,39.6,A7A
17,59.348787,18.073250,1,0.0,36.0,6,20210821,154115,40758,0.44,0.47,0.47,0.47,29.0,31.6,3.05,3.54,3.55,3.55,3.55,0.28,0,0,3.67,25.0,39.5,A7A
18,59.348779,18.073267,1,0.0,36.7,6,20210821,154116,41828,0.42,0.45,0.45,0.45,29.0,31.6,2.90,3.35,3.36,3.36,3.36,0.28,0,0,3.67,25.0,39.5,A7A
19,59.348779,18.073267,1,5.1,37.2,6,20210821,154117,42898,0.41,0.43,0.43,0.43,29.0,31.5,2.79,3.23,3.24,3.24,3.24,0.30,0,0,3.67,25.0,39.4,A7A
20,59.348771,18.073269,1,0.0,37.3,6,20210821,154118,43975,0.39,0.41,0.41,0.41,29.0,31.4,2.67,3.10,3.10,3.11,3.11,0.30,0,0,3.67,25.0,39.2,A7A
21,59.348771,18.073269,1,0.0,37.7,6,20210821,154119,45045,0.38,0.40,0.40,0.40,29.0,31.0,2.60,3.02,3.02,3.02,3.03,0.31,0,0,3.68,25.0,38.7,A7A
22,59.348771,18.073271,1,0.0,38.0,6,20210821,154120,46115,0.37,0.39,0.39,0.39,29.0,30.9,2.52,2.92,2.93,2.93,2.93,0.31,0,0,3.68,25.0,38.5,A7A
23,59.348763,18.073271,1,3.9,38.1,6,20210821,154121,47185,0.36,0.38,0.38,0.38,28.9,30.8,2.48,2.87,2.88,2.88,2.88,0.35,0,0,3.68,24.9,38.4,A7A
24,59.348755,18.073271,1,3.6,38.8,6,20210821,154123,48262,0.36,0.38,0.38,0.38,28.9,30.6,2.47,2.86,2.87,2.87,2.87,0.39,0,0,3.67,24.9,38.2,A7A
25,59.348730,18.073275,1,3.2,40.8,6,20210821,154124,49332,0.35,0.38,0.38,0.38,28.9,30.5,2.44,2.82,2.83,2.83,2.83,0.39,0,0,3.67,24.9,38.1,A7A
26,59.348739,18.073277,1,1.4,41.6,6,20210821,154125,50401,0.35,0.37,0.37,0.37,29.0,30.7,2.39,2.77,2.77,2.77,2.77,0.39,0,0,3.67,25.0,38.3,A7A
27,59.348747,18.073275,1,0.9,41.1,6,20210821,154126,51470,0.35,0.37,0.37,0.37,28.9,31.0,2.43,2.81,2.82,2.82,2.82,0.50,0,0,3.68,24.9,38.7,A7A
28,59.348747,18.073273,1,0.0,40.6,6,20210821,154127,52546,0.35,0.37,0.37,0.37,28.9,31.3,2.40,2.79,2.79,2.79,2.79,0.50,0,0,3.68,24.9,39.0,A7A
29,59.348747,18.073271,1,0.0,40.5,6,20210821,154128,53615,0.34,0.36,0.36,0.36,29.0,31.2,2.36,2.74,2.75,2.75,2.75,0.50,0,0,3.67,25.0,38.9,A7A
30,59.348755,18.073269,1,0.0,40.8,6,20210821,154129,54685,0.34,0.36,0.36,0.36,29.0,31.3,2.31,2.67,2.68,2.68,2.68,0.50,0,0,3.67,25.0,39.0,A7A
31,59.348763,18.073271,1,0.0,40.8,6,20210821,154130,55762,0.33,0.35,0.35,0.35,29.0,31.7,2.29,2.65,2.66,2.66,2.66,0.47,0,0,3.67,25.0,39.5,A7A
32,59.348763,18.073267,1,3.6,41.1,6,20210821,154131,56832,0.33,0.35,0.35,0.35,28.9,31.9,2.30,2.66,2.67,2.67,2.67,0.47,0,0,3.67,24.9,39.8,A7A
33,59.348755,18.073263,1,0.0,41.5,6,20210821,154132,57902,0.35,0.37,0.37,0.37,28.9,31.5,2.43,2.82,2.83,2.83,2.83,0.43,0,0,3.67,24.9,39.3,A7A
34,59.348755,18.073260,1,0.0,41.6,6,20210821,154133,58972,0.37,0.39,0.39,0.39,28.9,31.0,2.52,2.92,2.93,2.93,2.93,0.43,0,0,3.67,24.9,38.7,A7A
35,59.348747,18.073256,1,4.5,41.4,6,20210821,154134,60049,0.37,0.39,0.39,0.39,29.0,31.0,2.56,2.97,2.98,2.98,2.98,0.43,0,0,3.67,25.0,38.7,A7A
36,59.348739,18.073250,1,3.1,41.6,6,20210821,154136,61119,0.37,0.40,0.40,0.40,29.0,31.2,2.57,2.98,2.99,2.99,2.99,0.43,0,0,3.67,25.0,39.0,A7A
37,59.348747,18.073248,1,0.0,41.3,6,20210821,154137,62189,0.37,0.39,0.39,0.39,29.0,31.1,2.56,2.96,2.97,2.97,2.97,0.43,0,0,3.67,25.0,38.8,A7A
38,59.348747,18.073242,1,0.0,41.3,6,20210821,154138,63258,0.37,0.39,0.39,0.39,29.0,31.3,2.52,2.92,2.92,2.92,2.92,0.43,0,0,3.67,25.0,39.1,A7A
39,59.348730,18.073240,1,0.0,41.3,6,20210821,154139,64334,0.37,0.39,0.39,0.39,29.0,31.9,2.51,2.91,2.91,2.91,2.92,0.44,0,0,3.67,25.0,39.8,A7A
40,59.348747,18.073246,1,3.9,42.0,6,20210821,154140,65403,0.36,0.38,0.38,0.38,29.0,32.3,2.48,2.87,2.88,2.88,2.88,0.44,0,0,3.68,25.0,40.3,A7A
41,59.348747,18.073248,1,3.1,43.2,6,20210821,154141,66472,0.36,0.39,0.39,0.39,29.0,32.4,2.50,2.90,2.91,2.91,2.91,0.43,0,0,3.67,25.0,40.5,A7A
42,59.348747,18.073246,1,1.6,43.9,6,20210821,154142,67548,0.36,0.38,0.38,0.38,28.9,32.3,2.50,2.89,2.90,2.90,2.90,0.43,0,0,3.68,24.9,40.3,A7A
43,59.348755,18.073244,1,1.5,44.8,6,20210821,154143,68617,0.36,0.38,0.38,0.38,28.9,31.7,2.47,2.86,2.87,2.87,2.87,0.43,0,0,3.67,24.9,39.6,A7A
44,59.348755,18.073246,1,1.6,46.9,6,20210821,154144,69686,0.36,0.38,0.38,0.38,28.9,31.1,2.47,2.86,2.87,2.87,2.87,0.43,0,0,3.68,24.9,38.9,A7A
45,59.348763,18.073244,1,2.4,48.1,6,20210821,154145,70756,0.36,0.38,0.38,0.38,28.9,30.7,2.45,2.83,2.84,2.84,2.84,0.43,0,0,3.67,24.9,38.3,A7A
46,59.348763,18.073240,1,1.3,49.2,6,20210821,154146,71833,0.35,0.37,0.37,0.37,28.9,30.4,2.40,2.78,2.79,2.79,2.79,0.43,0,0,3.67,24.9,37.9,A7A
47,59.348763,18.073236,1,0.0,48.7,6,20210821,154147,72903,0.34,0.36,0.36,0.36,28.9,30.1,2.34,2.72,2.72,2.72,2.72,0.43,0,0,3.68,24.9,37.6,A7A
48,59.348779,18.073232,1,0.0,47.3,6,20210821,154149,73973,0.33,0.35,0.35,0.35,28.9,29.9,2.27,2.63,2.64,2.64,2.64,0.43,0,0,3.67,24.9,37.4,A7A
49,59.348779,18.073230,1,0.0,47.3,6,20210821,154150,75050,0.32,0.34,0.34,0.34,28.9,29.8,2.19,2.54,2.55,2.55,2.55,0.43,0,0,3.68,24.9,37.2,A7A
50,59.348771,18.073224,1,0.0,47.5,6,20210821,154151,76120,0.31,0.32,0.32,0.32,28.9,29.6,2.10,2.44,2.44,2.45,2.45,0.43,0,0,3.68,24.9,36.9,A7A
51,59.348771,18.073220,1,0.0,47.8,6,20210821,154152,77190,0.29,0.31,0.31,0.31,28.9,29.4,2.01,2.33,2.34,2.34,2.34,0.43,0,0,3.67,24.9,36.7,A7A
52,59.348771,18.073218,1,0.0,47.9,6,20210821,154153,78260,0.29,0.30,0.30,0.30,28.9,29.3,1.97,2.28,2.29,2.29,2.29,0.45,0,0,3.67,24.9,36.6,A7A
53,59.348771,18.073214,1,0.0,48.0,6,20210821,154154,79336,0.27,0.28,0.28,0.28,28.9,29.1,1.85,2.14,2.15,2.15,2.15,0.45,0,0,3.67,24.9,36.4,A7A
54,59.348771,18.073212,1,0.0,48.3,6,20210821,154155,80405,0.26,0.27,0.27,0.27,28.9,29.0,1.78,2.06,2.06,2.07,2.07,0.45,0,0,3.67,24.9,36.2,A7A
55,59.348771,18.073208,1,0.0,48.6,6,20210821,154156,81474,0.26,0.28,0.28,0.28,28.9,29.0,1.80,2.09,2.09,2.09,2.09,0.46,0,0,3.68,24.9,36.1,A7A
56,59.348763,18.073204,1,0.0,48.8,6,20210821,154157,82543,0.27,0.29,0.29,0.29,28.9,28.9,1.85,2.15,2.15,2.15,2.15,0.49,0,0,3.67,24.9,36.0,A7A
57,59.348763,18.073199,1,0.0,48.8,6,20210821,154158,83619,0.27,0.29,0.29,0.29,28.9,28.8,1.88,2.18,2.18,2.18,2.18,0.49,0,0,3.68,24.9,36.0,A7A
58,59.348755,18.073199,1,3.3,48.5,6,20210821,154159,84688,0.27,0.29,0.29,0.29,28.9,28.8,1.88,2.18,2.18,2.18,2.18,0.49,0,0,3.68,24.9,36.0,A7A
59,59.348747,18.073201,1,2.0,48.4,6,20210821,154200,85758,0.28,0.29,0.29,0.29,28.9,30.1,1.91,2.21,2.22,2.22,2.22,0.47,0,0,3.67,24.9,37.6,A7A
60,59.348747,18.073204,1,0.6,48.1,6,20210821,154202,86836,0.29,0.30,0.30,0.30,29.0,32.1,1.96,2.28,2.28,2.28,2.28,0.46,0,0,3.67,25.0,40.0,A7A
61,59.348747,18.073201,1,0.0,48.6,6,20210821,154203,87906,0.29,0.31,0.31,0.31,29.0,33.5,1.99,2.31,2.31,2.31,2.31,0.46,0,0,3.67,25.0,41.8,A7A
62,59.348739,18.073193,1,0.0,48.8,6,20210821,154204,88976,0.29,0.31,0.31,0.31,29.0,33.9,1.99,2.31,2.31,2.31,2.31,0.46,0,0,3.67,25.0,42.3,A7A
63,59.348730,18.073189,1,0.0,48.9,6,20210821,154205,90046,0.29,0.30,0.30,0.30,29.0,33.8,1.97,2.28,2.29,2.29,2.29,0.46,0,0,3.67,25.0,42.2,A7A
64,59.348722,18.073181,1,3.0,49.6,6,20210821,154206,91123,0.30,0.31,0.31,0.31,29.0,33.5,2.04,2.36,2.37,2.37,2.37,0.45,0,0,3.67,25.0,41.8,A7A
65,59.348714,18.073177,1,2.1,50.5,6,20210821,154207,92193,0.30,0.32,0.32,0.32,29.0,33.1,2.07,2.40,2.40,2.40,2.40,0.45,0,0,3.67,25.0,41.3,A7A
66,59.348714,18.073175,1,1.2,51.0,6,20210821,154208,93262,0.30,0.32,0.32,0.32,28.9,32.6,2.06,2.38,2.39,2.39,2.39,0.45,0,0,3.68,24.9,40.7,A7A
67,59.348706,18.073175,1,1.6,51.4,6,20210821,154209,94331,0.29,0.31,0.31,0.31,29.0,32.3,2.02,2.34,2.35,2.35,2.35,0.45,0,0,3.67,25.0,40.3,A7A
68,59.348714,18.073173,1,1.9,50.3,6,20210821,154210,95407,0.29,0.30,0.30,0.30,29.0,32.0,1.97,2.29,2.29,2.29,2.29,0.45,0,0,3.67,25.0,39.9,A7A
69,59.348714,18.073171,1,0.0,50.6,6,20210821,154211,96476,0.28,0.29,0.29,0.29,29.0,31.7,1.92,2.22,2.23,2.23,2.23,0.45,0,0,3.67,25.0,39.5,A7A
70,59.348706,18.073171,1,0.0,50.8,6,20210821,154212,97545,0.27,0.28,0.28,0.28,29.0,31.4,1.85,2.14,2.15,2.15,2.15,0.45,0,0,3.68,25.0,39.2,A7A
71,59.348706,18.073169,1,0.0,51.0,6,20210821,154213,98621,0.26,0.27,0.27,0.27,29.0,31.2,1.78,2.06,2.06,2.07,2.07,0.45,0,0,3.67,25.0,39.0,A7A
72,59.348706,18.073169,1,0.0,51.0,6,20210821,154213,99690,0.25,0.27,0.27,0.27,29.1,31.2,1.75,2.03,2.03,2.03,2.03,0.45,0,0,3.67,25.1,39.0,A7A
73,59.348706,18.073167,1,0.0,51.1,6,20210821,154215,100760,0.26,0.28,0.28,0.28,29.1,31.2,1.81,2.10,2.10,2.10,2.10,0.46,0,0,3.67,25.1,39.0,A7A
74,59.348706,18.073165,1,0.0,51.3,6,20210821,154216,101831,0.27,0.28,0.28,0.28,29.1,31.3,1.84,2.13,2.14,2.14,2.14,0.46,0,0,3.67,25.1,39.0,A7A
75,59.348706,18.073163,1,0.0,51.7,6,20210821,154217,102898,0.27,0.28,0.28,0.28,29.1,31.2,1.85,2.14,2.15,2.15,2.15,0.46,0,0,3.67,25.1,39.0,A7A
76,59.348706,18.073163,1,0.0,51.8,6,20210821,154218,103969,0.27,0.28,0.28,0.28,29.1,31.2,1.84,2.13,2.13,2.13,2.13,0.46,0,0,3.68,25.1,38.9,A7A
77,59.348706,18.073171,1,0.0,51.9,6,20210821,154219,105040,0.26,0.28,0.28,0.28,29.1,31.1,1.81,2.09,2.10,2.10,2.10,0.46,0,0,3.67,25.1,38.8,A7A
78,59.348698,18.073173,1,2.2,51.8,6,20210821,154220,106107,0.26,0.27,0.27,0.27,29.1,31.0,1.77,2.05,2.05,2.05,2.05,0.46,0,0,3.67,25.1,38.7,A7A
79,59.348706,18.073175,1,1.7,51.9,6,20210821,154221,107178,0.25,0.26,0.26,0.26,29.1,30.8,1.71,1.99,1.99,1.99,1.99,0.46,0,0,3.67,25.1,38.5,A7A
80,59.348698,18.073173,1,0.5,51.8,6,20210821,154222,108249,0.23,0.24,0.24,0.24,29.1,30.6,1.59,1.84,1.85,1.85,1.85,0.46,0,0,3.67,25.1,38.2,A7A
81,59.348698,18.073167,1,1.2,51.5,6,20210821,154223,109320,0.22,0.23,0.23,0.23,29.1,30.5,1.52,1.76,1.77,1.77,1.77,0.46,0,0,3.68,25.1,38.1,A7A
82,59.348714,18.073157,1,1.7,50.7,6,20210821,154225,110397,0.21,0.22,0.22,0.22,29.1,30.4,1.45,1.68,1.69,1.69,1.69,0.46,0,0,3.68,25.1,37.9,A7A
83,59.348714,18.073155,1,0.7,51.1,6,20210821,154226,111467,0.20,0.21,0.21,0.21,29.1,30.2,1.38,1.60,1.60,1.61,1.61,0.46,0,0,3.67,25.1,37.6,A7A
84,59.348714,18.073155,1,0.7,51.1,6,20210821,154226,112537,0.19,0.20,0.20,0.20,29.1,29.9,1.31,1.52,1.52,1.52,1.52,0.46,0,0,3.67,25.1,37.3,A7A
85,59.348706,18.073155,1,1.6,51.3,6,20210821,154228,113607,0.18,0.19,0.19,0.19,29.1,29.7,1.24,1.44,1.44,1.44,1.44,0.46,0,0,3.67,25.1,37.0,A7A
86,59.348698,18.073151,1,3.7,51.5,6,20210821,154229,114684,0.17,0.18,0.18,0.18,29.1,29.5,1.17,1.35,1.36,1.36,1.36,0.46,0,0,3.67,25.1,36.8,A7A
87,59.348698,18.073151,1,0.6,52.0,6,20210821,154230,115755,0.16,0.17,0.17,0.17,29.1,29.3,1.10,1.28,1.28,1.28,1.28,0.46,0,0,3.67,25.1,36.6,A7A
88,59.348706,18.073151,1,0.0,52.1,6,20210821,154231,116826,0.15,0.16,0.16,0.16,29.1,29.2,1.03,1.20,1.20,1.20,1.20,0.46,0,0,3.67,25.1,36.5,A7A
89,59.348706,18.073153,1,0.0,52.3,6,20210821,154232,117893,0.14,0.15,0.15,0.15,29.1,29.1,0.97,1.12,1.13,1.13,1.13,0.46,0,0,3.67,25.1,36.4,A7A
90,59.348706,18.073153,1,0.0,52.5,6,20210821,154233,118964,0.13,0.14,0.14,0.14,29.1,29.1,0.91,1.05,1.06,1.06,1.06,0.46,0,0,3.67,25.1,36.3,A7A
91,59.348706,18.073153,1,0.0,52.6,6,20210821,154234,120035,0.12,0.13,0.13,0.13,29.1,29.0,0.85,0.98,0.99,0.99,0.99,0.46,0,0,3.67,25.1,36.2,A7A
92,59.348706,18.073153,1,0.0,52.8,6,20210821,154235,121105,0.12,0.12,0.12,0.12,29.1,28.9,0.79,0.92,0.92,0.92,0.92,0.46,0,0,3.67,25.1,36.1,A7A
93,59.348706,18.073153,1,0.0,53.0,5,20210821,154236,122182,0.10,0.11,0.11,0.11,29.1,28.8,0.69,0.80,0.80,0.80,0.80,0.46,0,0,3.67,25.1,36.0,A7A
94,59.348706,18.073153,1,0.0,53.2,5,20210821,154237,123252,0.10,0.11,0.11,0.11,29.1,28.8,0.69,0.80,0.80,0.80,0.80,0.47,0,0,3.67,25.1,35.9,A7A
95,59.348706,18.073153,1,0.0,53.4,5,20210821,154238,124322,0.10,0.11,0.11,0.11,29.1,28.7,0.69,0.79,0.80,0.80,0.80,0.47,0,0,3.67,25.1,35.9,A7A
96,59.348706,18.073153,1,0.0,53.7,5,20210821,154239,125392,0.10,0.10,0.10,0.10,29.1,28.7,0.67,0.78,0.78,0.78,0.78,0.47,0,0,3.67,25.1,35.8,A7A
97,59.348706,18.073153,1,0.0,53.9,5,20210821,154241,126469,0.10,0.10,0.10,0.10,29.1,28.7,0.66,0.76,0.76,0.76,0.76,0.47,0,0,3.67,25.1,35.8,A7A
98,59.348706,18.073151,1,0.0,54.1,5,20210821,154242,127539,0.09,0.10,0.10,0.10,29.1,28.7,0.64,0.74,0.74,0.74,0.74,0.47,0,0,3.67,25.1,35.8,A7A
99,59.348690,18.073147,1,5.0,54.2,5,20210821,154243,128609,0.09,0.09,0.09,0.09,29.1,28.6,0.62,0.71,0.72,0.72,0.72,0.47,0,0,3.68,25.1,35.7,A7A
100,59.348690,18.073147,1,0.0,54.4,5,20210821,154244,129686,0.09,0.09,0.09,0.09,29.1,28.6,0.59,0.69,0.69,0.69,0.69,0.47,0,0,3.67,25.1,35.7,A7A
101,59.348690,18.073147,1,0.0,54.7,5,20210821,154245,130757,0.08,0.09,0.09,0.09,29.1,28.7,0.57,0.66,0.66,0.66,0.66,0.47,0,0,3.67,25.1,35.8,A7A
102,59.348690,18.073145,1,0.0,55.0,5,20210821,154246,131828,0.08,0.08,0.08,0.08,29.1,28.7,0.54,0.63,0.63,0.63,0.63,0.47,0,0,3.67,25.1,35.8,A7A
103,59.348690,18.073145,1,0.0,55.2,5,20210821,154247,132899,0.07,0.08,0.08,0.08,29.1,28.7,0.51,0.60,0.60,0.60,0.60,0.47,0,0,3.67,25.1,35.8,A7A
104,59.348690,18.073145,1,0.0,55.4,5,20210821,154248,133966,0.07,0.07,0.07,0.07,29.1,29.2,0.49,0.56,0.57,0.57,0.57,0.47,0,0,3.67,25.1,36.4,A7A
105,59.348690,18.073147,1,0.0,55.6,5,20210821,154249,135037,0.07,0.07,0.07,0.07,29.1,29.6,0.46,0.53,0.54,0.54,0.54,0.47,0,0,3.67,25.1,36.9,A7A
106,59.348690,18.073147,1,0.0,55.9,5,20210821,154250,136108,0.07,0.08,0.08,0.08,29.2,29.9,0.50,0.58,0.58,0.58,0.58,0.47,0,0,3.67,25.2,37.3,A7A
107,59.348690,18.073147,1,0.0,56.2,5,20210821,154251,137176,0.08,0.09,0.09,0.09,29.2,30.7,0.56,0.64,0.64,0.65,0.65,0.47,0,0,3.67,25.2,38.3,A7A
108,59.348690,18.073147,1,0.0,56.4,6,20210821,154252,138248,0.09,0.09,0.09,0.09,29.2,31.5,0.60,0.69,0.69,0.69,0.69,0.47,0,0,3.67,25.2,39.3,A7A
109,59.348690,18.073147,1,0.0,56.5,6,20210821,154254,139320,0.09,0.10,0.10,0.10,29.2,32.1,0.62,0.72,0.72,0.72,0.72,0.47,0,0,3.68,25.2,40.1,A7A
110,59.348690,18.073147,1,0.0,56.7,6,20210821,154255,140391,0.09,0.10,0.10,0.10,29.3,32.6,0.64,0.74,0.74,0.74,0.74,0.47,0,0,3.67,25.3,40.6,A7A
111,59.348690,18.073147,1,0.0,57.0,6,20210821,154256,141458,0.09,0.10,0.10,0.10,29.3,32.9,0.64,0.75,0.75,0.75,0.75,0.47,0,0,3.67,25.3,41.1,A7A
112,59.348690,18.073147,1,0.0,57.3,6,20210821,154257,142529,0.09,0.10,0.10,0.10,29.3,33.0,0.64,0.74,0.75,0.75,0.75,0.47,0,0,3.68,25.3,41.2,A7A
113,59.348690,18.073149,1,0.0,57.4,6,20210821,154258,143600,0.09,0.10,0.10,0.10,29.3,33.3,0.63,0.73,0.74,0.74,0.74,0.47,0,0,3.67,25.3,41.5,A7A
114,59.348690,18.073149,1,0.0,57.7,6,20210821,154259,144668,0.09,0.10,0.10,0.10,29.3,33.7,0.62,0.72,0.72,0.72,0.72,0.47,0,0,3.68,25.3,42.1,A7A
115,59.348690,18.073149,1,0.0,57.9,6,20210821,154300,145740,0.09,0.09,0.09,0.09,29.3,33.9,0.61,0.70,0.70,0.70,0.70,0.47,0,0,3.67,25.3,42.2,A7A
116,59.348682,18.073149,1,0.0,58.1,6,20210821,154301,146812,0.09,0.09,0.09,0.09,29.4,33.8,0.59,0.68,0.68,0.68,0.68,0.47,0,0,3.67,25.4,42.2,A7A
117,59.348682,18.073149,1,0.0,58.2,6,20210821,154302,147884,0.08,0.09,0.09,0.09,29.3,33.6,0.56,0.65,0.66,0.66,0.66,0.47,0,0,3.67,25.3,42.0,A7A
118,59.348682,18.073151,1,0.0,58.3,6,20210821,154303,148952,0.08,0.08,0.08,0.08,29.4,33.4,0.54,0.63,0.63,0.63,0.63,0.47,0,0,3.67,25.4,41.7,A7A
119,59.348682,18.073151,1,0.0,58.5,6,20210821,154304,150024,0.07,0.08,0.08,0.08,29.3,33.2,0.49,0.57,0.57,0.57,0.57,0.47,0,0,3.67,25.3,41.4,A7A
120,59.348682,18.073151,1,0.0,58.6,6,20210821,154305,151096,0.07,0.07,0.07,0.07,29.4,32.9,0.47,0.54,0.54,0.54,0.54,0.47,0,0,3.67,25.4,41.0,A7A
121,59.348682,18.073151,1,0.0,58.8,6,20210821,154307,152168,0.06,0.07,0.07,0.07,29.3,32.6,0.44,0.51,0.51,0.51,0.51,0.47,0,0,3.67,25.3,40.7,A7A
122,59.348682,18.073153,1,0.0,58.9,6,20210821,154308,153236,0.06,0.06,0.06,0.06,29.3,32.3,0.42,0.48,0.49,0.49,0.49,0.47,0,0,3.68,25.3,40.3,A7A
123,59.348682,18.073151,1,0.0,58.9,6,20210821,154309,154308,0.06,0.07,0.07,0.07,29.3,32.0,0.44,0.51,0.52,0.52,0.52,0.48,0,0,3.67,25.3,40.0,A7A
124,59.348682,18.073151,1,0.0,58.9,6,20210821,154310,155380,0.07,0.07,0.07,0.07,29.4,31.8,0.46,0.53,0.53,0.53,0.53,0.48,0,0,3.67,25.4,39.7,A7A
125,59.348682,18.073151,1,0.0,58.8,6,20210821,154311,156448,0.07,0.07,0.07,0.07,29.4,31.6,0.47,0.54,0.54,0.54,0.54,0.48,0,0,3.67,25.4,39.4,A7A
126,59.348682,18.073149,1,0.0,58.8,6,20210821,154312,157520,0.08,0.08,0.08,0.08,29.4,31.4,0.52,0.60,0.61,0.61,0.61,0.49,0,0,3.67,25.4,39.2,A7A
127,59.348682,18.073149,1,0.0,58.8,6,20210821,154313,158592,0.09,0.09,0.09,0.09,29.4,31.3,0.61,0.70,0.71,0.71,0.71,0.48,0,0,3.67,25.4,39.0,A7A
128,59.348682,18.073149,1,0.0,58.8,6,20210821,154314,159664,0.10,0.10,0.10,0.10,29.4,31.1,0.67,0.78,0.78,0.78,0.78,0.48,0,0,3.67,25.4,38.8,A7A
129,59.348682,18.073149,1,0.0,58.8,6,20210821,154315,160732,0.11,0.12,0.12,0.12,29.4,31.0,0.77,0.89,0.89,0.89,0.89,0.49,0,0,3.67,25.4,38.7,A7A
130,59.348682,18.073149,1,0.0,58.8,6,20210821,154316,161804,0.12,0.13,0.13,0.13,29.4,30.9,0.84,0.97,0.97,0.97,0.97,0.49,0,0,3.67,25.4,38.6,A7A
131,59.348665,18.073153,1,7.3,58.7,6,20210821,154317,162876,0.13,0.14,0.14,0.14,29.4,30.8,0.88,1.02,1.03,1.03,1.03,0.49,0,0,3.67,25.4,38.4,A7A
132,59.348657,18.073155,1,4.9,58.6,6,20210821,154318,163944,0.14,0.14,0.14,0.14,29.4,30.8,0.93,1.08,1.08,1.08,1.08,0.49,0,0,3.67,25.4,38.4,A7A
133,59.348657,18.073155,1,0.0,58.6,6,20210821,154320,165016,0.15,0.16,0.16,0.16,29.5,30.7,1.05,1.22,1.22,1.22,1.22,0.47,0,0,3.67,25.5,38.3,A7A
134,59.348657,18.073155,1,0.0,58.7,6,20210821,154321,166088,0.16,0.17,0.17,0.17,29.4,30.6,1.13,1.31,1.31,1.31,1.31,0.47,0,0,3.67,25.4,38.2,A7A
135,59.348649,18.073155,1,0.0,57.9,6,20210821,154322,167160,0.18,0.19,0.19,0.19,29.4,30.6,1.23,1.43,1.43,1.43,1.43,0.48,0,0,3.67,25.4,38.1,A7A
136,59.348641,18.073153,1,5.6,57.5,6,20210821,154323,168228,0.19,0.20,0.20,0.20,29.5,30.5,1.30,1.51,1.51,1.51,1.51,0.48,0,0,3.67,25.5,38.1,A7A
137,59.348657,18.073147,1,4.1,56.3,6,20210821,154324,169300,0.20,0.21,0.21,0.21,29.5,30.5,1.35,1.56,1.56,1.56,1.56,0.48,0,0,3.67,25.5,38.0,A7A
138,59.348657,18.073145,1,4.8,56.5,6,20210821,154325,170372,0.20,0.21,0.21,0.21,29.5,30.5,1.37,1.59,1.59,1.59,1.59,0.48,0,0,3.67,25.5,38.0,A7A
139,59.348665,18.073145,1,0.0,56.7,6,20210821,154326,171444,0.20,0.21,0.21,0.21,29.5,30.4,1.37,1.59,1.59,1.60,1.60,0.48,0,0,3.67,25.5,37.9,A7A
140,59.348665,18.073142,1,0.0,56.8,6,20210821,154327,172512,0.20,0.21,0.21,0.21,29.5,30.4,1.36,1.58,1.58,1.58,1.58,0.48,0,0,3.67,25.5,37.9,A7A
141,59.348665,18.073142,1,0.0,57.0,6,20210821,154328,173584,0.20,0.21,0.21,0.21,29.5,30.3,1.34,1.55,1.56,1.56,1.56,0.48,0,0,3.67,25.5,37.8,A7A
142,59.348665,18.073142,1,0.0,57.3,6,20210821,154329,174656,0.19,0.20,0.20,0.20,29.5,30.3,1.31,1.52,1.52,1.52,1.52,0.48,0,0,3.67,25.5,37.8,A7A
143,59.348665,18.073140,1,0.0,57.8,6,20210821,154330,175724,0.19,0.20,0.20,0.20,29.5,30.2,1.27,1.47,1.48,1.48,1.48,0.48,0,0,3.67,25.5,37.7,A7A
144,59.348665,18.073138,1,0.0,57.8,6,20210821,154331,176796,0.19,0.20,0.20,0.20,29.5,30.1,1.28,1.48,1.48,1.48,1.48,0.47,0,0,3.66,25.5,37.6,A7A
145,59.348674,18.073138,1,0.0,57.5,6,20210821,154333,177868,0.19,0.20,0.20,0.20,29.5,30.0,1.30,1.51,1.51,1.51,1.51,0.46,0,0,3.67,25.5,37.5,A7A
146,59.348674,18.073138,1,0.0,57.3,6,20210821,154334,178940,0.19,0.20,0.20,0.20,29.5,30.0,1.31,1.52,1.52,1.52,1.52,0.46,0,0,3.67,25.5,37.5,A7A
147,59.348682,18.073138,1,0.0,57.4,6,20210821,154335,180008,0.19,0.20,0.20,0.20,29.6,30.0,1.31,1.52,1.52,1.52,1.52,0.46,0,0,3.67,25.6,37.4,A7A
148,59.348690,18.073136,1,0.0,57.5,6,20210821,154336,181080,0.19,0.20,0.20,0.20,29.5,29.9,1.29,1.50,1.50,1.50,1.50,0.46,0,0,3.67,25.5,37.3,A7A
149,59.348690,18.073136,1,0.0,57.7,6,20210821,154337,182152,0.18,0.19,0.19,0.19,29.5,30.0,1.27,1.47,1.47,1.47,1.47,0.46,0,0,3.67,25.5,37.4,A7A
150,59.348690,18.073136,1,0.0,58.4,6,20210821,154338,183220,0.18,0.19,0.19,0.19,29.6,30.0,1.23,1.43,1.43,1.43,1.43,0.46,0,0,3.67,25.6,37.4,A7A
151,59.348690,18.073138,1,0.0,58.7,6,20210821,154339,184292,0.17,0.18,0.18,0.18,29.6,29.9,1.19,1.38,1.39,1.39,1.39,0.46,0,0,3.67,25.6,37.3,A7A
152,59.348690,18.073138,1,0.0,59.1,6,20210821,154340,185364,0.17,0.18,0.18,0.18,29.6,29.9,1.15,1.33,1.34,1.34,1.34,0.46,0,0,3.67,25.6,37.3,A7A
153,59.348690,18.073140,1,0.0,59.3,6,20210821,154341,186435,0.16,0.17,0.17,0.17,29.6,29.9,1.10,1.28,1.28,1.28,1.28,0.46,0,0,3.67,25.6,37.3,A7A
154,59.348682,18.073140,1,0.0,59.8,6,20210821,154342,187503,0.15,0.16,0.16,0.16,29.5,29.9,1.05,1.22,1.22,1.22,1.22,0.46,0,0,3.67,25.5,37.3,A7A
155,59.348682,18.073142,1,0.0,60.2,6,20210821,154343,188574,0.15,0.15,0.15,0.15,29.6,29.9,1.00,1.16,1.16,1.17,1.17,0.46,0,0,3.67,25.6,37.3,A7A
156,59.348682,18.073142,1,0.0,60.6,6,20210821,154344,189646,0.14,0.15,0.15,0.15,29.6,29.9,0.95,1.10,1.11,1.11,1.11,0.46,0,0,3.67,25.6,37.2,A7A
157,59.348682,18.073142,1,0.0,60.6,6,20210821,154344,190714,0.13,0.14,0.14,0.14,29.6,29.9,0.90,1.04,1.05,1.05,1.05,0.46,0,0,3.67,25.6,37.2,A7A
158,59.348682,18.073142,1,0.0,60.8,6,20210821,154346,191786,0.12,0.13,0.13,0.13,29.6,29.8,0.85,0.99,0.99,0.99,0.99,0.46,0,0,3.66,25.6,37.2,A7A
159,59.348682,18.073142,1,0.0,61.1,6,20210821,154347,192858,0.11,0.12,0.12,0.12,29.6,29.9,0.75,0.87,0.88,0.88,0.88,0.46,0,0,3.67,25.6,37.3,A7A
160,59.348682,18.073145,1,0.0,61.7,6,20210821,154348,193930,0.10,0.11,0.11,0.11,29.6,29.8,0.71,0.82,0.82,0.82,0.82,0.46,0,0,3.67,25.6,37.2,A7A
161,59.348682,18.073145,1,0.0,61.9,6,20210821,154349,194998,0.10,0.10,0.10,0.10,29.6,29.8,0.66,0.77,0.77,0.77,0.77,0.46,0,0,3.67,25.6,37.2,A7A
162,59.348682,18.073147,1,0.0,62.5,6,20210821,154351,196070,0.09,0.10,0.10,0.10,29.6,29.8,0.62,0.72,0.72,0.72,0.72,0.46,0,0,3.67,25.6,37.2,A7A
163,59.348682,18.073147,1,0.0,62.7,6,20210821,154352,197142,0.09,0.10,0.10,0.10,29.6,29.8,0.63,0.73,0.73,0.73,0.73,0.47,0,0,3.67,25.6,37.2,A7A
164,59.348682,18.073147,1,0.0,62.9,6,20210821,154353,198214,0.09,0.10,0.10,0.10,29.6,29.8,0.63,0.73,0.73,0.73,0.73,0.47,0,0,3.67,25.6,37.1,A7A
165,59.348682,18.073147,1,0.0,63.1,6,20210821,154354,199282,0.09,0.10,0.10,0.10,29.7,29.8,0.63,0.72,0.73,0.73,0.73,0.47,0,0,3.67,25.7,37.1,A7A
166,59.348682,18.073147,1,0.0,63.3,6,20210821,154355,200354,0.09,0.09,0.09,0.09,29.7,29.7,0.61,0.71,0.71,0.71,0.71,0.47,0,0,3.67,25.7,37.0,A7A
167,59.348682,18.073147,1,0.0,63.5,6,20210821,154356,201426,0.09,0.09,0.09,0.09,29.7,29.7,0.60,0.70,0.70,0.70,0.70,0.47,0,0,3.67,25.7,37.0,A7A
168,59.348682,18.073147,1,0.0,63.8,6,20210821,154357,202494,0.09,0.10,0.10,0.10,29.7,29.6,0.63,0.73,0.73,0.73,0.73,0.48,0,0,3.67,25.7,37.0,A7A
169,59.348682,18.073147,1,0.0,63.8,6,20210821,154357,203566,0.09,0.10,0.10,0.10,29.6,29.6,0.65,0.75,0.76,0.76,0.76,0.48,0,0,3.67,25.6,36.9,A7A
170,59.348682,18.073147,1,0.0,64.0,6,20210821,154359,204638,0.10,0.10,0.10,0.10,29.7,29.5,0.66,0.77,0.77,0.77,0.77,0.48,0,0,3.67,25.7,36.8,A7A
171,59.348682,18.073149,1,0.0,64.1,6,20210821,154400,205711,0.10,0.11,0.11,0.11,29.7,29.5,0.71,0.82,0.83,0.83,0.83,0.49,0,0,3.67,25.7,36.8,A7A
172,59.348682,18.073149,1,0.0,64.4,6,20210821,154401,206780,0.11,0.12,0.12,0.12,29.7,29.5,0.77,0.89,0.89,0.89,0.89,0.49,0,0,3.67,25.7,36.8,A7A
173,59.348682,18.073149,1,0.0,64.6,7,20210821,154402,207853,0.11,0.12,0.12,0.12,29.7,29.4,0.77,0.90,0.90,0.90,0.90,0.49,0,0,3.67,25.7,36.7,A7A
174,59.348674,18.073149,1,0.0,64.8,7,20210821,154403,208926,0.11,0.12,0.12,0.12,29.7,29.4,0.77,0.90,0.90,0.90,0.90,0.49,0,0,3.67,25.7,36.6,A7A
175,59.348674,18.073149,1,0.0,65.0,7,20210821,154404,209994,0.11,0.12,0.12,0.12,29.7,29.3,0.76,0.89,0.89,0.89,0.89,0.49,0,0,3.67,25.7,36.6,A7A
176,59.348674,18.073149,1,0.0,65.2,7,20210821,154405,211066,0.11,0.12,0.12,0.12,29.7,29.3,0.75,0.87,0.87,0.87,0.87,0.49,0,0,3.67,25.7,36.6,A7A
177,59.348674,18.073151,1,0.0,65.4,7,20210821,154406,212138,0.11,0.11,0.11,0.11,29.7,29.3,0.73,0.85,0.85,0.85,0.85,0.49,0,0,3.67,25.7,36.5,A7A
178,59.348674,18.073151,1,0.0,65.5,7,20210821,154407,213210,0.10,0.11,0.11,0.11,29.7,29.2,0.71,0.82,0.82,0.82,0.82,0.49,0,0,3.67,25.7,36.4,A7A
179,59.348674,18.073151,1,0.0,65.7,7,20210821,154408,214278,0.11,0.11,0.11,0.11,29.7,29.1,0.73,0.85,0.85,0.85,0.85,0.49,0,0,3.67,25.7,36.3,A7A
180,59.348674,18.073151,1,0.0,65.9,7,20210821,154409,215350,0.11,0.11,0.11,0.11,29.7,29.1,0.74,0.86,0.86,0.87,0.87,0.49,0,0,3.67,25.7,36.3,A7A
181,59.348674,18.073151,1,0.0,66.1,7,20210821,154410,216423,0.11,0.11,0.11,0.11,29.7,29.1,0.75,0.87,0.87,0.87,0.87,0.49,0,0,3.67,25.7,36.2,A7A
182,59.348665,18.073151,1,0.0,66.4,7,20210821,154412,217491,0.11,0.11,0.11,0.11,29.7,29.0,0.74,0.86,0.86,0.86,0.86,0.49,0,0,3.67,25.7,36.2,A7A
183,59.348665,18.073151,1,0.0,66.5,7,20210821,154413,218562,0.11,0.12,0.12,0.12,29.7,29.0,0.78,0.90,0.91,0.91,0.91,0.49,0,0,3.67,25.7,36.2,A7A
184,59.348665,18.073151,1,0.0,66.9,7,20210821,154414,219633,0.12,0.12,0.12,0.12,29.7,29.0,0.80,0.93,0.93,0.93,0.93,0.49,0,0,3.67,25.7,36.2,A7A
185,59.348665,18.073151,1,0.0,67.0,7,20210821,154415,220705,0.14,0.14,0.14,0.14,29.7,29.0,0.94,1.09,1.09,1.09,1.09,0.51,0,0,3.67,25.7,36.1,A7A
186,59.348665,18.073151,1,0.0,67.2,7,20210821,154416,221773,0.15,0.16,0.16,0.16,29.7,29.0,1.02,1.18,1.18,1.18,1.18,0.51,0,0,3.67,25.7,36.1,A7A
187,59.348665,18.073151,1,0.0,67.3,7,20210821,154417,222845,0.16,0.17,0.17,0.17,29.7,29.0,1.07,1.24,1.25,1.25,1.25,0.51,0,0,3.67,25.7,36.1,A7A
188,59.348657,18.073151,1,0.0,67.4,7,20210821,154418,223917,0.16,0.17,0.17,0.17,29.7,29.0,1.11,1.28,1.28,1.28,1.28,0.51,0,0,3.67,25.7,36.2,A7A
189,59.348657,18.073151,1,0.0,67.6,7,20210821,154419,224989,0.17,0.18,0.18,0.18,29.7,29.0,1.17,1.36,1.36,1.36,1.36,0.51,0,0,3.67,25.7,36.1,A7A
190,59.348657,18.073151,1,0.0,67.7,7,20210821,154420,226057,0.18,0.19,0.19,0.19,29.7,29.0,1.21,1.40,1.41,1.41,1.41,0.51,0,0,3.67,25.7,36.1,A7A
191,59.348657,18.073151,1,0.0,67.9,7,20210821,154421,227129,0.18,0.19,0.19,0.19,29.7,28.8,1.23,1.43,1.43,1.43,1.43,0.51,0,0,3.67,25.7,35.9,A7A
192,59.348657,18.073151,1,0.0,68.1,7,20210821,154422,228201,0.19,0.21,0.21,0.21,29.7,28.7,1.34,1.55,1.55,1.56,1.56,0.52,0,0,3.67,25.7,35.8,A7A
193,59.348657,18.073151,1,0.0,68.2,7,20210821,154423,229270,0.21,0.22,0.22,0.22,29.6,28.6,1.41,1.63,1.64,1.64,1.64,0.52,0,0,3.67,25.6,35.6,A7A
194,59.348657,18.073153,1,0.0,68.3,7,20210821,154425,230342,0.21,0.22,0.22,0.22,29.6,28.4,1.45,1.68,1.69,1.69,1.69,0.52,0,0,3.67,25.6,35.4,A7A
195,59.348649,18.073153,1,0.0,68.5,7,20210821,154426,231414,0.21,0.23,0.23,0.23,29.6,28.3,1.47,1.71,1.71,1.71,1.71,0.52,0,0,3.67,25.6,35.2,A7A
196,59.348649,18.073153,1,0.0,68.8,7,20210821,154427,232486,0.21,0.23,0.23,0.23,29.6,28.3,1.48,1.71,1.72,1.72,1.72,0.52,0,0,3.67,25.6,35.3,A7A
197,59.348649,18.073153,1,0.0,69.0,7,20210821,154428,233554,0.21,0.23,0.23,0.23,29.7,28.3,1.46,1.70,1.70,1.70,1.70,0.52,0,0,3.67,25.7,35.3,A7A
198,59.348649,18.073153,1,0.0,69.1,7,20210821,154429,234626,0.20,0.22,0.22,0.22,29.6,28.4,1.40,1.63,1.63,1.63,1.63,0.52,0,0,3.67,25.6,35.5,A7A
199,59.348649,18.073153,1,0.0,69.3,7,20210821,154430,235698,0.21,0.22,0.22,0.22,29.6,28.5,1.41,1.64,1.64,1.64,1.64,0.51,0,0,3.66,25.6,35.5,A7A
200,59.348641,18.073153,1,0.0,69.5,7,20210821,154431,236766,0.20,0.22,0.22,0.22,29.6,28.4,1.40,1.63,1.63,1.63,1.63,0.51,0,0,3.67,25.6,35.4,A7A
201,59.348641,18.073153,1,0.0,69.6,7,20210821,154432,237838,0.20,0.21,0.21,0.21,29.6,28.3,1.38,1.60,1.61,1.61,1.61,0.51,0,0,3.67,25.6,35.3,A7A
202,59.348641,18.073155,1,0.0,69.8,7,20210821,154433,238910,0.20,0.22,0.22,0.22,29.6,28.3,1.40,1.62,1.63,1.63,1.63,0.51,0,0,3.67,25.6,35.3,A7A
203,59.348641,18.073155,1,0.0,70.0,7,20210821,154434,239982,0.20,0.22,0.22,0.22,29.5,28.2,1.40,1.63,1.63,1.63,1.63,0.51,0,0,3.67,25.5,35.2,A7A
204,59.348641,18.073155,1,0.0,70.1,7,20210821,154435,241050,0.20,0.21,0.21,0.21,29.6,28.2,1.39,1.61,1.62,1.62,1.62,0.51,0,0,3.67,25.6,35.1,A7A
205,59.348641,18.073155,1,0.0,70.1,7,20210821,154436,242122,0.20,0.21,0.21,0.21,29.6,28.2,1.37,1.58,1.59,1.59,1.59,0.51,0,0,3.67,25.6,35.2,A7A
206,59.348641,18.073155,1,0.0,70.2,7,20210821,154438,243194,0.19,0.21,0.21,0.21,29.6,28.2,1.33,1.55,1.55,1.55,1.55,0.51,0,0,3.67,25.6,35.2,A7A
207,59.348641,18.073155,1,0.0,70.3,7,20210821,154439,244266,0.19,0.20,0.20,0.20,29.6,28.2,1.29,1.50,1.50,1.50,1.50,0.51,0,0,3.67,25.6,35.2,A7A
208,59.348641,18.073155,1,0.0,70.4,7,20210821,154440,245334,0.19,0.20,0.20,0.20,29.6,28.3,1.30,1.50,1.51,1.51,1.51,0.52,0,0,3.67,25.6,35.3,A7A
209,59.348641,18.073155,1,0.0,70.5,7,20210821,154441,246405,0.19,0.20,0.20,0.20,29.6,28.3,1.29,1.49,1.50,1.50,1.50,0.52,0,0,3.67,25.6,35.3,A7A
210,59.348633,18.073155,1,0.0,70.5,7,20210821,154442,247476,0.18,0.20,0.20,0.20,29.7,28.4,1.27,1.47,1.47,1.47,1.47,0.52,0,0,3.67,25.7,35.4,A7A
211,59.348633,18.073155,1,0.0,70.6,7,20210821,154443,248543,0.20,0.21,0.21,0.21,29.6,28.4,1.38,1.60,1.60,1.60,1.61,0.51,0,0,3.67,25.6,35.4,A7A
212,59.348633,18.073155,1,0.0,70.6,7,20210821,154444,249615,0.20,0.22,0.22,0.22,29.7,28.4,1.40,1.63,1.63,1.63,1.63,0.51,0,0,3.67,25.7,35.4,A7A
213,59.348633,18.073155,1,0.0,70.6,7,20210821,154445,250687,0.20,0.22,0.22,0.22,29.7,28.5,1.41,1.63,1.63,1.63,1.63,0.51,0,0,3.67,25.7,35.5,A7A
214,59.348633,18.073155,1,0.0,70.6,7,20210821,154446,251759,0.20,0.21,0.21,0.21,29.7,28.4,1.39,1.62,1.62,1.62,1.62,0.51,0,0,3.67,25.7,35.5,A7A
215,59.348633,18.073155,1,0.0,70.6,7,20210821,154447,252827,0.21,0.22,0.22,0.22,29.7,28.5,1.42,1.65,1.65,1.65,1.65,0.52,0,0,3.66,25.7,35.5,A7A
216,59.348633,18.073157,1,0.0,70.6,7,20210821,154448,253899,0.22,0.23,0.23,0.23,29.7,28.5,1.48,1.71,1.72,1.72,1.72,0.52,0,0,3.67,25.7,35.5,A7A
217,59.348633,18.073157,1,0.0,70.6,7,20210821,154449,254971,0.22,0.23,0.23,0.23,29.7,28.5,1.51,1.75,1.75,1.75,1.75,0.52,0,0,3.67,25.7,35.6,A7A
218,59.348633,18.073157,1,0.0,70.6,7,20210821,154451,256048,0.22,0.23,0.23,0.23,29.7,28.6,1.52,1.76,1.77,1.77,1.77,0.52,0,0,3.67,25.7,35.6,A7A
219,59.348633,18.073157,1,0.0,70.7,7,20210821,154452,257120,0.22,0.23,0.23,0.23,29.6,28.6,1.51,1.75,1.76,1.76,1.76,0.52,0,0,3.67,25.6,35.6,A7A
220,59.348633,18.073159,1,0.0,70.6,7,20210821,154453,258192,0.22,0.23,0.23,0.23,29.7,28.6,1.49,1.73,1.73,1.73,1.74,0.52,0,0,3.67,25.7,35.6,A7A
221,59.348641,18.073159,1,0.0,70.5,7,20210821,154454,259264,0.21,0.22,0.22,0.22,29.7,28.6,1.46,1.69,1.70,1.70,1.70,0.52,0,0,3.67,25.7,35.6,A7A
222,59.348641,18.073159,1,0.0,70.5,7,20210821,154455,260332,0.21,0.22,0.22,0.22,29.7,28.6,1.42,1.65,1.65,1.65,1.65,0.52,0,0,3.67,25.7,35.7,A7A
223,59.348641,18.073159,1,0.0,70.5,7,20210821,154456,261404,0.20,0.21,0.21,0.21,29.7,28.6,1.37,1.59,1.60,1.60,1.60,0.52,0,0,3.67,25.7,35.6,A7A
224,59.348641,18.073159,1,0.0,70.4,7,20210821,154457,262476,0.18,0.20,0.20,0.20,29.7,28.6,1.27,1.47,1.47,1.47,1.47,0.52,0,0,3.67,25.7,35.6,A7A
225,59.348641,18.073159,1,0.0,70.4,7,20210821,154458,263543,0.18,0.19,0.19,0.19,29.7,28.6,1.21,1.40,1.41,1.41,1.41,0.52,0,0,3.67,25.7,35.7,A7A
226,59.348641,18.073159,1,0.0,70.4,7,20210821,154459,264614,0.17,0.18,0.18,0.18,29.7,28.6,1.15,1.33,1.34,1.34,1.34,0.52,0,0,3.67,25.7,35.7,A7A
227,59.348641,18.073161,1,0.0,70.2,7,20210821,154500,265686,0.16,0.17,0.17,0.17,29.7,28.6,1.09,1.27,1.27,1.27,1.27,0.52,0,0,3.66,25.7,35.6,A7A
228,59.348641,18.073161,1,0.0,70.2,7,20210821,154501,266758,0.15,0.16,0.16,0.16,29.7,28.6,1.03,1.20,1.20,1.20,1.20,0.52,0,0,3.67,25.7,35.6,A7A
229,59.348641,18.073161,1,0.0,70.1,7,20210821,154502,267828,0.14,0.15,0.15,0.15,29.7,28.6,0.98,1.13,1.13,1.13,1.13,0.52,0,0,3.66,25.7,35.6,A7A
230,59.348641,18.073161,1,0.0,70.0,7,20210821,154504,268896,0.14,0.15,0.15,0.15,29.7,28.6,0.97,1.12,1.13,1.13,1.13,0.52,0,0,3.67,25.7,35.6,A7A
231,59.348641,18.073161,1,0.0,69.8,7,20210821,154505,269969,0.14,0.15,0.15,0.15,29.7,28.6,0.95,1.11,1.11,1.11,1.11,0.52,0,0,3.67,25.7,35.6,A7A
232,59.348649,18.073159,1,0.0,69.7,7,20210821,154506,271042,0.14,0.14,0.14,0.14,29.7,28.5,0.93,1.08,1.08,1.08,1.08,0.52,0,0,3.67,25.7,35.6,A7A
233,59.348649,18.073161,1,2.4,69.6,7,20210821,154507,272111,0.13,0.14,0.14,0.14,29.7,28.5,0.91,1.05,1.05,1.05,1.05,0.52,0,0,3.67,25.7,35.5,A7A
234,59.348649,18.073161,1,0.0,69.6,7,20210821,154508,273183,0.13,0.13,0.13,0.13,29.7,28.5,0.87,1.01,1.02,1.02,1.02,0.52,0,0,3.67,25.7,35.6,A7A
235,59.348649,18.073161,1,0.0,69.5,7,20210821,154509,274255,0.12,0.13,0.13,0.13,29.8,28.6,0.84,0.97,0.98,0.98,0.98,0.52,0,0,3.67,25.8,35.6,A7A
236,59.348649,18.073161,1,0.0,69.4,7,20210821,154510,275323,0.12,0.12,0.12,0.12,29.7,28.6,0.81,0.93,0.94,0.94,0.94,0.52,0,0,3.67,25.7,35.6,A7A
237,59.348649,18.073161,1,0.0,69.4,7,20210821,154511,276395,0.11,0.11,0.11,0.11,29.7,28.6,0.73,0.85,0.85,0.85,0.85,0.52,0,0,3.66,25.7,35.6,A7A
238,59.348649,18.073161,1,0.0,69.4,7,20210821,154512,277467,0.11,0.11,0.11,0.11,29.8,28.5,0.74,0.86,0.86,0.86,0.86,0.53,0,0,3.67,25.8,35.6,A7A
239,59.348649,18.073161,1,0.0,69.3,7,20210821,154513,278539,0.11,0.11,0.11,0.11,29.8,28.5,0.74,0.86,0.86,0.86,0.87,0.53,0,0,3.67,25.8,35.6,A7A
240,59.348649,18.073161,1,0.0,69.3,7,20210821,154514,279607,0.11,0.12,0.12,0.12,29.8,28.5,0.79,0.91,0.92,0.92,0.92,0.53,0,0,3.67,25.8,35.5,A7A
241,59.348649,18.073161,1,0.0,69.2,7,20210821,154515,280679,0.12,0.13,0.13,0.13,29.8,28.4,0.82,0.95,0.95,0.95,0.95,0.53,0,0,3.67,25.8,35.5,A7A
242,59.348649,18.073161,1,0.0,69.2,7,20210821,154515,281751,0.12,0.13,0.13,0.13,29.8,28.4,0.83,0.96,0.97,0.97,0.97,0.53,0,0,3.67,25.8,35.5,A7A
243,59.348649,18.073161,1,0.0,69.2,7,20210821,154517,282819,0.12,0.13,0.13,0.13,29.8,28.4,0.83,0.97,0.97,0.97,0.97,0.53,0,0,3.66,25.8,35.4,A7A
244,59.348649,18.073161,1,0.0,69.2,7,20210821,154518,283891,0.12,0.13,0.13,0.13,29.8,28.4,0.83,0.96,0.96,0.96,0.96,0.53,0,0,3.67,25.8,35.4,A7A
245,59.348649,18.073161,1,0.0,69.0,7,20210821,154520,284963,0.13,0.13,0.13,0.13,29.8,28.3,0.87,1.00,1.01,1.01,1.01,0.53,0,0,3.66,25.8,35.3,A7A
246,59.348649,18.073159,1,0.0,67.5,7,20210821,154521,286035,0.13,0.14,0.14,0.14,29.7,28.5,0.89,1.03,1.03,1.03,1.03,0.53,0,0,3.67,25.7,35.5,A7A
247,59.348649,18.073159,1,1.3,67.6,7,20210821,154522,287103,0.13,0.14,0.14,0.14,29.7,28.7,0.90,1.04,1.04,1.04,1.04,0.53,0,0,3.67,25.7,35.8,A7A
248,59.348649,18.073159,1,0.0,67.6,7,20210821,154523,288175,0.13,0.14,0.14,0.14,29.7,28.7,0.89,1.03,1.04,1.04,1.04,0.53,0,0,3.67,25.7,35.8,A7A
249,59.348649,18.073159,1,0.0,67.7,7,20210821,154524,289247,0.13,0.14,0.14,0.14,29.7,28.6,0.88,1.02,1.03,1.03,1.03,0.53,0,0,3.66,25.7,35.7,A7A
250,59.348649,18.073159,1,0.0,67.7,7,20210821,154525,290319,0.16,0.17,0.17,0.17,29.8,28.6,1.08,1.26,1.26,1.26,1.26,0.52,0,0,3.67,25.8,35.7,A7A
251,59.348649,18.073159,1,0.0,67.7,7,20210821,154526,291387,0.17,0.18,0.18,0.18,29.8,28.5,1.16,1.35,1.35,1.35,1.35,0.52,0,0,3.66,25.8,35.6,A7A
252,59.348649,18.073159,1,0.0,67.8,7,20210821,154527,292459,0.18,0.19,0.19,0.19,29.8,28.5,1.21,1.41,1.41,1.41,1.41,0.52,0,0,3.67,25.8,35.5,A7A
253,59.348649,18.073159,1,0.0,67.8,7,20210821,154528,293531,0.19,0.20,0.20,0.20,29.8,28.4,1.29,1.50,1.50,1.50,1.50,0.52,0,0,3.67,25.8,35.5,A7A
254,59.348649,18.073159,1,0.0,67.8,7,20210821,154528,294599,0.20,0.21,0.21,0.21,29.8,28.4,1.34,1.56,1.56,1.56,1.56,0.52,0,0,3.67,25.8,35.4,A7A
255,59.348649,18.073159,1,0.0,67.8,7,20210821,154530,295672,0.21,0.22,0.22,0.22,29.8,28.4,1.42,1.65,1.65,1.65,1.65,0.52,0,0,3.67,25.8,35.4,A7A
256,59.348649,18.073159,1,0.0,67.8,7,20210821,154531,296745,0.21,0.23,0.23,0.23,29.8,28.4,1.47,1.70,1.71,1.71,1.71,0.52,0,0,3.67,25.8,35.3,A7A
257,59.348649,18.073159,1,0.0,67.8,7,20210821,154532,297818,0.22,0.23,0.23,0.23,29.8,28.3,1.50,1.73,1.74,1.74,1.74,0.52,0,0,3.66,25.8,35.3,A7A
258,59.348649,18.073161,1,0.0,67.8,7,20210821,154533,298886,0.22,0.23,0.23,0.23,29.8,28.3,1.50,1.74,1.74,1.74,1.74,0.52,0,0,3.67,25.8,35.3,A7A
259,59.348649,18.073161,1,0.0,67.8,7,20210821,154534,299958,0.22,0.23,0.23,0.23,29.8,28.3,1.49,1.73,1.73,1.73,1.73,0.52,0,0,3.67,25.8,35.2,A7A
260,59.348649,18.073161,1,0.0,67.7,7,20210821,154535,301030,0.21,0.23,0.23,0.23,29.9,28.3,1.47,1.70,1.70,1.70,1.70,0.52,0,0,3.67,25.9,35.2,A7A
261,59.348649,18.073163,1,0.0,67.7,7,20210821,154536,302098,0.21,0.22,0.22,0.22,29.8,28.3,1.43,1.66,1.66,1.66,1.66,0.52,0,0,3.67,25.8,35.2,A7A
262,59.348649,18.073163,1,0.0,67.6,7,20210821,154537,303170,0.21,0.22,0.22,0.22,29.8,28.3,1.44,1.67,1.67,1.67,1.67,0.53,0,0,3.67,25.8,35.2,A7A
263,59.348649,18.073163,1,0.0,67.6,7,20210821,154538,304242,0.21,0.22,0.22,0.22,29.8,28.3,1.43,1.66,1.66,1.66,1.67,0.53,0,0,3.67,25.8,35.2,A7A
264,59.348649,18.073163,1,0.0,67.5,7,20210821,154539,305314,0.20,0.21,0.21,0.21,29.9,28.3,1.38,1.60,1.60,1.60,1.61,0.53,0,0,3.67,25.9,35.3,A7A
265,59.348649,18.073165,1,0.0,67.5,7,20210821,154540,306382,0.20,0.21,0.21,0.21,29.8,28.3,1.34,1.56,1.56,1.56,1.56,0.53,0,0,3.67,25.8,35.2,A7A
266,59.348649,18.073165,1,0.0,67.4,7,20210821,154541,307454,0.19,0.20,0.20,0.20,29.9,28.3,1.30,1.50,1.51,1.51,1.51,0.53,0,0,3.66,25.9,35.2,A7A
267,59.348649,18.073165,1,0.0,67.4,7,20210821,154543,308526,0.18,0.19,0.19,0.19,29.9,28.2,1.25,1.45,1.45,1.45,1.45,0.53,0,0,3.67,25.9,35.2,A7A
268,59.348649,18.073165,1,0.0,67.4,7,20210821,154544,309594,0.18,0.19,0.19,0.19,29.9,28.2,1.25,1.44,1.45,1.45,1.45,0.53,0,0,3.67,25.9,35.1,A7A
269,59.348649,18.073167,1,0.0,67.3,7,20210821,154545,310666,0.19,0.20,0.20,0.20,29.9,28.2,1.28,1.48,1.49,1.49,1.49,0.52,0,0,3.67,25.9,35.1,A7A
270,59.348649,18.073167,1,0.0,67.3,7,20210821,154546,311738,0.19,0.20,0.20,0.20,29.9,28.1,1.30,1.50,1.51,1.51,1.51,0.52,0,0,3.67,25.9,35.1,A7A
271,59.348649,18.073167,1,0.0,67.2,7,20210821,154547,312810,0.19,0.20,0.20,0.20,29.9,28.2,1.30,1.50,1.51,1.51,1.51,0.52,0,0,3.67,25.9,35.1,A7A
272,59.348649,18.073167,1,0.0,67.2,7,20210821,154548,313878,0.19,0.21,0.21,0.21,29.9,28.2,1.33,1.54,1.55,1.55,1.55,0.52,0,0,3.66,25.9,35.1,A7A
273,59.348649,18.073167,1,0.0,67.2,7,20210821,154549,314950,0.20,0.21,0.21,0.21,29.9,28.2,1.35,1.56,1.57,1.57,1.57,0.52,0,0,3.67,25.9,35.1,A7A
274,59.348649,18.073169,1,0.0,67.1,7,20210821,154550,316022,0.20,0.21,0.21,0.21,29.9,28.1,1.35,1.56,1.57,1.57,1.57,0.52,0,0,3.67,25.9,35.1,A7A
275,59.348649,18.073169,1,0.0,67.1,7,20210821,154551,317095,0.19,0.21,0.21,0.21,29.9,28.2,1.34,1.55,1.55,1.55,1.55,0.52,0,0,3.67,25.9,35.1,A7A
276,59.348649,18.073169,1,0.0,67.1,7,20210821,154552,318164,0.20,0.21,0.21,0.21,29.9,28.2,1.36,1.58,1.58,1.58,1.58,0.52,0,0,3.66,25.9,35.1,A7A
277,59.348649,18.073169,1,0.0,67.0,7,20210821,154553,319237,0.20,0.21,0.21,0.21,29.9,28.1,1.36,1.58,1.58,1.58,1.58,0.52,0,0,3.67,25.9,35.1,A7A
278,59.348649,18.073169,1,0.0,67.0,7,20210821,154554,320310,0.20,0.21,0.21,0.21,29.9,28.1,1.39,1.61,1.61,1.61,1.61,0.52,0,0,3.67,25.9,35.0,A7A
279,59.348649,18.073169,1,0.0,67.0,7,20210821,154556,321378,0.20,0.22,0.22,0.22,29.9,28.1,1.40,1.62,1.63,1.63,1.63,0.52,0,0,3.67,25.9,35.0,A7A
280,59.348649,18.073171,1,0.0,67.0,7,20210821,154557,322450,0.21,0.22,0.22,0.22,29.9,28.1,1.44,1.67,1.68,1.68,1.68,0.51,0,0,3.67,25.9,35.0,A7A
281,59.348649,18.073171,1,0.0,67.0,7,20210821,154558,323522,0.21,0.23,0.23,0.23,29.9,28.1,1.46,1.70,1.70,1.70,1.70,0.51,0,0,3.67,25.9,35.0,A7A
282,59.348649,18.073171,1,0.0,67.0,7,20210821,154559,324594,0.21,0.23,0.23,0.23,29.9,28.1,1.47,1.70,1.70,1.70,1.71,0.51,0,0,3.67,25.9,35.0,A7A
283,59.348649,18.073171,1,0.0,66.9,7,20210821,154600,325662,0.21,0.22,0.22,0.22,30.0,28.0,1.45,1.69,1.69,1.69,1.69,0.51,0,0,3.67,26.0,34.9,A7A
284,59.348649,18.073171,1,0.0,66.9,7,20210821,154601,326734,0.21,0.22,0.22,0.22,29.9,28.0,1.43,1.66,1.66,1.66,1.66,0.51,0,0,3.67,25.9,34.9,A7A
285,59.348649,18.073171,1,0.0,66.9,7,20210821,154602,327806,0.20,0.21,0.21,0.21,29.9,28.0,1.40,1.62,1.62,1.62,1.62,0.51,0,0,3.66,25.9,34.9,A7A
286,59.348649,18.073173,1,0.0,66.9,7,20210821,154603,328874,0.21,0.22,0.22,0.22,29.9,28.0,1.45,1.68,1.69,1.69,1.69,0.52,0,0,3.66,25.9,34.9,A7A
287,59.348649,18.073173,1,0.0,66.9,7,20210821,154604,329946,0.22,0.23,0.23,0.23,30.0,28.1,1.49,1.72,1.73,1.73,1.73,0.52,0,0,3.67,26.0,35.0,A7A
288,59.348649,18.073173,1,0.0,66.9,7,20210821,154605,331018,0.22,0.23,0.23,0.23,29.9,28.1,1.50,1.73,1.74,1.74,1.74,0.52,0,0,3.67,25.9,35.0,A7A
289,59.348649,18.073173,1,0.0,66.9,7,20210821,154606,332090,0.22,0.23,0.23,0.23,30.0,28.1,1.49,1.73,1.73,1.73,1.73,0.52,0,0,3.67,26.0,35.0,A7A
290,59.348641,18.073173,1,0.0,66.9,7,20210821,154607,333158,0.21,0.22,0.22,0.22,30.0,28.1,1.44,1.67,1.67,1.67,1.67,0.52,0,0,3.67,26.0,35.0,A7A
291,59.348641,18.073173,1,0.0,66.9,7,20210821,154609,334230,0.20,0.22,0.22,0.22,30.0,28.1,1.40,1.62,1.63,1.63,1.63,0.52,0,0,3.67,26.0,35.0,A7A
292,59.348641,18.073175,1,0.0,66.9,7,20210821,154610,335302,0.20,0.21,0.21,0.21,30.0,28.1,1.36,1.57,1.57,1.58,1.58,0.52,0,0,3.67,26.0,35.0,A7A
293,59.348641,18.073175,1,0.0,66.9,7,20210821,154611,336370,0.19,0.20,0.20,0.20,30.0,28.1,1.31,1.51,1.52,1.52,1.52,0.52,0,0,3.67,26.0,35.0,A7A
294,59.348641,18.073175,1,0.0,66.9,7,20210821,154612,337442,0.18,0.19,0.19,0.19,30.0,28.1,1.25,1.45,1.45,1.45,1.45,0.52,0,0,3.67,26.0,35.1,A7A
295,59.348641,18.073175,1,0.0,66.9,7,20210821,154613,338513,0.18,0.19,0.19,0.19,30.0,28.1,1.24,1.44,1.45,1.45,1.45,0.53,0,0,3.67,26.0,35.0,A7A
296,59.348633,18.073183,1,0.0,67.0,7,20210821,154614,339585,0.19,0.20,0.20,0.20,30.0,28.1,1.33,1.54,1.54,1.54,1.54,0.53,0,0,3.67,26.0,35.0,A7A
297,59.348617,18.073191,1,5.3,67.1,7,20210821,154615,340653,0.20,0.21,0.21,0.21,30.0,28.1,1.38,1.60,1.60,1.60,1.60,0.53,0,0,3.67,26.0,35.0,A7A
298,59.348617,18.073191,1,4.8,67.2,7,20210821,154616,341725,0.21,0.22,0.22,0.22,30.0,28.1,1.41,1.63,1.64,1.64,1.64,0.53,0,0,3.67,26.0,35.0,A7A
299,59.348617,18.073193,1,0.4,67.2,7,20210821,154617,342797,0.21,0.22,0.22,0.22,30.0,28.1,1.42,1.64,1.65,1.65,1.65,0.53,0,0,3.66,26.0,35.0,A7A
300,59.348617,18.073193,1,0.0,67.2,7,20210821,154618,343869,0.21,0.22,0.22,0.22,30.0,28.1,1.41,1.64,1.64,1.64,1.64,0.53,0,0,3.66,26.0,35.0,A7A
301,59.348617,18.073193,1,0.0,67.1,7,20210821,154619,344937,0.20,0.21,0.21,0.21,30.0,28.1,1.39,1.61,1.62,1.62,1.62,0.53,0,0,3.67,26.0,35.0,A7A
302,59.348633,18.073195,1,7.2,67.0,7,20210821,154620,346009,0.20,0.21,0.21,0.21,30.0,28.1,1.36,1.58,1.58,1.58,1.58,0.53,0,0,3.67,26.0,35.1,A7A
303,59.348633,18.073199,1,3.1,66.3,7,20210821,154622,347081,0.19,0.20,0.20,0.20,30.0,28.2,1.28,1.48,1.49,1.49,1.49,0.53,0,0,3.67,26.0,35.1,A7A
304,59.348633,18.073206,1,1.7,65.6,7,20210821,154623,348149,0.19,0.20,0.20,0.20,30.0,28.2,1.28,1.49,1.49,1.49,1.49,0.54,0,0,3.67,26.0,35.1,A7A
305,59.348633,18.073218,1,1.9,66.5,7,20210821,154624,349221,0.19,0.20,0.20,0.20,30.0,28.1,1.27,1.47,1.48,1.48,1.48,0.54,0,0,3.67,26.0,35.1,A7A
306,59.348625,18.073218,1,1.6,67.0,7,20210821,154625,350293,0.18,0.19,0.19,0.19,30.0,28.2,1.25,1.45,1.45,1.45,1.45,0.54,0,0,3.67,26.0,35.1,A7A
307,59.348633,18.073218,1,0.6,66.8,7,20210821,154626,351365,0.18,0.19,0.19,0.19,30.0,28.1,1.22,1.41,1.42,1.42,1.42,0.54,0,0,3.67,26.0,35.0,A7A
308,59.349080,18.073165,1,0.0,0.0,7,20210821,154627,352433,0.17,0.18,0.18,0.18,30.0,28.1,1.18,1.37,1.37,1.37,1.37,0.54,0,0,3.66,26.0,35.0,A7A
309,59.349080,18.073165,1,0.0,0.0,7,20210821,154628,353503,0.17,0.18,0.18,0.18,30.1,28.1,1.14,1.32,1.33,1.33,1.33,0.54,0,0,3.67,26.1,35.0,A7A
310,59.349089,18.073163,1,0.0,0.0,6,20210821,154629,354573,0.16,0.17,0.17,0.17,30.0,28.2,1.10,1.27,1.27,1.27,1.27,0.54,0,0,3.67,26.0,35.1,A7A
311,59.349089,18.073165,1,0.7,0.0,6,20210821,154630,355650,0.16,0.17,0.17,0.17,30.0,28.3,1.10,1.27,1.28,1.28,1.28,0.54,0,0,3.67,26.0,35.3,A7A
312,59.349080,18.073163,1,0.0,0.0,6,20210821,154631,356721,0.16,0.17,0.17,0.17,30.0,28.4,1.09,1.26,1.26,1.27,1.27,0.54,0,0,3.67,26.0,35.4,A7A
313,59.349080,18.073163,1,0.0,0.0,6,20210821,154632,357792,0.16,0.17,0.17,0.17,30.0,28.6,1.12,1.30,1.30,1.30,1.30,0.55,0,0,3.67,26.0,35.6,A7A
314,59.349080,18.073161,1,0.0,0.0,7,20210821,154633,358863,0.17,0.17,0.17,0.17,29.9,28.6,1.13,1.31,1.32,1.32,1.32,0.55,0,0,3.66,25.9,35.6,A7A
315,59.349080,18.073159,1,0.0,0.0,7,20210821,154635,359930,0.17,0.17,0.17,0.17,29.9,28.4,1.13,1.31,1.32,1.32,1.32,0.55,0,0,3.66,25.9,35.4,A7A
316,59.349080,18.073157,1,0.0,0.0,7,20210821,154636,361001,0.18,0.19,0.19,0.19,29.9,28.3,1.24,1.44,1.44,1.44,1.44,0.54,0,0,3.67,25.9,35.3,A7A
317,59.349064,18.073140,1,3.4,-1.3,7,20210821,154637,362072,0.19,0.20,0.20,0.20,29.9,28.2,1.29,1.49,1.49,1.50,1.50,0.54,0,0,3.67,25.9,35.1,A7A
318,59.349056,18.073128,1,3.7,-2.1,7,20210821,154638,363144,0.19,0.20,0.20,0.20,29.9,28.3,1.31,1.52,1.52,1.52,1.52,0.54,0,0,3.67,25.9,35.3,A7A
319,59.349048,18.073116,1,5.0,-3.0,7,20210821,154639,364212,0.19,0.20,0.20,0.20,29.9,28.4,1.31,1.52,1.53,1.53,1.53,0.54,0,0,3.67,25.9,35.4,A7A
320,59.349032,18.073106,1,4.5,-4.1,7,20210821,154640,365284,0.19,0.20,0.20,0.20,29.9,28.5,1.31,1.51,1.52,1.52,1.52,0.54,0,0,3.66,25.9,35.5,A7A
321,59.349023,18.073096,1,4.3,-5.1,7,20210821,154641,366356,0.19,0.20,0.20,0.20,29.9,28.7,1.29,1.49,1.49,1.49,1.49,0.54,0,0,3.67,25.9,35.8,A7A
322,59.349015,18.073090,1,4.4,-6.0,7,20210821,154642,367424,0.18,0.19,0.19,0.19,29.9,29.1,1.26,1.46,1.46,1.46,1.46,0.54,0,0,3.67,25.9,36.3,A7A
323,59.349015,18.073079,1,4.3,-6.9,7,20210821,154643,368496,0.18,0.19,0.19,0.19,29.9,29.2,1.22,1.41,1.42,1.42,1.42,0.54,0,0,3.67,25.9,36.4,A7A
324,59.349007,18.073073,1,4.1,-7.5,7,20210821,154644,369568,0.17,0.18,0.18,0.18,29.9,29.2,1.18,1.36,1.37,1.37,1.37,0.54,0,0,3.67,25.9,36.4,A7A
325,59.348999,18.073067,1,3.1,-8.1,7,20210821,154645,370640,0.16,0.17,0.17,0.17,29.9,29.1,1.13,1.31,1.32,1.32,1.32,0.54,0,0,3.67,25.9,36.3,A7A
326,59.348999,18.073067,1,0.0,-7.8,7,20210821,154646,371708,0.16,0.17,0.17,0.17,29.8,28.9,1.08,1.26,1.26,1.26,1.26,0.54,0,0,3.67,25.8,36.0,A7A
327,59.349007,18.073100,1,0.0,0.0,7,20210821,154648,372780,0.17,0.17,0.17,0.17,29.8,28.6,1.13,1.31,1.32,1.32,1.32,0.54,0,0,3.66,25.8,35.7,A7A
328,59.349007,18.073100,1,0.0,0.0,7,20210821,154648,373851,0.18,0.19,0.19,0.19,29.8,28.4,1.21,1.41,1.41,1.41,1.41,0.55,0,0,3.66,25.8,35.4,A7A
329,59.349007,18.073096,1,0.0,0.0,7,20210821,154650,374918,0.19,0.20,0.20,0.20,29.8,28.3,1.29,1.50,1.50,1.50,1.50,0.55,0,0,3.66,25.8,35.3,A7A
330,59.349015,18.073096,1,0.0,0.6,7,20210821,154651,375989,0.20,0.21,0.21,0.21,29.9,28.2,1.35,1.57,1.57,1.57,1.57,0.55,0,0,3.67,25.9,35.2,A7A
331,59.349032,18.073094,1,2.8,1.0,7,20210821,154652,377060,0.20,0.21,0.21,0.21,29.9,28.3,1.39,1.61,1.61,1.61,1.62,0.55,0,0,3.66,25.9,35.2,A7A
332,59.349040,18.073088,1,3.7,1.2,7,20210821,154653,378131,0.20,0.22,0.22,0.22,29.9,28.4,1.40,1.63,1.63,1.63,1.63,0.55,0,0,3.66,25.9,35.4,A7A
333,59.349048,18.073086,1,2.5,1.6,7,20210821,154654,379198,0.21,0.22,0.22,0.22,29.9,28.4,1.45,1.68,1.69,1.69,1.69,0.55,0,0,3.67,25.9,35.4,A7A
334,59.349056,18.073081,1,2.1,1.4,7,20210821,154655,380269,0.22,0.23,0.23,0.23,29.8,28.3,1.53,1.77,1.77,1.77,1.77,0.55,0,0,3.67,25.8,35.3,A7A
335,59.349064,18.073077,1,3.2,1.5,7,20210821,154656,381340,0.23,0.24,0.24,0.24,29.8,28.3,1.57,1.82,1.82,1.83,1.83,0.55,0,0,3.67,25.8,35.2,A7A
336,59.349072,18.073073,1,2.0,1.7,7,20210821,154657,382412,0.23,0.24,0.24,0.24,29.9,28.3,1.59,1.84,1.85,1.85,1.85,0.55,0,0,3.67,25.9,35.3,A7A
337,59.349072,18.073073,1,0.0,1.7,7,20210821,154658,383479,0.23,0.25,0.25,0.25,29.8,28.4,1.59,1.84,1.85,1.85,1.85,0.55,0,0,3.67,25.8,35.4,A7A
338,59.349072,18.073071,1,0.0,1.8,7,20210821,154659,384550,0.23,0.24,0.24,0.24,29.9,28.4,1.58,1.83,1.83,1.83,1.83,0.55,0,0,3.67,25.9,35.5,A7A
339,59.349072,18.073071,1,0.0,1.8,7,20210821,154659,385621,0.23,0.24,0.24,0.24,29.9,28.4,1.55,1.79,1.80,1.80,1.80,0.55,0,0,3.67,25.9,35.4,A7A
340,59.349072,18.073069,1,0.0,1.8,7,20210821,154701,386689,0.22,0.23,0.23,0.23,29.8,28.4,1.51,1.75,1.75,1.75,1.75,0.55,0,0,3.67,25.8,35.4,A7A
341,59.349072,18.073067,1,0.0,1.8,7,20210821,154702,387761,0.21,0.23,0.23,0.23,29.8,28.6,1.46,1.70,1.70,1.70,1.70,0.55,0,0,3.66,25.8,35.6,A7A
342,59.349072,18.073059,1,0.0,1.8,7,20210821,154703,388832,0.21,0.22,0.22,0.22,29.8,28.5,1.41,1.64,1.64,1.64,1.64,0.55,0,0,3.66,25.8,35.6,A7A
343,59.349080,18.073055,1,0.0,1.8,7,20210821,154704,389903,0.20,0.21,0.21,0.21,29.8,28.3,1.35,1.56,1.56,1.56,1.56,0.55,0,0,3.67,25.8,35.3,A7A
344,59.349080,18.073055,1,0.0,1.8,7,20210821,154705,390970,0.20,0.21,0.21,0.21,29.8,28.3,1.38,1.59,1.60,1.60,1.60,0.55,0,0,3.67,25.8,35.2,A7A
345,59.349080,18.073053,1,0.0,1.8,7,20210821,154706,392041,0.20,0.21,0.21,0.21,29.8,28.1,1.38,1.60,1.61,1.61,1.61,0.55,0,0,3.66,25.8,35.0,A7A
346,59.349080,18.073051,1,0.0,1.8,7,20210821,154707,393112,0.20,0.21,0.21,0.21,29.8,28.2,1.38,1.60,1.60,1.60,1.60,0.55,0,0,3.67,25.8,35.1,A7A
347,59.349080,18.073051,1,0.0,1.8,7,20210821,154708,394179,0.20,0.21,0.21,0.21,29.9,28.4,1.36,1.58,1.58,1.58,1.58,0.55,0,0,3.66,25.9,35.4,A7A
348,59.349080,18.073049,1,0.0,1.8,7,20210821,154709,395250,0.19,0.20,0.20,0.20,29.9,28.6,1.33,1.54,1.55,1.55,1.55,0.55,0,0,3.67,25.9,35.7,A7A
349,59.349080,18.073047,1,0.0,1.8,7,20210821,154710,396321,0.19,0.20,0.20,0.20,29.9,28.7,1.29,1.50,1.50,1.50,1.50,0.55,0,0,3.66,25.9,35.7,A7A
350,59.349089,18.073045,1,0.0,1.8,7,20210821,154711,397392,0.18,0.19,0.19,0.19,29.8,28.7,1.25,1.45,1.45,1.45,1.45,0.55,0,0,3.67,25.8,35.8,A7A
351,59.349089,18.073045,1,0.0,1.8,7,20210821,154712,398459,0.19,0.20,0.20,0.20,29.9,28.8,1.30,1.51,1.52,1.52,1.52,0.56,0,0,3.67,25.9,35.8,A7A
352,59.349080,18.073041,1,2.4,1.7,7,20210821,154714,399530,0.19,0.21,0.21,0.21,29.9,28.8,1.33,1.55,1.55,1.55,1.55,0.56,0,0,3.67,25.9,35.9,A7A
353,59.349089,18.073041,1,0.1,1.7,7,20210821,154715,400601,0.20,0.21,0.21,0.21,29.9,29.0,1.34,1.56,1.56,1.56,1.56,0.56,0,0,3.66,25.9,36.1,A7A
354,59.349097,18.073029,1,2.4,0.0,5,20210821,154716,401672,0.19,0.21,0.21,0.21,29.9,29.0,1.34,1.55,1.56,1.56,1.56,0.56,0,0,3.67,25.9,36.2,A7A
355,59.349105,18.073018,1,2.0,0.0,5,20210821,154717,402739,0.20,0.22,0.23,0.23,29.9,29.1,1.34,1.58,1.59,1.59,1.60,0.56,0,0,3.67,25.9,36.3,A7A
356,59.349105,18.073010,1,1.7,0.0,5,20210821,154718,403810,0.20,0.22,0.23,0.24,29.9,29.0,1.35,1.59,1.60,1.61,1.61,0.56,0,0,3.66,25.9,36.2,A7A
357,59.349097,18.073000,1,1.8,0.0,6,20210821,154719,404881,0.20,0.22,0.23,0.23,29.9,29.0,1.33,1.57,1.58,1.59,1.59,0.56,0,0,3.67,25.9,36.2,A7A
358,59.349113,18.072992,1,2.5,0.0,7,20210821,154720,405948,0.20,0.22,0.23,0.24,29.9,29.0,1.36,1.59,1.61,1.61,1.61,0.56,0,0,3.66,25.9,36.1,A7A
359,59.349129,18.072984,1,3.9,0.0,7,20210821,154721,407019,0.20,0.23,0.23,0.24,29.9,29.1,1.36,1.60,1.61,1.62,1.62,0.56,0,0,3.66,25.9,36.2,A7A
360,59.349146,18.072978,1,5.3,0.0,7,20210821,154722,408090,0.21,0.23,0.24,0.24,29.9,29.3,1.40,1.64,1.66,1.66,1.66,0.56,0,0,3.67,25.9,36.5,A7A
361,59.349162,18.072970,1,6.8,0.0,7,20210821,154723,409161,0.21,0.23,0.24,0.25,29.9,29.4,1.42,1.66,1.68,1.68,1.68,0.56,0,0,3.66,25.9,36.7,A7A
362,59.349170,18.072959,1,5.4,0.0,7,20210821,154724,410229,0.22,0.24,0.25,0.25,29.9,29.5,1.47,1.72,1.74,1.74,1.74,0.56,0,0,3.66,25.9,36.7,A7A
363,59.349178,18.072951,1,4.2,0.0,7,20210821,154725,411301,0.23,0.25,0.26,0.27,29.9,29.5,1.54,1.81,1.83,1.83,1.83,0.56,0,0,3.66,25.9,36.7,A7A
364,59.349194,18.072947,1,4.4,0.0,7,20210821,154727,412372,0.24,0.26,0.27,0.27,29.9,29.4,1.59,1.86,1.88,1.88,1.88,0.56,0,0,3.67,25.9,36.6,A7A
365,59.349202,18.072945,1,4.9,0.0,7,20210821,154728,413439,0.24,0.26,0.27,0.28,29.9,29.2,1.61,1.88,1.90,1.90,1.91,0.56,0,0,3.67,25.9,36.4,A7A
366,59.349227,18.072949,1,4.8,0.0,7,20210821,154729,414510,0.25,0.27,0.28,0.28,29.9,29.1,1.66,1.94,1.96,1.96,1.96,0.56,0,0,3.67,25.9,36.2,A7A
367,59.349235,18.072949,1,4.3,0.0,7,20210821,154730,415581,0.25,0.28,0.29,0.29,29.9,29.0,1.68,1.97,1.99,1.99,1.99,0.56,0,0,3.66,25.9,36.2,A7A
368,59.349243,18.072953,1,3.1,0.0,6,20210821,154731,416652,0.25,0.28,0.29,0.29,29.9,29.1,1.68,1.97,1.99,1.99,1.99,0.56,0,0,3.67,25.9,36.3,A7A
369,59.349235,18.072953,1,1.7,0.0,6,20210821,154732,417719,0.24,0.27,0.28,0.28,30.0,29.2,1.64,1.92,1.94,1.94,1.94,0.56,0,0,3.67,26.0,36.4,A7A
370,59.349235,18.072955,1,0.1,0.0,6,20210821,154733,418790,0.24,0.27,0.28,0.28,29.9,29.4,1.65,1.93,1.95,1.95,1.95,0.57,0,0,3.66,25.9,36.6,A7A
371,59.349235,18.072957,1,0.4,0.0,6,20210821,154734,419861,0.24,0.27,0.28,0.28,30.0,29.4,1.64,1.92,1.94,1.94,1.94,0.57,0,0,3.66,26.0,36.6,A7A
372,59.349235,18.072959,1,0.8,0.0,6,20210821,154735,420932,0.24,0.26,0.27,0.28,30.0,29.4,1.61,1.89,1.91,1.91,1.91,0.57,0,0,3.66,26.0,36.6,A7A
373,59.349219,18.072957,1,0.8,0.0,6,20210821,154736,421999,0.23,0.26,0.27,0.27,29.9,29.4,1.58,1.85,1.87,1.87,1.87,0.57,0,0,3.67,25.9,36.7,A7A
374,59.349211,18.072955,1,1.1,0.0,6,20210821,154737,423070,0.23,0.26,0.27,0.27,30.0,29.4,1.58,1.85,1.87,1.87,1.87,0.56,0,0,3.67,26.0,36.7,A7A
375,59.349186,18.072955,1,1.3,0.0,6,20210821,154738,424141,0.23,0.26,0.27,0.27,29.9,29.3,1.57,1.84,1.86,1.86,1.86,0.56,0,0,3.67,25.9,36.6,A7A
376,59.349178,18.072959,1,1.4,0.0,6,20210821,154740,425208,0.23,0.25,0.26,0.26,29.9,29.0,1.55,1.81,1.83,1.83,1.83,0.56,0,0,3.67,25.9,36.1,A7A
377,59.349154,18.072963,1,1.5,0.0,6,20210821,154741,426279,0.22,0.25,0.26,0.26,29.9,28.7,1.51,1.77,1.78,1.79,1.79,0.56,0,0,3.67,25.9,35.7,A7A
378,59.349105,18.072976,1,3.3,0.0,6,20210821,154742,427350,0.22,0.24,0.24,0.24,29.8,28.3,1.54,1.79,1.79,1.79,1.79,0.56,0,0,3.67,25.8,35.3,A7A
379,59.349097,18.072980,1,3.7,0.0,6,20210821,154743,428421,0.23,0.25,0.26,0.26,29.9,28.0,1.55,1.82,1.83,1.84,1.84,0.56,0,0,3.66,25.9,34.9,A7A
380,59.349097,18.072984,1,3.3,0.0,6,20210821,154744,429488,0.23,0.26,0.26,0.27,29.9,27.8,1.57,1.83,1.85,1.85,1.85,0.56,0,0,3.67,25.9,34.7,A7A
381,59.349105,18.072988,1,1.7,0.0,6,20210821,154745,430559,0.23,0.26,0.26,0.27,29.8,27.7,1.56,1.83,1.85,1.85,1.85,0.56,0,0,3.66,25.8,34.5,A7A
382,59.349129,18.072986,1,2.1,0.0,6,20210821,154746,431630,0.23,0.25,0.26,0.26,29.9,27.6,1.55,1.81,1.82,1.83,1.83,0.56,0,0,3.67,25.9,34.4,A7A
383,59.349137,18.072984,1,3.1,0.0,6,20210821,154747,432697,0.23,0.25,0.26,0.26,29.8,27.4,1.52,1.78,1.80,1.80,1.80,0.56,0,0,3.67,25.8,34.2,A7A
384,59.349154,18.072980,1,3.1,0.0,6,20210821,154748,433768,0.22,0.25,0.26,0.26,29.8,27.3,1.51,1.77,1.79,1.79,1.79,0.56,0,0,3.66,25.8,34.1,A7A
385,59.349146,18.072980,1,4.3,0.0,6,20210821,154749,434839,0.23,0.25,0.26,0.26,29.9,27.3,1.54,1.81,1.82,1.82,1.83,0.57,0,0,3.66,25.9,34.0,A7A
386,59.349146,18.072980,1,0.0,0.0,6,20210821,154750,435910,0.23,0.25,0.26,0.26,29.8,27.2,1.55,1.81,1.83,1.83,1.83,0.57,0,0,3.66,25.8,34.0,A7A
387,59.349146,18.072978,1,0.0,0.0,6,20210821,154751,436977,0.23,0.25,0.26,0.26,29.8,27.2,1.54,1.80,1.82,1.82,1.82,0.57,0,0,3.67,25.8,34.0,A7A
388,59.349146,18.072968,1,2.7,0.0,6,20210821,154753,438048,0.22,0.25,0.26,0.26,29.8,27.3,1.52,1.77,1.79,1.79,1.79,0.57,0,0,3.66,25.8,34.0,A7A
389,59.349154,18.072957,1,2.7,0.0,6,20210821,154754,439119,0.22,0.24,0.25,0.25,29.8,27.8,1.48,1.73,1.75,1.75,1.75,0.57,0,0,3.66,25.8,34.6,A7A
390,59.349170,18.072955,1,3.6,0.0,6,20210821,154755,440190,0.21,0.24,0.24,0.25,29.8,28.1,1.44,1.68,1.70,1.70,1.70,0.57,0,0,3.66,25.8,35.0,A7A
391,59.349170,18.072959,1,4.8,0.0,6,20210821,154756,441257,0.21,0.23,0.24,0.24,29.8,28.1,1.39,1.63,1.64,1.64,1.64,0.57,0,0,3.66,25.8,35.1,A7A
392,59.349178,18.072965,1,3.0,0.0,6,20210821,154757,442328,0.21,0.23,0.23,0.23,29.8,28.1,1.39,1.62,1.64,1.64,1.64,0.57,0,0,3.66,25.8,35.0,A7A
393,59.349194,18.072968,1,3.0,0.0,6,20210821,154758,443399,0.20,0.22,0.23,0.23,29.8,29.2,1.37,1.60,1.62,1.62,1.62,0.57,0,0,3.66,25.8,36.4,A7A
394,59.349194,18.072965,1,5.0,0.0,6,20210821,154759,444466,0.20,0.22,0.23,0.23,29.8,29.5,1.34,1.57,1.58,1.59,1.59,0.57,0,0,3.67,25.8,36.7,A7A
395,59.349186,18.072965,1,0.0,0.0,6,20210821,154800,445537,0.19,0.21,0.22,0.22,29.8,29.5,1.31,1.53,1.54,1.54,1.54,0.57,0,0,3.66,25.8,36.8,A7A
396,59.349186,18.072963,1,0.0,0.0,6,20210821,154801,446608,0.18,0.20,0.20,0.21,29.8,29.3,1.22,1.42,1.44,1.44,1.44,0.57,0,0,3.66,25.8,36.6,A7A
397,59.349186,18.072963,1,0.0,0.0,6,20210821,154802,447679,0.17,0.19,0.20,0.20,29.8,29.1,1.17,1.36,1.38,1.38,1.38,0.57,0,0,3.67,25.8,36.2,A7A
398,59.349186,18.072961,1,0.0,0.0,6,20210821,154803,448746,0.18,0.20,0.20,0.21,29.8,28.8,1.21,1.42,1.43,1.43,1.43,0.57,0,0,3.66,25.8,35.9,A7A
399,59.349186,18.072959,1,0.0,0.0,6,20210821,154804,449817,0.18,0.20,0.21,0.21,29.8,28.6,1.24,1.45,1.46,1.46,1.46,0.57,0,0,3.66,25.8,35.7,A7A
400,59.349194,18.072963,1,2.8,0.0,6,20210821,154806,450888,0.18,0.20,0.21,0.21,29.8,28.4,1.24,1.46,1.47,1.47,1.47,0.57,0,0,3.67,25.8,35.4,A7A
401,59.349194,18.072961,1,0.0,0.0,6,20210821,154807,451955,0.18,0.20,0.21,0.21,29.9,28.3,1.24,1.45,1.46,1.46,1.46,0.57,0,0,3.66,25.9,35.3,A7A
402,59.349202,18.072959,1,0.0,0.0,6,20210821,154808,453026,0.19,0.21,0.22,0.22,29.8,28.3,1.27,1.48,1.50,1.50,1.50,0.57,0,0,3.66,25.8,35.2,A7A
403,59.349202,18.072957,1,0.0,0.6,7,20210821,154809,454097,0.19,0.21,0.22,0.22,29.9,28.3,1.28,1.50,1.51,1.52,1.52,0.57,0,0,3.66,25.9,35.2,A7A
404,59.349211,18.072953,1,0.3,1.0,7,20210821,154810,455168,0.20,0.22,0.23,0.23,29.8,28.2,1.33,1.55,1.57,1.57,1.57,0.58,0,0,3.66,25.8,35.2,A7A
405,59.349211,18.072953,1,0.7,1.3,7,20210821,154811,456235,0.20,0.22,0.23,0.23,29.8,28.0,1.35,1.58,1.60,1.60,1.60,0.58,0,0,3.66,25.8,35.0,A7A
406,59.349235,18.072949,1,0.8,1.7,7,20210821,154812,457306,0.20,0.22,0.23,0.23,29.8,27.9,1.36,1.59,1.61,1.61,1.61,0.58,0,0,3.66,25.8,34.7,A7A
407,59.349251,18.072949,1,4.4,2.2,7,20210821,154813,458377,0.20,0.22,0.23,0.23,29.8,27.8,1.35,1.58,1.60,1.60,1.60,0.58,0,0,3.66,25.8,34.6,A7A
408,59.349259,18.072951,1,4.4,2.4,7,20210821,154814,459448,0.20,0.23,0.23,0.24,29.8,27.7,1.38,1.61,1.63,1.63,1.63,0.58,0,0,3.67,25.8,34.5,A7A
409,59.349276,18.072951,1,4.6,2.4,7,20210821,154815,460515,0.22,0.25,0.26,0.26,29.8,27.6,1.52,1.78,1.79,1.80,1.80,0.57,0,0,3.66,25.8,34.4,A7A
410,59.349284,18.072953,1,3.3,2.8,7,20210821,154816,461586,0.24,0.26,0.27,0.28,29.9,27.5,1.62,1.90,1.91,1.92,1.92,0.58,0,0,3.66,25.9,34.3,A7A
411,59.349284,18.072955,1,0.8,3.4,7,20210821,154817,462657,0.25,0.28,0.28,0.29,29.8,27.4,1.68,1.97,1.99,1.99,1.99,0.58,0,0,3.66,25.8,34.2,A7A
412,59.349284,18.072955,1,0.8,3.4,7,20210821,154817,463724,0.25,0.28,0.29,0.29,29.8,27.5,1.72,2.01,2.03,2.03,2.03,0.58,0,0,3.66,25.8,34.3,A7A
413,59.349284,18.072955,1,0.9,4.0,7,20210821,154819,464795,0.26,0.28,0.29,0.29,29.8,27.9,1.73,2.03,2.04,2.05,2.05,0.58,0,0,3.66,25.8,34.7,A7A
414,59.349284,18.072947,1,1.8,3.8,7,20210821,154820,465866,0.26,0.28,0.29,0.29,29.8,28.1,1.72,2.02,2.04,2.04,2.04,0.58,0,0,3.66,25.8,35.1,A7A
415,59.349276,18.072941,1,1.6,4.0,7,20210821,154821,466937,0.25,0.28,0.29,0.29,29.9,28.5,1.70,1.99,2.01,2.01,2.01,0.58,0,0,3.66,25.9,35.5,A7A
416,59.349276,18.072937,1,2.2,3.8,7,20210821,154822,468004,0.25,0.27,0.28,0.28,29.9,28.8,1.66,1.95,1.97,1.97,1.97,0.58,0,0,3.67,25.9,35.9,A7A
417,59.349292,18.072929,1,3.1,3.0,7,20210821,154823,469075,0.24,0.26,0.27,0.28,29.9,29.1,1.62,1.89,1.91,1.91,1.91,0.58,0,0,3.67,25.9,36.3,A7A
418,59.349316,18.072927,1,3.2,1.9,7,20210821,154824,470146,0.24,0.26,0.27,0.27,29.9,29.2,1.61,1.89,1.91,1.91,1.91,0.57,0,0,3.66,25.9,36.4,A7A
419,59.349382,18.072904,1,5.5,-8.7,7,20210821,154826,471214,0.24,0.27,0.28,0.28,29.9,29.2,1.64,1.92,1.94,1.94,1.94,0.57,0,0,3.67,25.9,36.4,A7A
420,59.349398,18.072902,1,5.1,-9.5,7,20210821,154827,472286,0.24,0.27,0.28,0.28,29.9,29.0,1.65,1.93,1.95,1.95,1.95,0.57,0,0,3.66,25.9,36.2,A7A
421,59.349398,18.072898,1,4.6,-10.3,7,20210821,154828,473358,0.24,0.27,0.28,0.28,29.9,28.6,1.64,1.92,1.94,1.94,1.94,0.57,0,0,3.67,25.9,35.7,A7A
422,59.349390,18.072904,1,0.0,-8.3,7,20210821,154829,474431,0.24,0.26,0.27,0.27,29.9,28.3,1.62,1.89,1.91,1.91,1.91,0.57,0,0,3.66,25.9,35.2,A7A
423,59.349382,18.072906,1,0.0,-7.9,7,20210821,154830,475499,0.25,0.27,0.27,0.27,29.9,28.0,1.74,2.01,2.02,2.02,2.02,0.56,0,0,3.67,25.9,34.9,A7A
424,59.349382,18.072906,1,0.0,-7.9,7,20210821,154830,476571,0.26,0.28,0.28,0.28,29.9,28.0,1.80,2.08,2.09,2.09,2.09,0.55,0,0,3.67,25.9,34.9,A7A
425,59.349373,18.072909,1,0.0,-7.5,7,20210821,154832,477644,0.27,0.28,0.28,0.28,29.8,27.8,1.83,2.12,2.12,2.12,2.13,0.55,0,0,3.66,25.8,34.7,A7A
426,59.349373,18.072911,1,1.6,-7.8,7,20210821,154833,478717,0.27,0.28,0.28,0.28,29.9,27.7,1.84,2.13,2.13,2.13,2.13,0.55,0,0,3.67,25.9,34.5,A7A
427,59.349357,18.072917,1,1.1,-8.5,7,20210821,154834,479786,0.27,0.28,0.28,0.28,29.8,27.5,1.82,2.11,2.12,2.12,2.12,0.55,0,0,3.66,25.8,34.3,A7A
428,59.349357,18.072919,1,0.9,-8.7,7,20210821,154835,480859,0.26,0.28,0.28,0.28,29.8,27.4,1.79,2.08,2.08,2.08,2.08,0.55,0,0,3.67,25.8,34.2,A7A
429,59.349349,18.072921,1,0.1,-7.9,7,20210821,154836,481931,0.25,0.27,0.27,0.27,29.8,27.4,1.75,2.03,2.03,2.04,2.04,0.55,0,0,3.67,25.8,34.1,A7A
430,59.349341,18.072925,1,0.0,-7.3,7,20210821,154837,482999,0.25,0.26,0.26,0.26,29.8,27.3,1.70,1.97,1.98,1.98,1.98,0.55,0,0,3.67,25.8,34.0,A7A
431,59.349341,18.072927,1,0.0,-6.9,7,20210821,154838,484071,0.24,0.25,0.25,0.25,29.8,27.2,1.64,1.90,1.91,1.91,1.91,0.55,0,0,3.66,25.8,33.9,A7A
432,59.349333,18.072927,1,0.0,-6.7,7,20210821,154839,485143,0.23,0.24,0.24,0.24,29.8,27.2,1.58,1.83,1.83,1.83,1.83,0.55,0,0,3.67,25.8,33.8,A7A
433,59.349333,18.072927,1,0.0,-6.5,7,20210821,154840,486215,0.23,0.25,0.25,0.25,29.8,27.1,1.61,1.87,1.87,1.87,1.87,0.55,0,0,3.66,25.8,33.8,A7A
434,59.349333,18.072929,1,0.0,-6.4,7,20210821,154841,487283,0.24,0.25,0.25,0.25,29.8,27.2,1.62,1.88,1.88,1.88,1.88,0.55,0,0,3.66,25.8,33.9,A7A
435,59.349333,18.072929,1,0.0,-6.3,7,20210821,154842,488355,0.23,0.25,0.25,0.25,29.8,27.5,1.61,1.87,1.87,1.87,1.87,0.55,0,0,3.66,25.8,34.3,A7A
436,59.349341,18.072921,1,7.1,-6.2,7,20210821,154843,489427,0.24,0.25,0.25,0.25,29.8,27.9,1.65,1.91,1.91,1.91,1.91,0.55,0,0,3.67,25.8,34.8,A7A
437,59.349357,18.072906,1,6.9,-6.2,7,20210821,154845,490495,0.24,0.25,0.25,0.25,29.8,28.5,1.63,1.89,1.90,1.90,1.90,0.55,0,0,3.67,25.8,35.6,A7A
438,59.349365,18.072896,1,5.5,-6.5,7,20210821,154846,491567,0.23,0.25,0.25,0.25,29.9,29.1,1.61,1.86,1.87,1.87,1.87,0.55,0,0,3.67,25.9,36.2,A7A
439,59.349398,18.072896,1,6.1,-7.5,7,20210821,154847,492639,0.24,0.25,0.25,0.25,29.9,29.2,1.62,1.88,1.88,1.88,1.88,0.55,0,0,3.66,25.9,36.4,A7A
440,59.349398,18.072898,1,5.9,-7.2,7,20210821,154848,493711,0.23,0.25,0.25,0.25,29.9,29.2,1.61,1.87,1.87,1.88,1.88,0.55,0,0,3.66,25.9,36.4,A7A
441,59.349390,18.072900,1,0.0,-6.8,7,20210821,154849,494779,0.23,0.25,0.25,0.25,29.8,29.3,1.59,1.85,1.85,1.85,1.85,0.55,0,0,3.66,25.8,36.5,A7A
442,59.349373,18.072911,1,0.0,0.0,7,20210821,154850,495851,0.23,0.25,0.25,0.25,29.9,29.4,1.61,1.87,1.87,1.87,1.87,0.55,0,0,3.66,25.9,36.6,A7A
443,59.349349,18.072919,1,0.0,-0.4,7,20210821,154851,496922,0.23,0.25,0.25,0.25,29.9,29.4,1.61,1.86,1.87,1.87,1.87,0.55,0,0,3.66,25.9,36.6,A7A
444,59.349325,18.072931,1,11.3,-0.7,7,20210821,154852,497994,0.23,0.24,0.24,0.24,29.9,29.3,1.59,1.84,1.85,1.85,1.85,0.55,0,0,3.66,25.9,36.5,A7A
445,59.349308,18.072937,1,10.1,-1.0,7,20210821,154853,499063,0.23,0.24,0.24,0.24,29.9,29.2,1.56,1.81,1.81,1.81,1.81,0.55,0,0,3.66,25.9,36.4,A7A
446,59.349349,18.072937,1,4.0,-1.0,7,20210821,154854,500136,0.22,0.23,0.23,0.23,29.9,29.3,1.52,1.76,1.76,1.76,1.76,0.55,0,0,3.66,25.9,36.6,A7A
447,59.349373,18.072931,1,9.9,-1.3,7,20210821,154855,501208,0.21,0.23,0.23,0.23,29.9,29.5,1.47,1.70,1.71,1.71,1.71,0.55,0,0,3.66,25.9,36.7,A7A
448,59.349398,18.072921,1,9.9,-1.4,7,20210821,154856,502277,0.21,0.22,0.22,0.22,29.9,29.4,1.42,1.64,1.65,1.65,1.65,0.55,0,0,3.66,25.9,36.7,A7A
449,59.349422,18.072913,1,9.5,-1.5,7,20210821,154858,503349,0.19,0.20,0.20,0.20,29.8,29.2,1.30,1.51,1.51,1.51,1.51,0.55,0,0,3.67,25.8,36.4,A7A
450,59.349430,18.072906,1,5.0,-1.9,7,20210821,154859,504421,0.19,0.20,0.20,0.20,29.9,28.9,1.29,1.49,1.50,1.50,1.50,0.55,0,0,3.66,25.9,36.0,A7A
451,59.349447,18.072909,1,5.3,-4.1,7,20210821,154900,505493,0.18,0.19,0.19,0.19,29.9,28.9,1.27,1.47,1.47,1.47,1.47,0.55,0,0,3.66,25.9,36.0,A7A
452,59.349438,18.072913,1,4.1,-3.4,7,20210821,154901,506561,0.19,0.20,0.20,0.20,29.9,29.1,1.28,1.49,1.49,1.49,1.49,0.55,0,0,3.67,25.9,36.2,A7A
453,59.349430,18.072915,1,0.0,-3.0,7,20210821,154902,507633,0.19,0.21,0.21,0.21,29.9,29.4,1.34,1.55,1.55,1.55,1.55,0.55,0,0,3.67,25.9,36.6,A7A
454,59.349414,18.072917,1,0.0,-2.8,7,20210821,154903,508705,0.20,0.21,0.21,0.21,30.0,29.5,1.37,1.58,1.59,1.59,1.59,0.55,0,0,3.67,26.0,36.8,A7A
455,59.349414,18.072921,1,0.0,-2.7,7,20210821,154904,509773,0.20,0.21,0.21,0.21,29.9,29.6,1.38,1.59,1.60,1.60,1.60,0.55,0,0,3.66,25.9,36.9,A7A
456,59.349398,18.072927,1,0.0,-2.6,7,20210821,154905,510845,0.21,0.22,0.22,0.22,30.0,29.9,1.42,1.64,1.65,1.65,1.65,0.55,0,0,3.66,26.0,37.2,A7A
457,59.349398,18.072929,1,0.0,-2.5,7,20210821,154906,511917,0.21,0.22,0.22,0.22,30.0,30.1,1.44,1.67,1.67,1.67,1.67,0.55,0,0,3.66,26.0,37.4,A7A
458,59.349390,18.072929,1,0.0,-2.5,7,20210821,154907,512989,0.21,0.22,0.22,0.22,30.0,30.0,1.44,1.67,1.68,1.68,1.68,0.55,0,0,3.66,26.0,37.4,A7A
459,59.349373,18.072931,1,2.3,-2.3,7,20210821,154908,514059,0.22,0.24,0.24,0.24,29.9,30.1,1.53,1.77,1.78,1.78,1.78,0.55,0,0,3.66,25.9,37.5,A7A
460,59.349357,18.072931,1,3.1,-2.0,7,20210821,154909,515127,0.23,0.24,0.24,0.24,30.0,30.0,1.59,1.84,1.84,1.84,1.84,0.55,0,0,3.67,26.0,37.4,A7A
461,59.349357,18.072931,1,0.0,-2.5,7,20210821,154911,516200,0.24,0.25,0.25,0.25,30.0,29.9,1.62,1.87,1.88,1.88,1.88,0.55,0,0,3.67,26.0,37.2,A7A
462,59.349357,18.072931,1,0.0,-2.5,7,20210821,154912,517269,0.23,0.25,0.25,0.25,30.0,29.9,1.61,1.87,1.87,1.87,1.87,0.55,0,0,3.66,26.0,37.2,A7A
463,59.349341,18.072937,1,0.0,-2.9,7,20210821,154913,518341,0.23,0.24,0.24,0.24,30.0,29.9,1.59,1.84,1.85,1.85,1.85,0.55,0,0,3.66,26.0,37.3,A7A
464,59.349341,18.072941,1,1.8,-3.3,7,20210821,154914,519413,0.23,0.24,0.24,0.24,30.0,30.0,1.55,1.80,1.80,1.80,1.81,0.55,0,0,3.67,26.0,37.3,A7A
465,59.349333,18.072945,1,1.2,-3.3,7,20210821,154915,520485,0.23,0.24,0.24,0.24,30.0,30.1,1.56,1.81,1.81,1.81,1.81,0.55,0,0,3.66,26.0,37.5,A7A
466,59.349325,18.072949,1,0.0,-3.2,7,20210821,154916,521553,0.23,0.24,0.24,0.24,30.0,30.1,1.55,1.79,1.80,1.80,1.80,0.55,0,0,3.66,26.0,37.5,A7A
467,59.349325,18.072951,1,0.0,-3.2,7,20210821,154917,522625,0.22,0.23,0.23,0.23,30.0,29.9,1.52,1.76,1.77,1.77,1.77,0.55,0,0,3.66,26.0,37.2,A7A
468,59.349316,18.072955,1,0.0,-3.2,7,20210821,154918,523697,0.22,0.23,0.23,0.23,30.0,29.9,1.49,1.72,1.73,1.73,1.73,0.55,0,0,3.66,26.0,37.2,A7A
469,59.349316,18.072957,1,0.0,-3.1,7,20210821,154919,524769,0.21,0.22,0.22,0.22,30.0,29.9,1.44,1.67,1.68,1.68,1.68,0.55,0,0,3.66,26.0,37.2,A7A
470,59.349308,18.072959,1,0.0,-3.2,7,20210821,154920,525837,0.20,0.21,0.21,0.21,30.0,29.8,1.39,1.62,1.62,1.62,1.62,0.55,0,0,3.66,26.0,37.1,A7A
471,59.349300,18.072961,1,0.0,-3.2,7,20210821,154921,526909,0.20,0.21,0.21,0.21,30.0,29.7,1.39,1.61,1.62,1.62,1.62,0.55,0,0,3.66,26.0,37.0,A7A
472,59.349300,18.072963,1,0.0,-3.1,7,20210821,154922,527981,0.20,0.21,0.21,0.21,30.1,29.6,1.37,1.59,1.60,1.60,1.60,0.55,0,0,3.66,26.1,36.9,A7A
473,59.349292,18.072959,1,3.3,-3.3,7,20210821,154924,529049,0.20,0.21,0.21,0.21,30.0,29.5,1.40,1.62,1.62,1.62,1.62,0.55,0,0,3.66,26.0,36.7,A7A
474,59.349276,18.072959,1,3.2,-3.7,7,20210821,154925,530121,0.21,0.22,0.22,0.22,30.1,29.7,1.45,1.68,1.68,1.68,1.68,0.55,0,0,3.66,26.1,37.0,A7A
475,59.349268,18.072961,1,3.0,-4.0,7,20210821,154926,531193,0.22,0.23,0.23,0.23,30.1,29.8,1.49,1.72,1.73,1.73,1.73,0.55,0,0,3.66,26.1,37.1,A7A
476,59.349268,18.072963,1,0.0,-4.1,7,20210821,154927,532265,0.22,0.24,0.24,0.24,30.1,29.9,1.53,1.77,1.78,1.78,1.78,0.54,0,0,3.66,26.1,37.2,A7A
477,59.349268,18.072965,1,0.0,-4.1,7,20210821,154928,533333,0.23,0.24,0.24,0.24,30.1,29.9,1.55,1.79,1.80,1.80,1.80,0.54,0,0,3.66,26.1,37.3,A7A
478,59.349268,18.072968,1,0.0,-4.1,7,20210821,154929,534405,0.23,0.25,0.25,0.25,30.0,29.4,1.60,1.85,1.85,1.86,1.86,0.54,0,0,3.66,26.0,36.7,A7A
479,59.349268,18.072968,1,0.0,-4.0,7,20210821,154930,535477,0.24,0.26,0.26,0.26,30.0,29.1,1.67,1.94,1.94,1.94,1.94,0.55,0,0,3.66,26.0,36.3,A7A
480,59.349268,18.072968,1,0.0,-4.0,7,20210821,154931,536545,0.26,0.27,0.27,0.27,30.0,28.8,1.76,2.04,2.05,2.05,2.05,0.55,0,0,3.66,26.0,35.9,A7A
481,59.349259,18.072970,1,0.0,-4.0,7,20210821,154932,537617,0.27,0.28,0.28,0.28,30.0,28.5,1.82,2.11,2.12,2.12,2.12,0.55,0,0,3.66,26.0,35.6,A7A
482,59.349259,18.072972,1,0.0,-4.0,7,20210821,154933,538689,0.28,0.30,0.30,0.30,30.1,28.8,1.95,2.26,2.26,2.26,2.27,0.55,0,0,3.66,26.1,35.9,A7A
483,59.349259,18.072972,1,0.0,-4.0,7,20210821,154934,539761,0.30,0.31,0.31,0.31,30.1,29.1,2.03,2.36,2.36,2.36,2.36,0.55,0,0,3.66,26.1,36.3,A7A
484,59.349259,18.072972,1,0.0,-4.0,7,20210821,154935,540829,0.30,0.32,0.32,0.32,30.1,29.6,2.08,2.41,2.42,2.42,2.42,0.55,0,0,3.66,26.1,36.8,A7A
485,59.349259,18.072974,1,2.2,-4.3,7,20210821,154937,541901,0.31,0.33,0.33,0.33,30.2,29.9,2.15,2.49,2.50,2.50,2.50,0.54,0,0,3.66,26.2,37.3,A7A
486,59.349276,18.072982,1,5.0,-4.3,7,20210821,154938,542973,0.32,0.34,0.34,0.34,30.2,30.3,2.23,2.59,2.59,2.59,2.59,0.55,0,0,3.66,26.2,37.7,A7A
487,59.349308,18.072992,1,6.3,-4.8,7,20210821,154939,544045,0.33,0.35,0.35,0.35,30.2,30.7,2.28,2.64,2.65,2.65,2.65,0.55,0,0,3.66,26.2,38.3,A7A
488,59.349308,18.073010,1,7.1,0.0,7,20210821,154940,545113,0.33,0.35,0.35,0.35,30.2,31.1,2.28,2.64,2.65,2.65,2.65,0.55,0,0,3.66,26.2,38.7,A7A
489,59.349325,18.073014,1,6.9,-0.2,7,20210821,154941,546184,0.33,0.35,0.35,0.35,30.2,31.3,2.30,2.66,2.67,2.67,2.67,0.54,0,0,3.66,26.2,39.0,A7A
490,59.349341,18.073020,1,5.7,-0.3,7,20210821,154942,547256,0.33,0.35,0.35,0.35,30.2,31.0,2.29,2.65,2.66,2.66,2.66,0.54,0,0,3.66,26.2,38.7,A7A
491,59.349357,18.073027,1,6.8,-1.1,7,20210821,154943,548324,0.33,0.35,0.35,0.35,30.2,31.0,2.26,2.62,2.62,2.62,2.62,0.54,0,0,3.66,26.2,38.6,A7A
492,59.349382,18.073033,1,8.3,-1.5,7,20210821,154944,549396,0.34,0.36,0.36,0.36,30.3,31.0,2.31,2.68,2.68,2.68,2.69,0.55,0,0,3.66,26.3,38.6,A7A
493,59.349390,18.073041,1,7.9,0.0,7,20210821,154945,550468,0.34,0.36,0.36,0.36,30.3,31.2,2.33,2.70,2.71,2.71,2.71,0.55,0,0,3.67,26.3,38.8,A7A
494,59.349398,18.073041,1,6.8,0.0,7,20210821,154946,551539,0.34,0.36,0.36,0.36,30.3,31.4,2.32,2.69,2.70,2.70,2.70,0.55,0,0,3.66,26.3,39.0,A7A
495,59.349406,18.073037,1,5.6,0.0,7,20210821,154947,552606,0.33,0.35,0.35,0.35,30.3,31.4,2.29,2.66,2.66,2.67,2.67,0.55,0,0,3.66,26.3,39.2,A7A
496,59.349414,18.073039,1,5.1,0.0,7,20210821,154948,553677,0.33,0.35,0.35,0.35,30.3,31.5,2.25,2.60,2.61,2.61,2.61,0.55,0,0,3.66,26.3,39.2,A7A
497,59.349414,18.073039,1,5.1,0.0,7,20210821,154948,554748,0.32,0.34,0.34,0.34,30.3,31.6,2.19,2.53,2.54,2.54,2.54,0.55,0,0,3.67,26.3,39.3,A7A
498,59.349422,18.073041,1,3.1,0.0,7,20210821,154950,555815,0.31,0.33,0.33,0.33,30.3,31.6,2.12,2.45,2.46,2.46,2.46,0.55,0,0,3.66,26.3,39.3,A7A
499,59.349422,18.073047,1,3.5,0.0,7,20210821,154951,556886,0.30,0.31,0.31,0.31,30.4,31.6,2.04,2.36,2.37,2.37,2.37,0.55,0,0,3.66,26.4,39.4,A7A
500,59.349430,18.073051,1,1.9,0.0,7,20210821,154952,557957,0.28,0.30,0.30,0.30,30.4,31.7,1.95,2.26,2.27,2.27,2.27,0.55,0,0,3.66,26.4,39.5,A7A
501,59.349447,18.073059,1,2.3,0.0,7,20210821,154954,559028,0.26,0.27,0.27,0.27,30.4,31.7,1.78,2.06,2.06,2.06,2.06,0.55,0,0,3.66,26.4,39.5,A7A
502,59.349455,18.073065,1,3.6,0.0,7,20210821,154955,560095,0.25,0.26,0.26,0.26,30.4,31.7,1.69,1.95,1.96,1.96,1.96,0.55,0,0,3.66,26.4,39.5,A7A
503,59.349463,18.073069,1,3.6,0.0,7,20210821,154956,561166,0.23,0.25,0.25,0.25,30.4,31.7,1.60,1.85,1.85,1.86,1.86,0.55,0,0,3.66,26.4,39.4,A7A
504,59.349463,18.073069,1,3.3,0.0,7,20210821,154957,562237,0.22,0.23,0.23,0.23,30.4,31.7,1.51,1.75,1.75,1.75,1.75,0.55,0,0,3.66,26.4,39.5,A7A
505,59.349479,18.073065,1,2.1,0.0,7,20210821,154958,563308,0.21,0.22,0.22,0.22,30.5,31.7,1.42,1.65,1.65,1.65,1.65,0.55,0,0,3.67,26.5,39.5,A7A
506,59.349487,18.073069,1,3.2,0.1,7,20210821,154959,564384,0.19,0.21,0.21,0.21,30.5,31.8,1.34,1.55,1.55,1.55,1.55,0.55,0,0,3.66,26.5,39.6,A7A
507,59.349495,18.073069,1,4.2,0.1,7,20210821,155000,565455,0.19,0.20,0.20,0.20,30.5,31.8,1.30,1.51,1.51,1.51,1.52,0.55,0,0,3.66,26.5,39.6,A7A
508,59.349495,18.073071,1,0.0,0.1,7,20210821,155001,566526,0.18,0.19,0.19,0.19,30.5,31.6,1.26,1.47,1.47,1.47,1.47,0.55,0,0,3.66,26.5,39.3,A7A
509,59.349495,18.073071,1,0.0,0.1,7,20210821,155001,567593,0.18,0.19,0.19,0.19,30.4,30.8,1.22,1.41,1.42,1.42,1.42,0.55,0,0,3.66,26.4,38.3,A7A
510,59.349495,18.073071,1,0.0,0.1,7,20210821,155003,568664,0.17,0.18,0.18,0.18,30.4,30.0,1.17,1.36,1.36,1.36,1.36,0.55,0,0,3.66,26.4,37.3,A7A
511,59.349495,18.073071,1,0.0,0.1,7,20210821,155004,569736,0.16,0.17,0.17,0.17,30.3,29.3,1.12,1.30,1.30,1.30,1.30,0.55,0,0,3.66,26.3,36.5,A7A
512,59.349495,18.073071,1,0.0,0.1,7,20210821,155005,570808,0.16,0.17,0.17,0.17,30.3,28.6,1.12,1.30,1.30,1.30,1.30,0.55,0,0,3.66,26.3,35.7,A7A
513,59.349487,18.073071,1,0.0,0.1,7,20210821,155006,571875,0.16,0.17,0.17,0.17,30.2,28.2,1.11,1.28,1.28,1.28,1.29,0.55,0,0,3.66,26.2,35.1,A7A
514,59.349495,18.073073,1,0.0,0.2,7,20210821,155007,572946,0.16,0.17,0.17,0.17,30.2,27.8,1.08,1.26,1.26,1.26,1.26,0.55,0,0,3.66,26.2,34.6,A7A
515,59.349504,18.073073,1,3.2,0.4,7,20210821,155008,574017,0.16,0.17,0.17,0.17,30.2,27.6,1.11,1.29,1.29,1.29,1.29,0.55,0,0,3.66,26.2,34.3,A7A
516,59.349504,18.073073,1,3.2,0.4,7,20210821,155009,575084,0.17,0.18,0.18,0.18,30.2,27.4,1.16,1.34,1.34,1.34,1.34,0.55,0,0,3.66,26.2,34.1,A7A
517,59.349504,18.073073,1,0.0,0.4,7,20210821,155010,576155,0.17,0.18,0.18,0.18,30.2,27.7,1.18,1.37,1.37,1.37,1.37,0.55,0,0,3.66,26.2,34.5,A7A
518,59.349495,18.073073,1,0.0,0.4,7,20210821,155011,577226,0.18,0.19,0.19,0.19,30.2,28.5,1.24,1.43,1.44,1.44,1.44,0.55,0,0,3.66,26.2,35.4,A7A
519,59.349495,18.073071,1,0.0,0.4,7,20210821,155012,578297,0.18,0.20,0.20,0.20,30.2,28.8,1.27,1.47,1.48,1.48,1.48,0.55,0,0,3.66,26.2,35.9,A7A
520,59.349495,18.073071,1,0.0,0.4,7,20210821,155013,579364,0.19,0.20,0.20,0.20,30.2,28.8,1.29,1.49,1.49,1.49,1.49,0.55,0,0,3.66,26.2,35.8,A7A
521,59.349495,18.073071,1,0.0,0.4,7,20210821,155014,580435,0.19,0.20,0.20,0.20,30.2,28.4,1.28,1.49,1.49,1.49,1.49,0.55,0,0,3.66,26.2,35.4,A7A
522,59.349495,18.073071,1,0.0,0.4,7,20210821,155016,581506,0.19,0.20,0.20,0.20,30.1,28.1,1.27,1.47,1.48,1.48,1.48,0.55,0,0,3.66,26.1,35.0,A7A
523,59.349495,18.073071,1,0.0,0.4,7,20210821,155017,582577,0.18,0.19,0.19,0.19,30.1,27.7,1.25,1.45,1.45,1.45,1.45,0.55,0,0,3.66,26.1,34.5,A7A
524,59.349495,18.073071,1,0.0,0.4,7,20210821,155018,583644,0.18,0.19,0.19,0.19,30.2,27.5,1.22,1.41,1.41,1.41,1.41,0.55,0,0,3.66,26.2,34.3,A7A
525,59.349495,18.073071,1,0.0,0.4,7,20210821,155019,584715,0.17,0.18,0.18,0.18,30.1,27.4,1.18,1.37,1.37,1.37,1.37,0.55,0,0,3.66,26.1,34.1,A7A
526,59.349495,18.073071,1,0.0,0.4,7,20210821,155020,585786,0.17,0.17,0.17,0.17,30.1,27.2,1.14,1.32,1.32,1.32,1.32,0.55,0,0,3.66,26.1,33.9,A7A
527,59.349495,18.073071,1,0.0,0.4,7,20210821,155021,586853,0.16,0.17,0.17,0.17,30.1,27.1,1.09,1.26,1.27,1.27,1.27,0.55,0,0,3.66,26.1,33.8,A7A
528,59.349495,18.073071,1,0.0,0.4,7,20210821,155022,587924,0.14,0.15,0.15,0.15,30.1,27.0,0.99,1.15,1.15,1.15,1.15,0.55,0,0,3.66,26.1,33.6,A7A
529,59.349495,18.073065,1,0.0,0.4,7,20210821,155023,588995,0.14,0.15,0.15,0.15,30.1,26.9,0.94,1.09,1.10,1.10,1.10,0.55,0,0,3.66,26.1,33.6,A7A
530,59.349495,18.073065,1,1.4,0.4,7,20210821,155024,590066,0.13,0.14,0.14,0.14,30.0,26.9,0.89,1.04,1.04,1.04,1.04,0.55,0,0,3.66,26.0,33.5,A7A
531,59.349495,18.073063,1,0.0,0.4,7,20210821,155025,591133,0.13,0.14,0.14,0.14,30.1,26.9,0.89,1.04,1.04,1.04,1.04,0.55,0,0,3.66,26.1,33.5,A7A
532,59.349495,18.073063,1,0.0,0.4,7,20210821,155026,592205,0.13,0.14,0.14,0.14,30.0,26.9,0.89,1.03,1.03,1.03,1.03,0.55,0,0,3.66,26.0,33.5,A7A
533,59.349495,18.073063,1,0.0,0.4,7,20210821,155027,593277,0.13,0.13,0.13,0.13,30.0,26.8,0.87,1.01,1.01,1.01,1.01,0.55,0,0,3.66,26.0,33.4,A7A
534,59.349495,18.073063,1,0.0,0.4,7,20210821,155029,594344,0.12,0.13,0.13,0.13,30.0,26.8,0.85,0.98,0.99,0.99,0.99,0.55,0,0,3.66,26.0,33.4,A7A
535,59.349512,18.073063,1,6.2,0.6,6,20210821,155030,595415,0.12,0.13,0.13,0.13,30.0,26.8,0.82,0.95,0.96,0.96,0.96,0.55,0,0,3.67,26.0,33.4,A7A
536,59.349512,18.073065,1,0.0,0.6,6,20210821,155031,596486,0.12,0.12,0.12,0.12,30.0,26.9,0.79,0.92,0.92,0.92,0.92,0.55,0,0,3.66,26.0,33.5,A7A
537,59.349512,18.073065,1,0.0,0.6,6,20210821,155032,597557,0.11,0.12,0.12,0.12,30.0,26.9,0.76,0.88,0.88,0.89,0.89,0.55,0,0,3.66,26.0,33.5,A7A
538,59.349512,18.073065,1,0.0,0.6,7,20210821,155033,598634,0.11,0.11,0.11,0.11,30.0,26.9,0.73,0.84,0.85,0.85,0.85,0.55,0,0,3.66,26.0,33.5,A7A
539,59.349512,18.073067,1,0.0,0.6,7,20210821,155034,599705,0.11,0.11,0.11,0.11,30.0,26.9,0.74,0.86,0.86,0.86,0.86,0.55,0,0,3.66,26.0,33.5,A7A
540,59.349512,18.073067,1,0.0,0.6,7,20210821,155035,600776,0.11,0.12,0.12,0.12,30.0,26.9,0.75,0.87,0.87,0.87,0.87,0.55,0,0,3.66,26.0,33.5,A7A
541,59.349512,18.073067,1,0.0,0.6,7,20210821,155036,601847,0.11,0.11,0.11,0.11,30.0,26.9,0.74,0.85,0.85,0.86,0.86,0.55,0,0,3.66,26.0,33.5,A7A
542,59.349512,18.073065,1,0.0,0.6,7,20210821,155037,602914,0.10,0.11,0.11,0.11,30.0,26.9,0.72,0.83,0.84,0.84,0.84,0.55,0,0,3.66,26.0,33.6,A7A
543,59.349512,18.073065,1,0.0,0.6,7,20210821,155038,603985,0.10,0.11,0.11,0.11,30.0,26.9,0.70,0.81,0.81,0.81,0.81,0.55,0,0,3.66,26.0,33.6,A7A
544,59.349512,18.073065,1,0.0,0.6,7,20210821,155039,605056,0.10,0.10,0.10,0.10,30.0,26.9,0.68,0.79,0.79,0.79,0.79,0.55,0,0,3.66,26.0,33.5,A7A
545,59.349512,18.073063,1,0.0,0.6,7,20210821,155040,606123,0.10,0.11,0.11,0.11,30.0,26.9,0.70,0.81,0.82,0.82,0.82,0.55,0,0,3.66,26.0,33.5,A7A
546,59.349512,18.073063,1,0.0,0.6,7,20210821,155042,607194,0.10,0.11,0.11,0.11,29.9,26.9,0.71,0.83,0.83,0.83,0.83,0.55,0,0,3.66,25.9,33.5,A7A
547,59.349512,18.073063,1,0.0,0.6,7,20210821,155043,608265,0.10,0.11,0.11,0.11,30.0,26.9,0.72,0.83,0.83,0.83,0.83,0.55,0,0,3.66,26.0,33.5,A7A
548,59.349520,18.073053,1,0.0,0.4,7,20210821,155044,609336,0.10,0.11,0.11,0.11,30.0,26.9,0.71,0.83,0.83,0.83,0.83,0.55,0,0,3.66,26.0,33.5,A7A
549,59.349520,18.073053,1,3.3,0.4,7,20210821,155045,610403,0.10,0.11,0.11,0.11,29.9,26.9,0.70,0.81,0.82,0.82,0.82,0.55,0,0,3.66,25.9,33.5,A7A
550,59.349520,18.073053,1,0.0,0.4,7,20210821,155046,611474,0.10,0.11,0.11,0.11,29.9,26.9,0.69,0.80,0.80,0.80,0.80,0.55,0,0,3.66,25.9,33.5,A7A
551,59.349512,18.073051,1,0.0,0.4,7,20210821,155047,612544,0.10,0.11,0.11,0.11,29.9,26.9,0.72,0.83,0.83,0.83,0.83,0.55,0,0,3.66,25.9,33.5,A7A
552,59.349512,18.073049,1,0.0,0.4,7,20210821,155048,613611,0.11,0.11,0.11,0.11,29.9,26.9,0.73,0.85,0.85,0.85,0.85,0.55,0,0,3.66,25.9,33.5,A7A
553,59.349512,18.073049,1,0.0,0.4,7,20210821,155049,614681,0.12,0.12,0.12,0.12,29.9,26.9,0.79,0.92,0.92,0.92,0.92,0.55,0,0,3.67,25.9,33.6,A7A
554,59.349504,18.073039,1,0.0,0.2,7,20210821,155050,615752,0.12,0.13,0.13,0.13,29.9,26.9,0.83,0.96,0.96,0.96,0.96,0.55,0,0,3.66,25.9,33.6,A7A
555,59.349504,18.073039,1,2.9,0.2,7,20210821,155051,616823,0.13,0.13,0.13,0.13,29.9,26.9,0.86,1.00,1.00,1.00,1.00,0.55,0,0,3.66,25.9,33.6,A7A
556,59.349495,18.073035,1,0.0,0.3,7,20210821,155052,617890,0.13,0.13,0.13,0.13,29.9,26.9,0.86,1.00,1.00,1.00,1.00,0.55,0,0,3.66,25.9,33.6,A7A
557,59.349495,18.073035,1,0.0,0.3,7,20210821,155053,618961,0.12,0.13,0.13,0.13,29.9,26.9,0.85,0.98,0.99,0.99,0.99,0.55,0,0,3.66,25.9,33.6,A7A
558,59.349487,18.073033,1,0.0,0.3,7,20210821,155055,620032,0.13,0.14,0.14,0.14,29.9,27.0,0.88,1.02,1.03,1.03,1.03,0.55,0,0,3.66,25.9,33.6,A7A
559,59.349487,18.073033,1,0.0,0.3,7,20210821,155056,621103,0.13,0.14,0.14,0.14,29.9,27.0,0.90,1.05,1.05,1.05,1.05,0.55,0,0,3.66,25.9,33.6,A7A
560,59.349487,18.073031,1,0.0,0.3,7,20210821,155057,622170,0.13,0.14,0.14,0.14,29.9,27.0,0.91,1.05,1.05,1.06,1.06,0.55,0,0,3.66,25.9,33.6,A7A
561,59.349487,18.073031,1,0.0,0.3,7,20210821,155058,623241,0.13,0.14,0.14,0.14,29.9,27.0,0.90,1.05,1.05,1.05,1.05,0.55,0,0,3.66,25.9,33.6,A7A
562,59.349479,18.073033,1,0.0,0.3,7,20210821,155059,624312,0.14,0.14,0.14,0.14,29.9,27.0,0.94,1.09,1.09,1.09,1.09,0.54,0,0,3.66,25.9,33.6,A7A
563,59.349479,18.073033,1,0.0,0.3,7,20210821,155100,625379,0.14,0.15,0.15,0.15,29.9,27.0,0.96,1.11,1.12,1.12,1.12,0.54,0,0,3.66,25.9,33.6,A7A
564,59.349479,18.073033,1,0.0,0.3,7,20210821,155101,626450,0.14,0.15,0.15,0.15,29.9,27.0,0.97,1.12,1.13,1.13,1.13,0.54,0,0,3.66,25.9,33.6,A7A
565,59.349479,18.073033,1,0.0,0.3,7,20210821,155102,627521,0.14,0.15,0.15,0.15,29.9,27.0,0.97,1.12,1.12,1.12,1.12,0.54,0,0,3.66,25.9,33.6,A7A
566,59.349479,18.073033,1,0.0,0.3,7,20210821,155103,628592,0.15,0.15,0.15,0.15,29.9,27.0,1.00,1.16,1.16,1.16,1.17,0.54,0,0,3.66,25.9,33.6,A7A
567,59.349471,18.073033,1,0.0,0.3,7,20210821,155104,629659,0.16,0.17,0.17,0.17,30.0,27.0,1.07,1.24,1.25,1.25,1.25,0.55,0,0,3.66,26.0,33.6,A7A
568,59.349471,18.073033,1,0.0,0.3,7,20210821,155105,630730,0.17,0.18,0.18,0.18,29.9,27.0,1.14,1.33,1.33,1.33,1.33,0.55,0,0,3.66,25.9,33.7,A7A
569,59.349471,18.073033,1,0.0,0.3,7,20210821,155106,631801,0.17,0.18,0.18,0.18,29.9,27.1,1.15,1.34,1.34,1.34,1.34,0.55,0,0,3.66,25.9,33.8,A7A
570,59.349471,18.073033,1,0.0,0.3,7,20210821,155108,632868,0.17,0.18,0.18,0.18,29.9,27.1,1.15,1.33,1.34,1.34,1.34,0.55,0,0,3.66,25.9,33.8,A7A
571,59.349463,18.073035,1,0.0,0.3,7,20210821,155109,633939,0.17,0.17,0.17,0.17,29.9,27.1,1.14,1.32,1.32,1.32,1.32,0.55,0,0,3.66,25.9,33.7,A7A
572,59.349463,18.073037,1,0.0,0.3,7,20210821,155110,635010,0.16,0.17,0.17,0.17,29.9,27.0,1.11,1.29,1.29,1.29,1.29,0.55,0,0,3.66,25.9,33.7,A7A
573,59.349463,18.073041,1,0.0,0.3,7,20210821,155111,636081,0.16,0.17,0.17,0.17,29.9,27.0,1.08,1.25,1.26,1.26,1.26,0.55,0,0,3.66,25.9,33.6,A7A
574,59.349455,18.073043,1,0.0,0.3,7,20210821,155112,637148,0.16,0.17,0.17,0.17,29.9,27.0,1.10,1.27,1.27,1.27,1.27,0.54,0,0,3.66,25.9,33.6,A7A
575,59.349455,18.073045,1,0.0,0.2,7,20210821,155113,638219,0.16,0.17,0.17,0.17,29.9,27.0,1.10,1.27,1.28,1.28,1.28,0.54,0,0,3.66,25.9,33.7,A7A
576,59.349455,18.073047,1,0.0,0.2,7,20210821,155114,639290,0.16,0.17,0.17,0.17,29.9,27.3,1.09,1.26,1.26,1.26,1.26,0.54,0,0,3.66,25.9,34.0,A7A
577,59.349455,18.073047,1,0.0,0.2,7,20210821,155115,640361,0.16,0.16,0.16,0.16,29.9,27.4,1.07,1.24,1.24,1.24,1.24,0.54,0,0,3.66,25.9,34.1,A7A
578,59.349447,18.073049,1,0.0,0.2,7,20210821,155116,641428,0.15,0.16,0.16,0.16,29.9,27.5,1.04,1.21,1.21,1.21,1.21,0.54,0,0,3.66,25.9,34.2,A7A
579,59.349447,18.073051,1,0.0,0.2,7,20210821,155117,642499,0.15,0.16,0.16,0.16,30.0,27.6,1.06,1.23,1.23,1.23,1.23,0.54,0,0,3.66,26.0,34.4,A7A
580,59.349447,18.073053,1,0.0,0.2,7,20210821,155118,643570,0.16,0.17,0.17,0.17,29.9,27.5,1.11,1.29,1.29,1.30,1.30,0.54,0,0,3.66,25.9,34.3,A7A
581,59.349447,18.073055,1,0.0,0.2,7,20210821,155119,644637,0.18,0.19,0.19,0.19,30.0,27.4,1.25,1.45,1.45,1.45,1.45,0.54,0,0,3.66,26.0,34.2,A7A
582,59.349447,18.073055,1,0.0,0.2,7,20210821,155119,645708,0.19,0.20,0.20,0.20,30.0,27.3,1.28,1.49,1.49,1.49,1.49,0.54,0,0,3.66,26.0,34.0,A7A
583,59.349447,18.073057,1,0.0,0.2,7,20210821,155121,646779,0.20,0.21,0.21,0.21,29.9,27.2,1.40,1.62,1.62,1.62,1.62,0.54,0,0,3.66,25.9,34.0,A7A
584,59.349438,18.073057,1,0.0,0.2,7,20210821,155122,647850,0.22,0.23,0.23,0.23,29.9,27.2,1.52,1.76,1.77,1.77,1.77,0.54,0,0,3.66,25.9,33.9,A7A
585,59.349438,18.073061,1,0.0,0.2,7,20210821,155123,648917,0.23,0.25,0.25,0.25,29.9,27.2,1.61,1.87,1.87,1.87,1.87,0.54,0,0,3.66,25.9,33.9,A7A
586,59.349438,18.073061,1,0.0,0.2,7,20210821,155124,649988,0.24,0.26,0.26,0.26,30.0,27.1,1.67,1.93,1.93,1.94,1.94,0.54,0,0,3.66,26.0,33.8,A7A
587,59.349438,18.073063,1,0.0,0.2,7,20210821,155125,651059,0.26,0.28,0.28,0.28,30.0,27.1,1.79,2.08,2.08,2.08,2.08,0.54,0,0,3.66,26.0,33.8,A7A
588,59.349438,18.073063,1,0.0,0.2,7,20210821,155126,652126,0.28,0.30,0.30,0.30,30.0,27.1,1.93,2.23,2.24,2.24,2.24,0.54,0,0,3.66,26.0,33.8,A7A
589,59.349422,18.073055,1,0.0,0.1,7,20210821,155128,653197,0.30,0.32,0.32,0.32,30.0,27.1,2.07,2.40,2.40,2.40,2.40,0.54,0,0,3.66,26.0,33.8,A7A
590,59.349422,18.073057,1,4.5,0.1,7,20210821,155129,654268,0.31,0.33,0.33,0.33,30.0,27.3,2.16,2.50,2.51,2.51,2.51,0.54,0,0,3.66,26.0,34.0,A7A
591,59.349422,18.073059,1,0.0,0.2,7,20210821,155130,655339,0.32,0.34,0.34,0.34,30.0,27.4,2.21,2.57,2.57,2.57,2.57,0.54,0,0,3.66,26.0,34.1,A7A
592,59.349422,18.073061,1,0.0,0.2,7,20210821,155131,656406,0.33,0.34,0.34,0.34,30.0,27.4,2.24,2.59,2.60,2.60,2.60,0.54,0,0,3.66,26.0,34.2,A7A
593,59.349422,18.073061,1,0.0,0.2,7,20210821,155132,657477,0.33,0.35,0.35,0.35,30.0,27.4,2.28,2.64,2.65,2.65,2.65,0.54,0,0,3.66,26.0,34.2,A7A
594,59.349422,18.073061,1,0.0,0.2,7,20210821,155132,658548,0.33,0.35,0.35,0.35,30.0,27.3,2.29,2.66,2.66,2.66,2.66,0.54,0,0,3.66,26.0,34.0,A7A
595,59.349422,18.073063,1,0.0,0.2,7,20210821,155134,659620,0.33,0.35,0.35,0.35,30.0,27.3,2.25,2.60,2.61,2.61,2.61,0.54,0,0,3.66,26.0,34.0,A7A
596,59.349414,18.073063,1,0.0,0.2,7,20210821,155135,660688,0.32,0.34,0.34,0.34,30.0,27.2,2.20,2.55,2.55,2.56,2.56,0.54,0,0,3.66,26.0,33.9,A7A
597,59.349414,18.073065,1,0.0,0.2,7,20210821,155136,661760,0.31,0.33,0.33,0.33,30.0,27.1,2.14,2.48,2.48,2.48,2.48,0.54,0,0,3.66,26.0,33.8,A7A
598,59.349414,18.073067,1,0.0,0.2,7,20210821,155137,662832,0.31,0.33,0.33,0.33,30.0,27.1,2.12,2.45,2.46,2.46,2.46,0.54,0,0,3.66,26.0,33.8,A7A
599,59.349414,18.073067,1,0.0,0.2,7,20210821,155138,663900,0.30,0.32,0.32,0.32,30.1,27.2,2.08,2.41,2.41,2.41,2.41,0.54,0,0,3.66,26.1,33.8,A7A
600,59.349414,18.073069,1,0.0,0.2,7,20210821,155139,664972,0.29,0.31,0.31,0.31,30.0,27.2,2.03,2.35,2.35,2.35,2.35,0.54,0,0,3.66,26.0,33.9,A7A
601,59.349414,18.073069,1,0.0,0.2,7,20210821,155140,666044,0.29,0.30,0.30,0.30,30.1,27.2,1.96,2.27,2.28,2.28,2.28,0.54,0,0,3.66,26.1,33.9,A7A
602,59.349414,18.073071,1,0.0,0.2,7,20210821,155141,667115,0.28,0.29,0.29,0.29,30.0,27.5,1.89,2.19,2.20,2.20,2.20,0.54,0,0,3.66,26.0,34.3,A7A
603,59.349406,18.073073,1,0.0,0.2,7,20210821,155142,668182,0.26,0.28,0.28,0.28,30.0,27.5,1.82,2.11,2.11,2.11,2.11,0.54,0,0,3.66,26.0,34.3,A7A
604,59.349406,18.073073,1,0.0,0.2,7,20210821,155143,669253,0.27,0.28,0.28,0.28,30.0,27.4,1.84,2.13,2.13,2.13,2.14,0.55,0,0,3.66,26.0,34.2,A7A
605,59.349406,18.073075,1,0.0,0.2,7,20210821,155144,670324,0.27,0.28,0.28,0.28,30.0,27.5,1.84,2.13,2.13,2.13,2.13,0.55,0,0,3.66,26.0,34.2,A7A
606,59.349406,18.073075,1,0.0,0.2,7,20210821,155145,671391,0.26,0.28,0.28,0.28,30.0,27.6,1.82,2.10,2.11,2.11,2.11,0.55,0,0,3.66,26.0,34.3,A7A
607,59.349406,18.073077,1,0.0,0.2,7,20210821,155147,672462,0.26,0.27,0.27,0.27,30.0,27.5,1.78,2.06,2.07,2.07,2.07,0.55,0,0,3.66,26.0,34.3,A7A
608,59.349406,18.073077,1,0.0,0.2,7,20210821,155148,673533,0.24,0.26,0.26,0.26,30.0,27.5,1.68,1.95,1.95,1.95,1.95,0.55,0,0,3.66,26.0,34.2,A7A
609,59.349406,18.073081,1,0.0,0.2,7,20210821,155149,674604,0.24,0.26,0.26,0.26,30.0,27.4,1.67,1.93,1.94,1.94,1.94,0.54,0,0,3.66,26.0,34.1,A7A
610,59.349406,18.073081,1,0.0,0.2,7,20210821,155150,675671,0.24,0.25,0.25,0.25,30.0,27.3,1.64,1.90,1.91,1.91,1.91,0.54,0,0,3.66,26.0,34.0,A7A
611,59.349406,18.073083,1,0.0,0.0,7,20210821,155151,676742,0.24,0.25,0.25,0.25,30.0,27.2,1.66,1.92,1.92,1.92,1.93,0.54,0,0,3.66,26.0,33.9,A7A
612,59.349406,18.073086,1,0.0,0.0,7,20210821,155152,677813,0.25,0.26,0.26,0.26,30.0,27.2,1.70,1.97,1.97,1.98,1.98,0.54,0,0,3.66,26.0,33.9,A7A
613,59.349406,18.073088,1,0.0,0.0,7,20210821,155153,678884,0.25,0.26,0.26,0.26,30.0,27.1,1.72,1.99,2.00,2.00,2.00,0.54,0,0,3.66,26.0,33.7,A7A
614,59.349406,18.073088,1,0.0,0.0,7,20210821,155154,679951,0.25,0.26,0.26,0.26,30.0,27.1,1.72,1.99,1.99,1.99,1.99,0.54,0,0,3.66,26.0,33.7,A7A
615,59.349406,18.073090,1,0.0,0.0,7,20210821,155155,681022,0.25,0.27,0.27,0.27,30.0,27.0,1.75,2.02,2.03,2.03,2.03,0.54,0,0,3.66,26.0,33.7,A7A
616,59.349406,18.073090,1,0.0,0.0,7,20210821,155156,682093,0.26,0.27,0.27,0.27,30.0,27.0,1.75,2.03,2.04,2.04,2.04,0.54,0,0,3.66,26.0,33.7,A7A
617,59.349398,18.073092,1,0.0,0.0,7,20210821,155157,683160,0.25,0.27,0.27,0.27,30.0,27.0,1.74,2.02,2.02,2.02,2.02,0.54,0,0,3.66,26.0,33.7,A7A
618,59.349398,18.073094,1,0.0,0.0,7,20210821,155158,684232,0.25,0.26,0.26,0.26,30.0,27.0,1.72,1.99,1.99,1.99,1.99,0.54,0,0,3.67,26.0,33.7,A7A
619,59.349398,18.073094,1,0.0,0.0,7,20210821,155200,685303,0.26,0.27,0.27,0.27,30.0,27.0,1.78,2.06,2.06,2.06,2.06,0.53,0,0,3.66,26.0,33.6,A7A
620,59.349398,18.073096,1,0.0,0.0,7,20210821,155201,686374,0.26,0.28,0.28,0.28,29.9,27.0,1.81,2.09,2.10,2.10,2.10,0.53,0,0,3.66,25.9,33.6,A7A
621,59.349398,18.073098,1,0.0,0.0,7,20210821,155202,687441,0.26,0.28,0.28,0.28,29.9,26.9,1.80,2.09,2.09,2.09,2.10,0.53,0,0,3.66,25.9,33.6,A7A
622,59.349398,18.073100,1,0.0,0.0,7,20210821,155203,688512,0.27,0.28,0.28,0.28,30.0,26.9,1.82,2.11,2.12,2.12,2.12,0.54,0,0,3.66,26.0,33.5,A7A
623,59.349398,18.073100,1,0.0,0.0,7,20210821,155204,689583,0.27,0.28,0.28,0.28,30.0,27.0,1.82,2.11,2.12,2.12,2.12,0.54,0,0,3.66,26.0,33.6,A7A
624,59.349398,18.073102,1,0.0,0.0,7,20210821,155205,690650,0.27,0.29,0.29,0.29,30.0,27.0,1.86,2.15,2.16,2.16,2.16,0.53,0,0,3.66,26.0,33.7,A7A
625,59.349398,18.073102,1,0.0,0.0,7,20210821,155206,691721,0.27,0.29,0.29,0.29,30.0,27.0,1.86,2.16,2.16,2.16,2.16,0.53,0,0,3.66,26.0,33.6,A7A
626,59.349398,18.073102,1,0.0,0.0,7,20210821,155207,692792,0.27,0.28,0.28,0.28,30.0,27.1,1.85,2.14,2.15,2.15,2.15,0.53,0,0,3.66,26.0,33.7,A7A
627,59.349398,18.073102,1,0.0,0.0,7,20210821,155208,693863,0.26,0.28,0.28,0.28,30.0,27.1,1.82,2.11,2.11,2.11,2.11,0.53,0,0,3.66,26.0,33.8,A7A
628,59.349398,18.073102,1,0.0,0.0,7,20210821,155209,694930,0.26,0.27,0.27,0.27,30.0,27.2,1.78,2.06,2.06,2.07,2.07,0.53,0,0,3.66,26.0,33.8,A7A
629,59.349398,18.073102,1,0.0,0.0,7,20210821,155210,696001,0.25,0.27,0.27,0.27,30.0,27.2,1.73,2.00,2.00,2.01,2.01,0.53,0,0,3.66,26.0,33.9,A7A
630,59.349398,18.073102,1,0.0,0.0,7,20210821,155211,697072,0.24,0.26,0.26,0.26,30.0,27.1,1.67,1.93,1.94,1.94,1.94,0.53,0,0,3.66,26.0,33.8,A7A
631,59.349398,18.073102,1,0.0,0.0,7,20210821,155213,698143,0.23,0.25,0.25,0.25,30.0,27.2,1.60,1.86,1.86,1.86,1.86,0.53,0,0,3.66,26.0,33.9,A7A
632,59.349398,18.073102,1,0.0,0.0,7,20210821,155214,699210,0.22,0.24,0.24,0.24,30.0,27.3,1.53,1.78,1.78,1.78,1.78,0.53,0,0,3.66,26.0,34.0,A7A
633,59.349398,18.073102,1,0.0,0.4,7,20210821,155215,700281,0.21,0.23,0.23,0.23,29.9,27.5,1.46,1.70,1.70,1.70,1.70,0.53,0,0,3.66,25.9,34.2,A7A
634,59.349406,18.073096,1,2.2,0.7,7,20210821,155216,701352,0.21,0.22,0.22,0.22,30.0,27.6,1.41,1.63,1.64,1.64,1.64,0.53,0,0,3.66,26.0,34.4,A7A
635,59.349414,18.073094,1,3.8,1.1,7,20210821,155217,702419,0.20,0.21,0.21,0.21,30.0,27.9,1.37,1.59,1.59,1.59,1.59,0.53,0,0,3.66,26.0,34.7,A7A
636,59.349414,18.073094,1,1.7,1.5,7,20210821,155218,703490,0.19,0.20,0.20,0.20,30.0,28.4,1.32,1.53,1.54,1.54,1.54,0.53,0,0,3.66,26.0,35.3,A7A
637,59.349406,18.073094,1,1.1,1.5,7,20210821,155219,704561,0.19,0.20,0.20,0.20,30.1,28.8,1.27,1.47,1.48,1.48,1.48,0.53,0,0,3.66,26.1,35.8,A7A
638,59.349406,18.073094,1,1.1,1.4,6,20210821,155220,705632,0.18,0.19,0.19,0.19,30.0,29.3,1.22,1.41,1.41,1.42,1.42,0.53,0,0,3.66,26.0,36.5,A7A
639,59.349406,18.073094,1,0.0,1.2,6,20210821,155221,706699,0.17,0.18,0.18,0.18,30.0,29.7,1.16,1.35,1.35,1.35,1.35,0.53,0,0,3.66,26.0,37.0,A7A
640,59.349406,18.073094,1,0.0,1.2,6,20210821,155222,707770,0.16,0.17,0.17,0.17,30.0,29.8,1.11,1.28,1.28,1.28,1.28,0.53,0,0,3.66,26.0,37.2,A7A
