Session Id,Timestamp,Period,Station,Sensors,Number,Size,LDSA,Filter,Diff,Date,Clock Time,Time
20210924-1,2021-09-24 10:17:45,Offtime,Gamla Stan,DiSC,2988.114285714286,28.12,4.372285714285714,2.632285714285714,2.571714285714286,2021-09-24,10:17:45,2364.5
20210924-1,2021-09-24 09:42:55,Offtime,Gullmarsplan,DiSC,1405.24,28.01,2.0266,1.2118,1.2014,2021-09-24,09:42:55,269.5
20210924-1,2021-09-24 10:34:25,Offtime,Hötorget,DiSC,2498.5588235294117,52.66764705882353,7.366470588235295,6.015294117647059,2.749705882352941,2021-09-24,10:34:25,3359.5
20210924-1,2021-09-24 10:01:15,Offtime,Medborgarplatsen,DiSC,3236.9210526315787,39.66052631578947,6.966052631578947,5.057631578947368,3.23078947368421,2021-09-24,10:01:15,1369.5
20210924-1,2021-09-24 10:49:35,Offtime,Odenplan,DiSC,2158.3076923076924,58.58461538461539,7.178461538461539,6.0746153846153845,2.465384615384615,2021-09-24,10:49:35,4274.5
20210924-1,2021-09-24 10:42:35,Offtime,Rådmansgatan,DiSC,2501.5128205128203,53.210256410256406,7.477948717948718,6.131538461538462,2.7664102564102566,2021-09-24,10:42:35,3854.5
20210924-1,2021-09-24 09:53:25,Offtime,Skanstull,DiSC,4760.6551724137935,55.38965517241379,14.90448275862069,12.387241379310346,5.336896551724139,2021-09-24,09:53:25,904.5
20210924-1,2021-09-24 10:09:25,Offtime,Slussen,DiSC,3543.4848484848485,39.696969696969695,7.652424242424242,5.563939393939394,3.542121212121212,2021-09-24,10:09:25,1864.5
20210924-1,2021-09-24 10:26:35,Offtime,T-Centralen,DiSC,2663.516129032258,54.354838709677416,8.204516129032259,6.790322580645161,2.972258064516129,2021-09-24,10:26:35,2894.5
20210927-1,2021-09-27 07:29:33,Morning rush,Gamla Stan,DiSC,4459.0,43.71666666666667,10.723333333333334,8.143333333333333,4.614999999999999,2021-09-27,07:29:33,1499.5
20210927-1,2021-09-27 07:12:13,Morning rush,Gullmarsplan,DiSC,8126.8,31.32,13.492,8.67,7.384,2021-09-27,07:12:13,464.5
20210927-1,2021-09-27 07:38:53,Morning rush,Hötorget,DiSC,2708.8,55.61,8.386,6.953,3.023,2021-09-27,07:38:53,2059.5
20210927-1,2021-09-27 07:21:33,Morning rush,Medborgarplatsen,DiSC,4767.823529411765,56.72941176470588,15.312941176470588,12.824117647058824,5.388235294117647,2021-09-27,07:21:33,1024.5
20210927-1,2021-09-27 08:05:43,Morning rush,Odenplan,DiSC,4632.335294117647,49.54823529411765,12.745176470588234,10.166,4.993764705882353,2021-09-27,08:05:43,3641.970588235294
20210927-1,2021-09-27 07:42:53,Morning rush,Rådmansgatan,DiSC,6244.1,44.910000000000004,15.422999999999998,11.831999999999999,6.51,2021-09-27,07:42:53,2299.5
20210927-1,2021-09-27 07:16:53,Morning rush,Skanstull,DiSC,4789.222222222223,53.43333333333333,14.426666666666668,11.852222222222222,5.306666666666667,2021-09-27,07:16:53,744.5
20210927-1,2021-09-27 07:25:43,Morning rush,Slussen,DiSC,4441.666666666667,51.699999999999996,12.87,10.441666666666666,4.865,2021-09-27,07:25:43,1269.5
20210927-1,2021-09-27 07:34:33,Morning rush,T-Centralen,DiSC,2912.3,53.89,8.829,7.269,3.232,2021-09-27,07:34:33,1799.5
20210927-2,2021-09-27 18:15:08,Offtime,Abrahamsberg,DiSC,3250.0,46.300000000000004,8.324285714285715,6.474285714285714,3.4299999999999997,2021-09-27,18:15:08,2774.5
20210927-2,2021-09-27 18:07:08,Offtime,Alvik,DiSC,2679.714285714286,50.614285714285714,7.54,6.062857142857142,2.9071428571428575,2021-09-27,18:07:08,2294.5
20210927-2,2021-09-27 18:19:08,Offtime,Brommaplan,DiSC,2562.714285714286,53.271428571428565,7.67,6.288571428571429,2.835714285714286,2021-09-27,18:19:08,3014.5
20210927-2,2021-09-27 17:56:18,Evening rush,Fridhemsplan,DiSC,3648.4,45.760000000000005,9.205,7.122,3.8299999999999996,2021-09-27,17:56:18,1639.5
20210927-2,2021-09-27 18:33:38,Offtime,Islandstorget,DiSC,2121.923076923077,54.93846153846154,6.453846153846154,5.319999999999999,2.356923076923077,2021-09-27,18:33:38,3884.5
20210927-2,2021-09-27 18:03:28,Offtime,Kristineberg,DiSC,4683.666666666667,53.13333333333333,13.93,11.406666666666666,5.156666666666667,2021-09-27,18:03:28,2074.5
20210927-2,2021-09-27 17:40:38,Evening rush,Odenplan,DiSC,3970.257731958763,48.802061855670104,10.75360824742268,8.532680412371134,4.259896907216494,2021-09-27,17:40:38,704.5
20210927-2,2021-09-27 17:51:58,Evening rush,St Eriksplan,DiSC,3980.181818181818,48.57272727272727,10.75,8.521818181818182,4.2690909090909095,2021-09-27,17:51:58,1384.5
20210927-2,2021-09-27 18:11:08,Offtime,Stora mossen,DiSC,2248.1428571428573,55.642857142857146,6.9799999999999995,5.788571428571429,2.512857142857143,2021-09-27,18:11:08,2534.5
20210927-2,2021-09-27 18:00:18,Offtime,Thorildsplan,DiSC,3098.7272727272725,51.709090909090904,8.962727272727273,7.270909090909091,3.3909090909090907,2021-09-27,18:00:18,1884.5
20210927-2,2021-09-27 18:27:38,Offtime,Ängbyplan,DiSC,2447.3846153846152,50.83076923076923,6.955384615384616,5.61,2.6661538461538465,2021-09-27,18:27:38,3547.576923076923
20210927-2,2021-09-27 18:22:38,Offtime,Åkeshov,DiSC,1831.142857142857,55.15714285714285,5.548571428571429,4.57,2.032857142857143,2021-09-27,18:22:38,3224.5
20210928-1,2021-09-28 10:43:03,Offtime,Alvik,DiSC,2731.0,46.83888888888889,7.066666666666666,5.518888888888889,2.8916666666666666,2021-09-28,10:43:03,2149.5
20210928-1,2021-09-28 10:58:13,Offtime,Fridhemsplan,DiSC,2276.5714285714284,56.42857142857143,7.253571428571428,6.065714285714286,2.5664285714285713,2021-09-28,10:58:13,3059.5
20210928-1,2021-09-28 10:48:33,Offtime,Kristineberg,DiSC,3726.4166666666665,51.46666666666667,10.989166666666668,8.968333333333334,4.0975,2021-09-28,10:48:33,2479.5
20210928-1,2021-09-28 11:08:33,Offtime,Odenplan,DiSC,3047.9375,55.95,9.505625,7.89875,3.40875,2021-09-28,11:08:33,3679.5
20210928-1,2021-09-28 11:03:03,Offtime,St Eriksplan,DiSC,2699.6666666666665,59.080000000000005,9.060666666666666,7.685999999999999,3.0933333333333333,2021-09-28,11:03:03,3354.5
20210928-1,2021-09-28 10:52:53,Offtime,Thorildsplan,DiSC,2021.3529411764705,54.78823529411765,6.2311764705882355,5.158823529411765,2.256470588235294,2021-09-28,10:52:53,2744.5
20210928-2,2021-09-28 07:22:10,Morning rush,Abrahamsberg,DiSC,2100.0,49.15,5.7475,4.5775,2.26375,2021-09-28,07:22:10,989.5
20210928-2,2021-09-28 07:29:40,Morning rush,Alvik,DiSC,2039.7142857142858,50.885714285714286,5.485714285714286,4.345714285714285,2.182857142857143,2021-09-28,07:29:40,1439.5
20210928-2,2021-09-28 07:18:40,Morning rush,Brommaplan,DiSC,1898.2857142857142,49.800000000000004,5.261428571428572,4.211428571428572,2.051428571428571,2021-09-28,07:18:40,779.5
20210928-2,2021-09-28 07:40:40,Morning rush,Fridhemsplan,DiSC,1977.357142857143,60.207142857142856,6.776428571428572,5.780714285714287,2.2814285714285716,2021-09-28,07:40:40,2099.5
20210928-2,2021-09-28 07:05:40,Morning rush,Islandstorget,DiSC,2059.0,46.7,5.33,4.16,2.18,2021-09-28,07:05:40,4.5
20210928-2,2021-09-28 07:34:40,Morning rush,Kristineberg,DiSC,2695.785714285714,48.1,7.063571428571429,5.545,2.8614285714285717,2021-09-28,07:34:40,1739.5
20210928-2,2021-09-28 08:03:10,Morning rush,Odenplan,DiSC,3913.5390625,53.85234375,11.338671875,9.21625,4.27171875,2021-09-28,08:03:10,3475.28125
20210928-2,2021-09-28 07:45:10,Morning rush,St Eriksplan,DiSC,2843.25,59.925,9.7025,8.2675,3.275,2021-09-28,07:45:10,2369.5
20210928-2,2021-09-28 07:25:10,Morning rush,Stora mossen,DiSC,2393.0,44.7375,5.76,4.3875,2.47125,2021-09-28,07:25:10,1169.5
20210928-2,2021-09-28 07:09:10,Morning rush,Ängbyplan,DiSC,1177.75,62.3375,4.16875,3.58875,1.3725,2021-09-28,07:09:10,209.5
20210928-2,2021-09-28 07:13:40,Morning rush,Åkeshov,DiSC,1885.9285714285713,48.76428571428572,5.090714285714285,4.035,2.0207142857142855,2021-09-28,07:13:40,479.5
20210929-1,2021-09-29 07:44:34,Morning rush,Gamla Stan,DiSC,4231.5,53.44,12.718,10.440999999999999,4.686,2021-09-29,07:44:34,1389.5
20210929-1,2021-09-29 07:25:24,Morning rush,Gullmarsplan,DiSC,3972.259259259259,46.75185185185185,10.262592592592592,8.007037037037037,4.201851851851852,2021-09-29,07:25:24,244.5
20210929-1,2021-09-29 07:53:04,Morning rush,Hötorget,DiSC,2307.5714285714284,68.7,9.129999999999999,8.072857142857142,2.79,2021-09-29,07:53:04,1904.5
20210929-1,2021-09-29 07:36:14,Morning rush,Medborgarplatsen,DiSC,3325.6666666666665,61.13333333333333,11.568333333333333,9.908333333333333,3.8516666666666666,2021-09-29,07:36:14,889.5
20210929-1,2021-09-29 07:56:44,Morning rush,Rådmansgatan,DiSC,3260.0,67.575,12.7125,11.19875,3.92375,2021-09-29,07:56:44,2119.5
20210929-1,2021-09-29 07:32:24,Morning rush,Skanstull,DiSC,5583.0,55.715384615384615,17.56230769230769,14.613846153846152,6.267692307692308,2021-09-29,07:32:24,664.5
20210929-1,2021-09-29 07:39:54,Morning rush,Slussen,DiSC,4478.25,57.725,14.650833333333333,12.333333333333334,5.089166666666666,2021-09-29,07:39:54,1109.5
20210929-1,2021-09-29 07:49:24,Morning rush,T-Centralen,DiSC,2846.25,62.9125,10.2475,8.855,3.33375,2021-09-29,07:49:24,1679.5
20210929-2,2021-09-29 18:02:16,Offtime,Abrahamsberg,DiSC,6061.823529411765,38.726470588235294,12.735,9.146470588235294,6.001764705882353,2021-09-29,18:02:16,3039.5
20210929-2,2021-09-29 17:51:36,Evening rush,Alvik,DiSC,6637.0,39.11666666666667,13.986666666666666,10.065,6.573333333333333,2021-09-29,17:51:36,2399.5
20210929-2,2021-09-29 18:08:06,Offtime,Brommaplan,DiSC,5542.25,39.25,11.82375,8.55125,5.5175,2021-09-29,18:08:06,3389.5
20210929-2,2021-09-29 17:39:36,Evening rush,Fridhemsplan,DiSC,4041.4,49.62,11.178,8.931999999999999,4.364,2021-09-29,17:39:36,1684.5
20210929-2,2021-09-29 17:46:56,Evening rush,Kristineberg,DiSC,12277.357142857143,34.97142857142857,21.754285714285714,14.516428571428571,11.344285714285714,2021-09-29,17:46:56,2119.5
20210929-2,2021-09-29 17:30:36,Evening rush,Odenplan,DiSC,4099.428571428572,54.24285714285714,12.522857142857143,10.333571428571428,4.562142857142857,2021-09-29,17:30:36,1139.5
20210929-2,2021-09-29 17:35:16,Evening rush,St Eriksplan,DiSC,4611.866666666667,50.21333333333334,12.926666666666668,10.373999999999999,5.0,2021-09-29,17:35:16,1424.5
20210929-2,2021-09-29 17:56:16,Evening rush,Stora mossen,DiSC,5996.583333333333,38.483333333333334,12.5025,8.948333333333332,5.921666666666667,2021-09-29,17:56:16,2679.5
20210929-2,2021-09-29 18:11:36,Offtime,Åkeshov,DiSC,4937.0,37.6,10.04,7.11,4.83,2021-09-29,18:11:36,3604.5
20210930-1,2021-09-30 07:22:34,Morning rush,Abrahamsberg,DiSC,1944.3333333333333,71.5,8.07,7.21,2.391666666666667,2021-09-30,07:22:34,879.5
20210930-1,2021-09-30 07:30:14,Morning rush,Alvik,DiSC,2382.875,65.8125,9.0125,7.8825,2.8375,2021-09-30,07:30:14,1339.5
20210930-1,2021-09-30 07:09:44,Morning rush,Angbyplan,DiSC,2292.0,61.7,8.052727272727273,6.914545454545455,2.6645454545454546,2021-09-30,07:09:44,114.5
20210930-1,2021-09-30 07:19:04,Morning rush,Brommaplan,DiSC,1917.125,70.52499999999999,7.83625,6.97875,2.3449999999999998,2021-09-30,07:19:04,669.5
20210930-1,2021-09-30 07:43:04,Morning rush,Fridhemsplan,DiSC,2321.25,67.35,9.0025,7.923333333333333,2.7883333333333336,2021-09-30,07:43:04,2109.5
20210930-1,2021-09-30 07:35:04,Morning rush,Kristineberg,DiSC,4281.555555555556,48.666666666666664,11.095555555555556,8.687777777777777,4.511111111111111,2021-09-30,07:35:04,1634.5
20210930-1,2021-09-30 08:03:14,Morning rush,Odenplan,DiSC,3410.9453125,60.9984375,11.744609375,10.031640625,3.93765625,2021-09-30,08:03:14,3339.1875
20210930-1,2021-09-30 07:47:24,Morning rush,St Eriksplan,DiSC,3145.0,65.62727272727273,11.87,10.376363636363637,3.7418181818181817,2021-09-30,07:47:24,2374.5
20210930-1,2021-09-30 07:25:44,Morning rush,Stora mossen,DiSC,3230.714285714286,62.628571428571426,11.124285714285715,9.502857142857142,3.728571428571428,2021-09-30,07:25:44,1074.5
20210930-1,2021-09-30 07:38:34,Morning rush,Thorildsplan,DiSC,2493.8888888888887,60.8111111111111,8.63888888888889,7.392222222222222,2.8877777777777776,2021-09-30,07:38:34,1844.5
20210930-1,2021-09-30 07:14:24,Morning rush,Åkeshov,DiSC,2051.75,68.53125,8.0725,7.128125,2.475625,2021-09-30,07:14:24,389.5
20210930-2,2021-09-30 16:17:48,Evening rush,Hötorget,DiSC,2638.285714285714,67.82857142857144,10.327142857142857,9.104285714285714,3.18,2021-09-30,16:17:48,524.5
20210930-2,2021-09-30 16:12:28,Evening rush,Rådmansgatan,DiSC,3216.478260869565,65.80434782608695,12.187391304347827,10.664347826086956,3.8334782608695654,2021-09-30,16:12:28,204.5
20210930-2,2021-09-30 16:21:48,Evening rush,T-Centralen,DiSC,2707.6666666666665,67.36666666666666,10.481111111111112,9.21888888888889,3.25,2021-09-30,16:21:48,764.5
20210930-3,2021-09-30 17:08:46,Evening rush,Gamla Stan,DiSC,5164.964285714285,38.40714285714286,10.393214285714285,7.345,5.0200000000000005,2021-09-30,17:08:46,269.5
20210930-3,2021-09-30 17:26:36,Evening rush,Gullmarsplan,DiSC,2347.277777777778,59.57222222222222,7.633333333333334,6.422777777777778,2.658333333333333,2021-09-30,17:26:36,1339.5
20210930-3,2021-09-30 17:16:56,Evening rush,Medborgarplatsen,DiSC,3433.75,62.875,12.36125,10.67625,4.02375,2021-09-30,17:16:56,759.5
20210930-3,2021-09-30 17:20:56,Evening rush,Skanstull,DiSC,6122.615384615385,68.26153846153846,24.13153846153846,21.283076923076923,7.389230769230769,2021-09-30,17:20:56,1004.5
20210930-3,2021-09-30 17:13:46,Evening rush,Slussen,DiSC,6736.666666666667,43.75,16.09,12.183333333333332,6.946666666666666,2021-09-30,17:13:46,569.5
20211001-1,2021-10-01 09:31:29,Offtime,Gamla stan,DiSC,4075.375,43.13125,9.6525,7.2856250000000005,4.196875,2021-10-01,09:31:29,1269.5
20211001-1,2021-10-01 09:11:59,Offtime,Gullmarsplan,DiSC,4159.0,41.3,9.4,6.96,4.22,2021-10-01,09:11:59,104.5
20211001-1,2021-10-01 09:42:19,Offtime,Hötorget,DiSC,4183.272727272727,53.527272727272724,12.581818181818182,10.33090909090909,4.633636363636364,2021-10-01,09:42:19,1924.5
20211001-1,2021-10-01 09:21:19,Offtime,Medborgarplatsen,DiSC,3918.1176470588234,51.80588235294118,11.366470588235293,9.228235294117647,4.292941176470588,2021-10-01,09:21:19,664.5
20211001-1,2021-10-01 09:53:29,Offtime,Odenplan,DiSC,3446.75,54.496428571428574,10.579285714285716,8.74392857142857,3.842142857142857,2021-10-01,09:53:29,2589.5
20211001-1,2021-10-01 09:46:59,Offtime,Rådmansgatan,DiSC,4045.8,51.04,11.538666666666666,9.316666666666666,4.408666666666666,2021-10-01,09:46:59,2204.5
20211001-1,2021-10-01 09:16:39,Offtime,Skanstull,DiSC,4256.384615384615,49.33846153846154,11.709999999999999,9.34,4.590769230769231,2021-10-01,09:16:39,384.5
20211001-1,2021-10-01 09:25:59,Offtime,Slussen,DiSC,4368.888888888889,48.1,11.674444444444443,9.21888888888889,4.6688888888888895,2021-10-01,09:25:59,944.5
20211001-1,2021-10-01 09:37:39,Offtime,T-Centralen,DiSC,3449.1428571428573,53.271428571428565,10.312857142857142,8.453571428571427,3.814285714285714,2021-10-01,09:37:39,1639.5
20211001-2,2021-10-01 11:45:25,Offtime,Gamla Stan,DiSC,3745.6153846153848,50.676923076923075,10.59769230769231,8.531538461538462,4.072307692307692,2021-10-01,11:45:25,354.5
20211001-2,2021-10-01 11:56:15,Offtime,Hötorget,DiSC,3223.5714285714284,54.385714285714286,9.87142857142857,8.152857142857142,3.5914285714285716,2021-10-01,11:56:15,999.5
20211001-2,2021-10-01 12:16:05,Offtime,Odenplan,DiSC,5102.913385826771,53.93228346456693,15.484724409448818,12.74732283464567,5.666692913385827,2021-10-01,12:16:05,2194.5
20211001-2,2021-10-01 12:00:35,Offtime,Rådmansgatan,DiSC,3760.4615384615386,52.84615384615385,11.085384615384616,9.047692307692309,4.138461538461538,2021-10-01,12:00:35,1264.5
20211001-2,2021-10-01 11:41:35,Offtime,Slussen,DiSC,3458.8333333333335,54.68333333333333,10.653333333333334,8.813333333333334,3.858333333333333,2021-10-01,11:41:35,119.5
20211001-2,2021-10-01 11:51:15,Offtime,T-Centralen,DiSC,3845.3888888888887,52.75555555555556,11.200555555555555,9.107777777777777,4.216111111111111,2021-10-01,11:51:15,699.5
20211001-3,2021-10-01 17:51:12,Evening rush,Alvik,DiSC,3500.2631578947367,52.3421052631579,10.244210526315788,8.342631578947367,3.844736842105263,2021-10-01,17:51:12,1444.5
20211001-3,2021-10-01 17:35:42,Evening rush,Fridhemsplan,DiSC,3248.4,54.9,10.05,8.328,3.628,2021-10-01,17:35:42,514.5
20211001-3,2021-10-01 17:44:52,Evening rush,Kristineberg,DiSC,6140.142857142857,45.67619047619048,13.707619047619048,10.245238095238095,6.055238095238095,2021-10-01,17:44:52,1064.5
20211001-3,2021-10-01 17:28:52,Evening rush,Odenplan,DiSC,6776.25,51.28333333333333,19.444166666666664,15.719999999999999,7.398333333333333,2021-10-01,17:28:52,99.5
20211001-3,2021-10-01 17:32:32,Evening rush,St Eriksplan,DiSC,8289.5,48.825,22.54,17.89,8.9025,2021-10-01,17:32:32,319.5
20211001-3,2021-10-01 17:39:42,Evening rush,Thorildsplan,DiSC,3494.5714285714284,49.91428571428571,9.724285714285713,7.79,3.781428571428571,2021-10-01,17:39:42,754.5
20211004-1,2021-10-04 08:25:34,Morning rush,Gamla Stan,DiSC,5385.322580645161,64.8,19.982903225806453,17.383870967741935,6.369677419354839,2021-10-04,08:25:34,934.5
20211004-1,2021-10-04 08:35:24,Morning rush,Hötorget,DiSC,3675.1428571428573,72.08571428571429,15.379999999999999,13.757142857142856,4.534285714285715,2021-10-04,08:35:24,1524.5
20211004-1,2021-10-04 08:16:04,Morning rush,Medborgarplatsen,DiSC,5058.555555555556,67.86666666666666,19.811111111111114,17.456666666666663,6.092222222222222,2021-10-04,08:16:04,364.5
20211004-1,2021-10-04 08:42:14,Morning rush,Odenplan,DiSC,3917.125,71.7,16.315,14.575,4.8225,2021-10-04,08:42:14,1929.5
20211004-1,2021-10-04 08:38:44,Morning rush,Rådmansgatan,DiSC,5647.75,58.875,18.8975,16.005,6.4625,2021-10-04,08:38:44,1719.5
20211004-1,2021-10-04 08:12:24,Morning rush,Skanstull,DiSC,4950.428571428572,67.10000000000001,19.142857142857142,16.82,5.938571428571429,2021-10-04,08:12:24,144.5
20211004-1,2021-10-04 08:19:34,Morning rush,Slussen,DiSC,6685.181818181818,57.23636363636364,21.562727272727273,18.068181818181817,7.558181818181819,2021-10-04,08:19:34,574.5
20211004-1,2021-10-04 08:32:04,Morning rush,T-Centralen,DiSC,4773.166666666667,65.14999999999999,17.855,15.566666666666668,5.661666666666666,2021-10-04,08:32:04,1319.5
20211004-2,2021-10-04 17:03:42,Evening rush,Abrahamsberg,DiSC,3093.4444444444443,88.74444444444445,15.16888888888889,13.981111111111112,4.055555555555555,2021-10-04,17:03:42,1989.5
20211004-2,2021-10-04 16:54:02,Evening rush,Alvik,DiSC,6608.75,57.3125,21.4475,18.005,7.49,2021-10-04,16:54:02,1409.5
20211004-2,2021-10-04 17:07:02,Evening rush,Brommaplan,DiSC,2642.3076923076924,85.32307692307693,13.339230769230769,12.359230769230768,3.5046153846153847,2021-10-04,17:07:02,2194.5
20211004-2,2021-10-04 16:41:52,Evening rush,Fridhemsplan,DiSC,3338.785714285714,72.17857142857143,13.997857142857143,12.525,4.1207142857142856,2021-10-04,16:41:52,679.5
20211004-2,2021-10-04 16:49:32,Evening rush,Kristineberg,DiSC,14104.1,60.75,44.900999999999996,37.477000000000004,15.756,2021-10-04,16:49:32,1139.5
20211004-2,2021-10-04 16:37:02,Evening rush,St Eriksplan,DiSC,4098.7692307692305,62.94615384615384,14.766153846153847,12.757692307692308,4.802307692307692,2021-10-04,16:37:02,394.5
20211004-2,2021-10-04 16:59:12,Evening rush,Stora mossen,DiSC,3021.3333333333335,83.16666666666667,14.8025,13.645000000000001,3.9583333333333335,2021-10-04,16:59:12,1719.5
20211004-2,2021-10-04 16:46:02,Evening rush,Thorildsplan,DiSC,11506.166666666666,43.550000000000004,26.825,20.12,11.76,2021-10-04,16:46:02,929.5
20211004-2,2021-10-04 17:12:52,Evening rush,Åkeshov,DiSC,2756.695652173913,82.56521739130434,13.412608695652175,12.351304347826087,3.600869565217391,2021-10-04,17:12:52,2544.5
20211005-2,2021-10-05 07:12:34,Morning rush,Alvik,DiSC,5279.833333333333,41.891666666666666,12.075833333333334,8.989166666666668,5.3758333333333335,2021-10-05,07:12:34,689.5
20211005-2,2021-10-05 07:23:34,Morning rush,Fridhemsplan,DiSC,3342.2,54.82000000000001,10.322,8.55,3.732,2021-10-05,07:23:34,1354.5
20211005-2,2021-10-05 07:38:14,Morning rush,Hötorget,DiSC,3182.25,58.4625,10.56,8.92625,3.63375,2021-10-05,07:38:14,2229.5
20211005-2,2021-10-05 07:17:04,Morning rush,Kristineberg,DiSC,26939.8,40.14,58.898,42.938,26.919999999999998,2021-10-05,07:17:04,964.5
20211005-2,2021-10-05 07:30:44,Morning rush,Odenplan,DiSC,4019.5,58.17999999999999,13.222999999999999,11.151,4.576,2021-10-05,07:30:44,1779.5
20211005-2,2021-10-05 07:34:44,Morning rush,Rådmansgatan,DiSC,4633.25,52.6875,13.6425,11.1275,5.0975,2021-10-05,07:34:44,2019.5
20211005-2,2021-10-05 07:27:14,Morning rush,St Eriksplan,DiSC,4687.833333333333,55.26666666666667,14.623333333333333,12.143333333333333,5.251666666666667,2021-10-05,07:27:14,1569.5
20211005-2,2021-10-05 07:56:44,Morning rush,Stadion,DiSC,4394.5,52.396153846153844,12.920384615384616,10.535,4.834615384615384,2021-10-05,07:56:44,3339.5
20211005-2,2021-10-05 07:42:44,Morning rush,T-Centralen,DiSC,3630.9285714285716,57.30714285714286,11.779285714285715,9.895,4.115714285714286,2021-10-05,07:42:44,2499.5
20211005-2,2021-10-05 08:04:14,Morning rush,Tekniska Högskolan,DiSC,4520.21875,51.90625,13.1328125,10.665625,4.9540625,2021-10-05,08:04:14,3789.5
20211005-2,2021-10-05 07:20:04,Morning rush,Thorildsplan,DiSC,5979.4,43.2,14.154,10.68,6.151999999999999,2021-10-05,07:20:04,1144.5
20211005-2,2021-10-05 08:13:14,Morning rush,Universitetet,DiSC,2911.125,57.421875,9.4578125,7.9496875,3.30125,2021-10-05,08:13:14,4329.5
20211005-2,2021-10-05 07:50:44,Morning rush,Östermalmstorg,DiSC,4128.538461538462,53.75769230769231,12.460769230769232,10.242692307692307,4.577692307692308,2021-10-05,07:50:44,2979.5
20211005-4,2021-10-05 15:19:47,Evening rush,Gamla Stan,DiSC,3707.0,50.08,10.362,8.314,4.018,2021-10-05,15:19:47,1234.5
20211005-4,2021-10-05 15:36:47,Evening rush,Gullmarsplan,DiSC,11210.923076923076,32.5,19.14,12.477692307692308,10.278461538461539,2021-10-05,15:36:47,2254.5
20211005-4,2021-10-05 15:11:07,Evening rush,Hötorget,DiSC,2304.0,61.91428571428571,8.121428571428572,6.981428571428571,2.68,2021-10-05,15:11:07,714.5
20211005-4,2021-10-05 15:26:17,Evening rush,Medborgarplatsen,DiSC,3614.8,56.3,11.510000000000002,9.615,4.075,2021-10-05,15:26:17,1619.5
20211005-4,2021-10-05 15:04:37,Evening rush,Odenplan,DiSC,2745.714285714286,57.18571428571429,8.894285714285715,7.468571428571429,3.1114285714285717,2021-10-05,15:04:37,324.5
20211005-4,2021-10-05 15:07:47,Evening rush,Rådmansgatan,DiSC,4454.5,53.5,13.388333333333334,10.991666666666667,4.93,2021-10-05,15:07:47,509.5
20211005-4,2021-10-05 15:31:17,Evening rush,Skanstull,DiSC,6076.136363636364,51.959090909090904,17.66590909090909,14.34772727272727,6.657272727272727,2021-10-05,15:31:17,1919.5
20211005-4,2021-10-05 15:22:37,Evening rush,Slussen,DiSC,4646.0,48.62,12.564,9.962,4.982,2021-10-05,15:22:37,1404.5
20211005-4,2021-10-05 15:15:07,Evening rush,T-Centralen,DiSC,2841.0,58.9375,9.49625,8.05,3.2512499999999998,2021-10-05,15:15:07,949.5
20211006-1,2021-10-06 07:49:20,Morning rush,Gamla Stan,DiSC,6221.777777777777,63.833333333333336,22.78222222222222,19.75,7.327777777777778,2021-10-06,07:49:20,1024.5
20211006-1,2021-10-06 07:33:40,Morning rush,Gullmarsplan,DiSC,8899.5,52.05,25.975,21.104999999999997,9.76,2021-10-06,07:33:40,79.5
20211006-1,2021-10-06 07:57:00,Morning rush,Hötorget,DiSC,3544.6666666666665,72.36666666666666,14.851111111111111,13.285555555555554,4.375555555555556,2021-10-06,07:57:00,1484.5
20211006-1,2021-10-06 07:41:00,Morning rush,Medborgarplatsen,DiSC,5135.0,71.48181818181818,21.318181818181817,19.024545454545457,6.311818181818182,2021-10-06,07:41:00,524.5
20211006-1,2021-10-06 08:05:10,Morning rush,Odenplan,DiSC,4898.0,68.325,19.31375,17.0475,5.915,2021-10-06,08:05:10,1969.5
20211006-1,2021-10-06 08:00:40,Morning rush,Rådmansgatan,DiSC,5737.0,63.028571428571425,20.7,17.88142857142857,6.725714285714285,2021-10-06,08:00:40,1704.5
20211006-1,2021-10-06 07:37:10,Morning rush,Skanstull,DiSC,4444.444444444444,70.12222222222222,18.054444444444446,16.04222222222222,5.421111111111111,2021-10-06,07:37:10,294.5
20211006-1,2021-10-06 07:45:10,Morning rush,Slussen,DiSC,5290.153846153846,64.97692307692307,19.727692307692305,17.183846153846154,6.266923076923077,2021-10-06,07:45:10,774.5
20211006-1,2021-10-06 07:53:30,Morning rush,T-Centralen,DiSC,4443.75,70.925,18.2625,16.27,5.445,2021-10-06,07:53:30,1269.5
20211007-1,2021-10-07 07:54:47,Morning rush,Alvik,DiSC,2709.5,56.0875,8.57625,7.1525,3.04875,2021-10-07,07:54:47,719.5
20211007-1,2021-10-07 08:08:27,Morning rush,Fridhemsplan,DiSC,2530.3888888888887,59.89444444444444,8.614444444444445,7.336111111111112,2.912777777777778,2021-10-07,08:08:27,1539.5
20211007-1,2021-10-07 07:59:57,Morning rush,Kristineberg,DiSC,6111.2,36.71,11.347,7.761,5.737,2021-10-07,07:59:57,1029.5
20211007-1,2021-10-07 08:16:27,Morning rush,Odenplan,DiSC,3184.5,60.85,11.048333333333334,9.456666666666667,3.686666666666667,2021-10-07,08:16:27,2019.5
20211007-1,2021-10-07 08:12:57,Morning rush,St Eriksplan,DiSC,2858.4285714285716,61.18571428571429,9.952857142857143,8.525714285714285,3.314285714285714,2021-10-07,08:12:57,1814.5
20211007-1,2021-10-07 08:03:37,Morning rush,Thorildsplan,DiSC,3775.7,47.75,10.008,7.88,4.025,2021-10-07,08:03:37,1249.5
20211007-4,2021-10-07 16:23:31,Evening rush,Gamla Stan,DiSC,3032.3636363636365,47.41818181818182,7.967272727272728,6.255454545454546,3.222727272727273,2021-10-07,16:23:31,1224.5
20211007-4,2021-10-07 16:40:31,Evening rush,Gullmarsplan,DiSC,4246.0,51.41428571428571,12.18857142857143,9.858571428571429,4.637142857142857,2021-10-07,16:40:31,2244.5
20211007-4,2021-10-07 16:14:31,Evening rush,Hötorget,DiSC,2607.75,61.86666666666667,9.195,7.905,3.035,2021-10-07,16:14:31,679.5
20211007-4,2021-10-07 16:31:31,Evening rush,Medborgarplatsen,DiSC,4888.2,60.25,16.777,14.310999999999998,5.639,2021-10-07,16:31:31,1699.5
20211007-4,2021-10-07 16:10:31,Evening rush,Rådmansgatan,DiSC,3371.285714285714,59.24285714285714,11.34142857142857,9.625714285714285,3.8642857142857143,2021-10-07,16:10:31,444.5
20211007-4,2021-10-07 16:35:51,Evening rush,Skanstull,DiSC,7631.333333333333,55.166666666666664,23.764,19.707333333333334,8.539333333333333,2021-10-07,16:35:51,1964.5
20211007-4,2021-10-07 16:27:31,Evening rush,Slussen,DiSC,5168.5,43.7625,12.39125,9.4,5.3412500000000005,2021-10-07,16:27:31,1459.5
20211007-4,2021-10-07 16:18:51,Evening rush,T-Centralen,DiSC,2803.090909090909,55.10909090909092,8.66909090909091,7.1827272727272735,3.1318181818181823,2021-10-07,16:18:51,944.5
20211008-1,2021-10-08 08:21:53,Morning rush,Alvik,DiSC,6412.857142857143,41.5,14.464285714285714,10.709999999999999,6.498571428571429,2021-10-08,08:21:53,3354.5
20211008-1,2021-10-08 08:10:43,Morning rush,Fridhemsplan,DiSC,4335.25,52.1375,12.6775,10.31625,4.76,2021-10-08,08:10:43,2679.5
20211008-1,2021-10-08 07:47:43,Morning rush,Gamla Stan,DiSC,7670.6,40.019999999999996,16.68,12.154,7.68,2021-10-08,07:47:43,1304.5
20211008-1,2021-10-08 07:27:43,Morning rush,Gullmarsplan,DiSC,7963.0,36.9,15.87,11.13,7.74,2021-10-08,07:27:43,104.5
20211008-1,2021-10-08 07:55:13,Morning rush,Hötorget,DiSC,3527.3333333333335,58.888888888888886,11.793333333333333,9.991111111111111,4.036666666666666,2021-10-08,07:55:13,1754.5
20211008-1,2021-10-08 08:17:33,Morning rush,Kristineberg,DiSC,17792.8,30.8,24.456,14.63,14.436000000000002,2021-10-08,08:17:33,3089.5
20211008-1,2021-10-08 07:37:23,Morning rush,Medborgarplatsen,DiSC,6412.652173913043,51.93478260869565,18.666086956521738,15.162173913043478,7.031739130434782,2021-10-08,07:37:23,684.5
20211008-1,2021-10-08 08:03:13,Morning rush,Odenplan,DiSC,3315.8333333333335,60.550000000000004,11.438333333333333,9.773333333333333,3.8316666666666666,2021-10-08,08:03:13,2229.5
20211008-1,2021-10-08 07:59:03,Morning rush,Rådmansgatan,DiSC,5049.4,56.14,16.02,13.368,5.686,2021-10-08,07:59:03,1984.5
20211008-1,2021-10-08 07:32:13,Morning rush,Skanstull,DiSC,9022.818181818182,47.67272727272727,23.874545454545455,18.768181818181816,9.61,2021-10-08,07:32:13,374.5
20211008-1,2021-10-08 07:43:23,Morning rush,Slussen,DiSC,5174.294117647059,57.09411764705882,16.737058823529413,14.041764705882354,5.86,2021-10-08,07:43:23,1044.5
20211008-1,2021-10-08 08:06:53,Morning rush,St Eriksplan,DiSC,4292.8,55.220000000000006,13.366,11.092,4.806,2021-10-08,08:06:53,2454.5
20211008-1,2021-10-08 07:51:43,Morning rush,T-Centralen,DiSC,4776.666666666667,50.76666666666667,13.533333333333333,10.9,5.196666666666666,2021-10-08,07:51:43,1544.5
20211008-1,2021-10-08 08:14:13,Morning rush,Thorildsplan,DiSC,9411.0,37.733333333333334,19.189999999999998,13.593333333333334,9.22,2021-10-08,08:14:13,2894.5
20211011-2,2021-10-11 08:06:17,Morning rush,Alvik,DiSC,5014.857142857143,59.91428571428571,16.889999999999997,14.337142857142856,5.751428571428571,2021-10-11,08:06:17,214.5
20211011-2,2021-10-11 08:19:17,Morning rush,Fridhemsplan,DiSC,2844.25,80.29166666666667,13.390833333333333,12.256666666666666,3.6666666666666665,2021-10-11,08:19:17,989.5
20211011-2,2021-10-11 08:11:37,Morning rush,Kristineberg,DiSC,4710.416666666667,61.51666666666667,16.525,14.176666666666668,5.471666666666667,2021-10-11,08:11:37,529.5
20211011-2,2021-10-11 08:26:47,Morning rush,Odenplan,DiSC,4261.166666666667,71.01666666666667,17.540000000000003,15.626666666666665,5.223333333333334,2021-10-11,08:26:47,1439.5
20211011-2,2021-10-11 08:23:27,Morning rush,St Eriksplan,DiSC,3429.285714285714,77.88571428571429,15.62857142857143,14.218571428571428,4.365714285714286,2021-10-11,08:23:27,1244.5
20211011-2,2021-10-11 08:14:57,Morning rush,Thorildsplan,DiSC,7857.4,49.239999999999995,20.3,15.852,8.276,2021-10-11,08:14:57,734.5
20211011-3,2021-10-11 17:27:55,Evening rush,Abrahamsberg,DiSC,1348.111111111111,50.25555555555556,3.785555555555556,3.04,1.4622222222222223,2021-10-11,17:27:55,2044.5
20211011-3,2021-10-11 17:19:05,Evening rush,Alvik,DiSC,5981.416666666667,36.625,11.701666666666666,8.153333333333334,5.763333333333333,2021-10-11,17:19:05,1509.5
20211011-3,2021-10-11 17:33:55,Evening rush,Brommaplan,DiSC,1953.0277777777778,43.547222222222224,4.667777777777777,3.5380555555555557,2.0169444444444444,2021-10-11,17:33:55,2399.5
20211011-3,2021-10-11 17:06:35,Evening rush,Fridhemsplan,DiSC,2741.0,55.43333333333334,8.56,7.111666666666667,3.0716666666666668,2021-10-11,17:06:35,759.5
20211011-3,2021-10-11 17:14:35,Evening rush,Kristineberg,DiSC,22216.0,26.475,30.9225,18.252499999999998,18.490000000000002,2021-10-11,17:14:35,1239.5
20211011-3,2021-10-11 16:58:35,Evening rush,Odenplan,DiSC,3611.1666666666665,59.62083333333334,11.382083333333334,9.481250000000001,4.0575,2021-10-11,16:58:35,279.5
20211011-3,2021-10-11 17:02:55,Evening rush,St Eriksplan,DiSC,3584.25,57.8375,11.7075,9.855,4.07125,2021-10-11,17:02:55,539.5
20211011-3,2021-10-11 17:24:05,Evening rush,Stora mossen,DiSC,2374.0,43.08181818181818,4.633636363636364,3.3327272727272725,2.178181818181818,2021-10-11,17:24:05,1814.5
20211011-3,2021-10-11 17:10:55,Evening rush,Thorildsplan,DiSC,8339.333333333334,32.086666666666666,14.203333333333335,9.250666666666666,7.645333333333334,2021-10-11,17:10:55,1024.5
