Session Id,Timestamp,Period,Station,Sensors,NC0.5,NC1.0,NC2.5,NC10,TypicalParticleSize,PM1.0,PM2.5,PM4.0,PM10,Temperature,Humidity,Date,Time
20210924-1,2021-09-24 10:17:42,Offtime,Gamla Stan,2B,7.536246200607903,10.767264437689969,12.08905775075988,12.354559270516718,0.9890881458966566,1.524726443768997,2.8378571428571426,3.829772036474164,4.028145896656535,23.267325227963525,37.86914893617021,2021-09-24,10:17:42
20210924-1,2021-09-24 09:42:52,Offtime,Gullmarsplan,2B,2.32068303094984,2.69324439701174,2.70076840981857,2.7020811099252935,0.5395624332977589,0.3385592315901815,0.35799359658484525,0.35810032017075777,0.3581323372465315,19.29615795090715,46.843116328708646,2021-09-24,09:42:52
20210924-1,2021-09-24 10:34:21,Offtime,Hötorget,2B,82.6417472698908,126.39017160686429,146.2258034321373,150.21160686427456,1.0691107644305773,18.472308892355695,38.019609984399374,52.98004680187207,55.97226209048362,25.525273010920436,38.59063962558502,2021-09-24,10:34:21
20210924-1,2021-09-24 10:01:11,Offtime,Medborgarplatsen,2B,34.46041606886657,53.48740315638451,62.258938307030135,64.02172166427546,1.0727833572453371,7.867661406025825,16.50093256814921,23.122395982783356,24.446614060258252,23.089239598278336,41.60688665710187,2021-09-24,10:01:11
20210924-1,2021-09-24 10:49:38,Offtime,Odenplan,2B,60.931501976284586,96.24379446640316,112.84094861660078,116.17616600790514,1.1000395256916997,14.265138339920949,30.574387351778654,43.11063241106719,45.61818181818182,26.749802371541502,39.07588932806324,2021-09-24,10:49:38
20210924-1,2021-09-24 10:42:38,Offtime,Rådmansgatan,2B,60.50896978021978,91.3364423076923,105.07311813186813,107.83402472527472,1.0586126373626374,13.26982142857143,26.828076923076924,37.183791208791206,39.254986263736264,26.251648351648353,36.18956043956044,2021-09-24,10:42:38
20210924-1,2021-09-24 09:53:28,Offtime,Skanstull,2B,42.20817843866171,61.11553903345725,69.03639405204461,70.62812267657992,0.989646840148699,8.710185873605948,16.566617100371747,22.52007434944238,23.7107249070632,21.389219330855017,45.89795539033457,2021-09-24,09:53:28
20210924-1,2021-09-24 10:09:27,Offtime,Slussen,2B,36.882714285714286,55.56317460317461,63.867650793650796,65.53712698412699,1.0471587301587302,8.065396825396824,16.26463492063492,22.52531746031746,23.77731746031746,24.15,39.111111111111114,2021-09-24,10:09:27
20210924-1,2021-09-24 10:26:34,Offtime,T-Centralen,2B,77.28327674023768,116.95405772495756,134.69920203735145,138.2653989813243,1.060458404074703,17.01239388794567,34.51984719864176,47.89770797962649,50.573327674023766,24.06910016977929,41.87096774193548,2021-09-24,10:26:34
20210927-1,2021-09-27 07:29:27,Morning rush,Gamla Stan,123B4,11.968155339805826,16.6362783171521,18.444822006472492,18.810711974110035,0.9654368932038835,2.324854368932039,4.1246925566343045,5.473527508090615,5.7428478964401295,24.36601941747573,40.59611650485437,2021-09-27,07:29:27
20210927-1,2021-09-27 07:12:14,Morning rush,Gullmarsplan,123B4,5.9943599999999995,7.320399999999999,7.57964,7.63148,0.72016,0.9516,1.2324000000000002,1.41524,1.4514,21.0488,46.0396,2021-09-27,07:12:14
20210927-1,2021-09-27 07:38:51,Morning rush,Hötorget,123B4,91.26939271255061,137.45016194331984,157.9931983805668,162.1523886639676,1.068765182186235,19.95165991902834,40.161072874493925,55.58898785425101,58.6747975708502,25.7417004048583,40.152834008097166,2021-09-27,07:38:51
20210927-1,2021-09-27 07:21:31,Morning rush,Medborgarplatsen,123B4,44.041498740554154,65.41469773299748,74.74445843828715,76.6329974811083,1.0455415617128463,9.435982367758186,18.63110831234257,25.634244332493704,27.03479848866499,23.344962216624687,42.53614609571788,2021-09-27,07:21:31
20210927-1,2021-09-27 08:05:08,Morning rush,Odenplan,123B4,74.43413468589587,111.27102419946223,127.49358469811781,130.7781349303349,1.0543143485700317,16.097319726228303,32.073119041799075,44.253995355658766,46.69019432901491,28.000122219506235,37.4463823026155,2021-09-27,08:05:08
20210927-1,2021-09-27 07:42:49,Morning rush,Rådmansgatan,123B4,71.60675965665236,107.63540772532188,123.61624463519313,126.85171673819742,1.0633476394849786,15.610128755364807,31.33793991416309,43.340987124463524,45.74167381974249,26.214377682403434,38.39656652360515,2021-09-27,07:42:49
20210927-1,2021-09-27 07:16:54,Morning rush,Skanstull,123B4,34.539017632241816,45.69098236775819,49.42690176322418,50.18216624685139,0.8920906801007558,6.2209068010075566,9.99168765743073,12.754357682619647,13.30647355163728,22.246599496221663,44.544080604534,2021-09-27,07:16:54
20210927-1,2021-09-27 07:25:35,Morning rush,Slussen,123B4,69.65648464163822,105.68092150170648,121.84610921501708,125.11873720136519,1.0704778156996588,15.38938566552901,31.28648464163823,43.4359385665529,45.86641638225256,24.074744027303755,42.32116040955631,2021-09-27,07:25:35
20210927-1,2021-09-27 07:34:28,Morning rush,T-Centralen,123B4,81.25531531531531,118.7595045045045,134.74894144144145,137.98565315315315,1.0304954954954955,17.00463963963964,32.78509009009009,44.766283783783784,47.1622972972973,24.978378378378377,42.06216216216216,2021-09-27,07:34:28
20210927-2,2021-09-27 18:15:07,Offtime,Abrahamsberg,2B1,5.87868544600939,7.111361502347418,7.317840375586854,7.358638497652582,0.728356807511737,0.9183568075117372,1.147230046948357,1.2899999999999998,1.318732394366197,25.270892018779342,35.82112676056338,2021-09-27,18:15:07
20210927-2,2021-09-27 18:07:08,Offtime,Alvik,2B1,7.836431924882629,9.868779342723005,10.393286384976525,10.499530516431925,0.8122535211267605,1.3058215962441313,1.8488732394366196,2.227793427230047,2.304037558685446,26.23098591549296,34.538967136150234,2021-09-27,18:07:08
20210927-2,2021-09-27 18:19:08,Offtime,Brommaplan,2B1,7.777943925233645,9.271682242990655,9.455934579439251,9.492803738317757,0.6876168224299065,1.1864485981308412,1.4046728971962619,1.526588785046729,1.5507009345794394,25.16495327102804,36.06214953271028,2021-09-27,18:19:08
20210927-2,2021-09-27 17:56:11,Evening rush,Fridhemsplan,2B1,56.809615384615384,80.74416083916084,90.44877622377622,92.41437062937062,1.01006993006993,11.405944055944056,20.993216783216784,28.222657342657342,29.66839160839161,27.50034965034965,38.789510489510484,2021-09-27,17:56:11
20210927-2,2021-09-27 18:33:37,Offtime,Islandstorget,2B1,6.818786279683378,7.948812664907652,7.995831134564644,8.005250659630606,0.5803693931398416,1.0023482849604222,1.0841424802110817,1.1042744063324539,1.108311345646438,23.0467018469657,41.22374670184696,2021-09-27,18:33:37
20210927-2,2021-09-27 18:03:28,Offtime,Kristineberg,2B1,7.5165625,9.5853125,10.16375,10.281041666666667,0.8378125000000001,1.2777083333333332,1.8717708333333334,2.2928124999999997,2.3775,26.219791666666666,35.03541666666667,2021-09-27,18:03:28
20210927-2,2021-09-27 17:40:35,Evening rush,Odenplan,2B1,71.58489863619609,108.6359307040177,125.30132325838555,128.67596387762626,1.0751861408035386,15.825595281975671,32.14082934021379,44.609159601916694,47.102738665683745,25.465978621452265,42.402395871728714,2021-09-27,17:40:35
20210927-2,2021-09-27 17:51:57,Evening rush,St Eriksplan,2B1,62.51006389776358,91.04904153354632,103.1482108626198,105.59869009584665,1.0273801916932908,13.015015974440894,24.919009584664536,33.94776357827476,35.753514376996804,27.518530351437697,36.366773162939296,2021-09-27,17:51:57
20210927-2,2021-09-27 18:11:07,Offtime,Stora mossen,2B1,7.578537735849057,9.366650943396227,9.761886792452831,9.840990566037735,0.7795754716981133,1.225801886792453,1.6445283018867924,1.9264150943396225,1.983066037735849,26.004716981132077,35.3372641509434,2021-09-27,18:11:07
20210927-2,2021-09-27 18:00:20,Offtime,Thorildsplan,2B1,8.466129032258065,11.149129032258065,12.02925806451613,12.207129032258065,0.8880322580645162,1.5141290322580645,2.401548387096774,3.0495806451612903,3.1793870967741937,26.56548387096774,34.076129032258066,2021-09-27,18:00:20
20210927-2,2021-09-27 18:28:08,Offtime,Ängbyplan,2B1,6.159274047186933,7.241107078039927,7.322686025408349,7.3389655172413795,0.6429582577132487,0.9179128856624319,1.029491833030853,1.077223230490018,1.0869691470054446,24.349183303085297,37.40508166969147,2021-09-27,18:28:08
20210927-2,2021-09-27 18:22:38,Offtime,Åkeshov,2B1,5.363066037735849,6.368066037735849,6.478113207547169,6.500518867924528,0.675377358490566,0.8125943396226416,0.9474528301886793,1.0193396226415095,1.0335377358490567,25.34481132075472,36.49764150943396,2021-09-27,18:22:38
20210928-1,2021-09-28 10:42:58,Offtime,Alvik,12,14.817988668555241,17.207790368271954,17.251331444759206,17.25971671388102,0.5235694050991502,2.161586402266289,2.2861189801699715,2.28657223796034,2.286657223796034,21.812464589235127,40.51048158640227,2021-09-28,10:42:58
20210928-1,2021-09-28 10:58:08,Offtime,Fridhemsplan,12,59.7968029739777,75.12297397769517,78.96680297397769,79.74490706319703,0.8128624535315985,9.922044609665429,13.906691449814126,16.66981412639405,17.222342007434946,22.616728624535316,48.95910780669145,2021-09-28,10:58:08
20210928-1,2021-09-28 10:48:27,Offtime,Kristineberg,12,16.01949074074074,18.60273148148148,18.649351851851854,18.658518518518516,0.5137037037037038,2.3369444444444443,2.471111111111111,2.471111111111111,2.471111111111111,21.41018518518519,40.89398148148148,2021-09-28,10:48:27
20210928-1,2021-09-28 11:08:08,Offtime,Odenplan,12,76.625698630137,112.52158904109588,127.94219178082191,131.06849315068493,1.0323013698630137,16.146246575342467,31.211890410958905,42.65375342465754,44.94243835616439,25.024657534246575,41.95698630136986,2021-09-28,11:08:08
20210928-1,2021-09-28 11:03:02,Offtime,St Eriksplan,12,74.393345323741,107.3629856115108,121.12064748201439,123.90823741007193,1.002158273381295,15.278992805755397,28.757158273381293,38.95503597122302,40.994928057553956,23.85431654676259,44.361510791366904,2021-09-28,11:03:02
20210928-1,2021-09-28 10:52:51,Offtime,Thorildsplan,12,14.395784615384615,16.717938461538463,16.75956923076923,16.768215384615385,0.5176,2.100030769230769,2.2207384615384616,2.2207384615384616,2.2207384615384616,21.54830769230769,40.751384615384616,2021-09-28,10:52:51
20210928-2,2021-09-28 07:22:08,Morning rush,Abrahamsberg,21,14.702605633802817,17.073098591549297,17.11612676056338,17.12450704225352,0.5451408450704225,2.14443661971831,2.268098591549296,2.268098591549296,2.268098591549296,21.53943661971831,42.304225352112674,2021-09-28,07:22:08
20210928-2,2021-09-28 07:29:38,Morning rush,Alvik,21,12.53596837944664,14.563675889328064,14.602885375494072,14.611106719367589,0.5545849802371542,1.8297628458498023,1.9375098814229248,1.9398418972332014,1.9402766798418971,21.802766798418975,42.86679841897233,2021-09-28,07:29:38
20210928-2,2021-09-28 07:18:37,Morning rush,Brommaplan,21,14.099647058823528,16.374823529411763,16.415803921568628,16.424039215686275,0.5368235294117647,2.0569019607843138,2.17521568627451,2.17521568627451,2.17521568627451,21.32627450980392,42.87607843137255,2021-09-28,07:18:37
20210928-2,2021-09-28 07:40:37,Morning rush,Fridhemsplan,21,68.98328063241107,84.65320158102766,87.78403162055336,88.41845849802371,0.7866798418972332,11.021699604743082,14.378300395256916,16.582213438735177,17.02308300395257,22.5197628458498,49.82806324110672,2021-09-28,07:40:37
20210928-2,2021-09-28 07:05:41,Morning rush,Islandstorget,21,26.407333333333334,31.88533333333333,32.723333333333336,32.894666666666666,0.6066666666666667,4.1066666666666665,5.046666666666667,5.616,5.73,19.5,45.52,2021-09-28,07:05:41
20210928-2,2021-09-28 07:34:38,Morning rush,Kristineberg,21,14.434566929133858,16.761574803149603,16.803622047244094,16.81220472440945,0.5509842519685039,2.105236220472441,2.226535433070866,2.226535433070866,2.226535433070866,21.631889763779526,41.749212598425196,2021-09-28,07:34:38
20210928-2,2021-09-28 08:03:38,Morning rush,Odenplan,21,77.34999198717948,115.6497435897436,132.55917868589745,135.9829326923077,1.0482291666666668,16.73586939102564,33.23161858974359,45.80327724358974,48.31765224358974,26.484535256410254,39.436939102564104,2021-09-28,08:03:38
20210928-2,2021-09-28 07:45:08,Morning rush,St Eriksplan,21,70.78141843971632,97.3890780141844,107.40085106382979,109.42843971631206,0.9606382978723403,13.531560283687943,23.436666666666667,30.823617021276597,32.301205673758865,23.73049645390071,44.41631205673759,2021-09-28,07:45:08
20210928-2,2021-09-28 07:25:08,Morning rush,Stora mossen,21,11.141408450704224,12.93676056338028,12.969718309859156,12.975774647887324,0.5373943661971831,1.6250704225352113,1.718450704225352,1.718450704225352,1.718450704225352,21.91267605633803,41.95140845070423,2021-09-28,07:25:08
20210928-2,2021-09-28 07:09:08,Morning rush,Ängbyplan,21,11.672887323943662,13.555211267605634,13.589366197183098,13.5956338028169,0.497887323943662,1.7024647887323943,1.8004225352112675,1.8004225352112675,1.8004225352112675,20.409859154929578,44.95774647887324,2021-09-28,07:09:08
20210928-2,2021-09-28 07:13:37,Morning rush,Åkeshov,21,14.638385826771653,16.998661417322833,17.040826771653542,17.049212598425196,0.5216535433070866,2.1353937007874015,2.25755905511811,2.25755905511811,2.25755905511811,21.080708661417322,42.707874015748025,2021-09-28,07:13:37
20210929-1,2021-09-29 07:44:27,Morning rush,Gamla Stan,2B,53.16848484848485,66.20212121212121,69.26368686868686,69.87717171717172,0.773080808080808,8.701060606060606,11.935404040404041,14.148838383838383,14.591414141414141,24.00808080808081,40.55858585858586,2021-09-29,07:44:27
20210929-1,2021-09-29 07:25:25,Morning rush,Gullmarsplan,2B,36.66299802761341,42.61607495069033,42.783846153846156,42.815049309664694,0.5609467455621302,5.3612228796844175,5.718481262327416,5.758086785009862,5.7661932938856015,19.76923076923077,50.01143984220907,2021-09-29,07:25:25
20210929-1,2021-09-29 07:53:04,Morning rush,Hötorget,2B,118.29681818181818,167.647803030303,187.51537878787877,191.50575757575757,0.9870454545454544,23.644545454545455,43.415,58.31583333333333,61.29621212121212,25.46212121212121,40.717424242424244,2021-09-29,07:53:04
20210929-1,2021-09-29 07:36:08,Morning rush,Medborgarplatsen,2B,84.67774509803921,111.27254901960784,119.90107843137255,121.6313725490196,0.8787254901960784,15.088333333333333,23.84862745098039,30.238529411764706,31.51656862745098,22.698039215686272,44.34019607843137,2021-09-29,07:36:08
20210929-1,2021-09-29 07:56:41,Morning rush,Rådmansgatan,2B,163.22620689655173,231.3141379310345,258.7044827586207,264.2092413793103,0.9881379310344828,32.62262068965517,59.88862068965518,80.43793103448276,84.54813793103447,25.814482758620688,38.45724137931035,2021-09-29,07:56:41
20210929-1,2021-09-29 07:32:23,Morning rush,Skanstull,2B,75.773671875,91.949140625,94.7744921875,95.3390234375,0.7645703125,11.895078125,15.0226171875,17.0008984375,17.3964453125,21.85546875,45.53046875,2021-09-29,07:32:23
20210929-1,2021-09-29 07:39:50,Morning rush,Slussen,2B,104.47447619047618,145.26704761904762,161.02604761904763,164.19042857142855,0.959952380952381,20.29514285714286,36.031666666666666,47.82371428571428,50.18233333333334,23.62857142857143,43.79333333333334,2021-09-29,07:39:50
20210929-1,2021-09-29 07:49:17,Morning rush,T-Centralen,2B,107.10430379746835,145.29303797468353,159.09765822784811,161.8713924050633,0.9228481012658228,20.038354430379748,33.91658227848101,44.21607594936709,46.2767088607595,24.887974683544304,42.41012658227848,2021-09-29,07:49:17
20210929-2,2021-09-29 18:02:10,Offtime,Abrahamsberg,B2,32.474037854889595,37.71137223974763,37.834053627760255,37.857145110410094,0.5696214511041009,4.740757097791798,5.033028391167193,5.048990536277603,5.0522239747634075,24.046214511041008,37.727287066246056,2021-09-29,18:02:10
20210929-2,2021-09-29 17:51:31,Evening rush,Alvik,B2,33.8509649122807,39.37271929824561,39.541403508771936,39.57385964912281,0.5874561403508772,4.955,5.298947368421053,5.3471052631578955,5.3566666666666665,25.36842105263158,35.579824561403505,2021-09-29,17:51:31
20210929-2,2021-09-29 18:08:04,Offtime,Brommaplan,B2,29.41,34.12365384615384,34.216410256410256,34.233717948717945,0.5330769230769231,4.287243589743589,4.533846153846154,4.533910256410256,4.5340384615384615,23.79230769230769,38.587820512820514,2021-09-29,18:08:04
20210929-2,2021-09-29 17:39:37,Evening rush,Fridhemsplan,B2,77.01011904761906,98.84214285714286,105.16523809523808,106.43333333333332,0.8372619047619048,13.223690476190475,19.72785714285714,24.37654761904762,25.30654761904762,27.211904761904766,40.18333333333334,2021-09-29,17:39:37
20210929-2,2021-09-29 17:46:53,Evening rush,Kristineberg,B2,37.15033088235294,43.28871323529412,43.522426470588236,43.567352941176466,0.575735294117647,5.454191176470588,5.879117647058823,5.968602941176471,5.986838235294118,25.781617647058823,35.53235294117647,2021-09-29,17:46:53
20210929-2,2021-09-29 17:30:28,Evening rush,Odenplan,B2,91.8772796934866,125.47413793103448,137.87639846743295,140.36590038314176,0.9161685823754789,17.368773946360154,29.805325670498082,39.06310344827586,40.91421455938698,26.844061302681993,39.51302681992337,2021-09-29,17:30:28
20210929-2,2021-09-29 17:35:21,Evening rush,St Eriksplan,B2,81.88125,111.315,122.04432142857144,124.19771428571428,0.916142857142857,15.372607142857143,26.141964285714284,34.14364285714286,35.74382142857143,27.227857142857143,37.735,2021-09-29,17:35:21
20210929-2,2021-09-29 17:56:14,Evening rush,Stora mossen,B2,33.30762931034483,38.688793103448276,38.82211206896552,38.84681034482758,0.5841379310344826,4.86478448275862,5.171163793103449,5.193318965517241,5.197887931034483,25.029310344827586,35.439655172413794,2021-09-29,17:56:14
20210929-2,2021-09-29 18:11:36,Offtime,Åkeshov,B2,32.32371428571428,37.54942857142857,37.67971428571428,37.70428571428572,0.5685714285714285,4.7214285714285715,5.0202857142857145,5.042857142857143,5.046857142857142,24.05142857142857,37.714285714285715,2021-09-29,18:11:36
20210930-1,2021-09-30 07:22:29,Morning rush,Abrahamsberg,2B,47.155826771653544,54.80503937007874,55.00842519685039,55.047716535433075,0.547007874015748,6.893385826771654,7.3422047244094495,7.38503937007874,7.393543307086614,20.721259842519686,46.80708661417323,2021-09-30,07:22:29
20210930-1,2021-09-30 07:30:12,Morning rush,Alvik,2B,53.302516556291394,61.8484105960265,62.01529801324503,62.04622516556291,0.5101986754966887,7.770794701986755,8.217549668874172,8.217549668874172,8.217549668874172,20.913245033112585,46.19602649006623,2021-09-30,07:30:12
20210930-1,2021-09-30 07:09:47,Morning rush,Angbyplan,2B,53.099444444444444,61.61740740740741,61.78296296296297,61.813796296296296,0.5226388888888889,7.7417592592592595,8.186342592592593,8.186342592592593,8.186296296296296,20.06990740740741,48.331944444444446,2021-09-30,07:09:47
20210930-1,2021-09-30 07:19:04,Morning rush,Brommaplan,2B,50.21220779220779,58.26538961038962,58.422922077922074,58.45220779220779,0.5316883116883118,7.320584415584415,7.741558441558442,7.742272727272727,7.742467532467532,20.616883116883116,47.236363636363635,2021-09-30,07:19:04
20210930-1,2021-09-30 07:43:01,Morning rush,Fridhemsplan,2B,96.97708154506438,117.60291845493562,121.16197424892705,121.87266094420602,0.7396137339055795,15.20648068669528,19.15403433476395,21.641030042918455,22.13824034334764,21.681545064377683,53.43261802575107,2021-09-30,07:43:01
20210930-1,2021-09-30 07:35:03,Morning rush,Kristineberg,2B,52.815416666666664,61.32863095238095,61.525238095238095,61.561904761904756,0.5528571428571428,7.7092857142857145,8.181488095238095,8.205,8.209642857142857,21.075595238095236,46.08690476190476,2021-09-30,07:35:03
20210930-1,2021-09-30 08:03:39,Morning rush,Odenplan,2B,100.79040832666134,137.7563490792634,151.41381905524418,154.15679743795036,0.923154523618895,19.074683746997597,32.77226981585268,42.97085668534828,45.010572457966376,25.348158526821457,42.48210568454764,2021-09-30,08:03:39
20210930-1,2021-09-30 07:47:24,Morning rush,St Eriksplan,2B,108.76268181818182,140.24640909090908,149.6039090909091,151.47927272727273,0.8495909090909091,18.8145,28.40609090909091,35.29395454545455,36.671409090909094,22.741818181818182,47.739999999999995,2021-09-30,07:47:24
20210930-1,2021-09-30 07:25:48,Morning rush,Stora mossen,2B,54.22652173913043,62.96028985507247,63.15666666666667,63.19347826086957,0.551304347826087,7.913695652173913,8.39304347826087,8.413115942028986,8.417536231884057,20.707246376811593,46.85797101449275,2021-09-30,07:25:48
20210930-1,2021-09-30 07:38:37,Morning rush,Thorildsplan,2B,51.03537142857143,59.247542857142854,59.42365714285714,59.45628571428572,0.550457142857143,7.445942857142857,7.889542857142858,7.901771428571428,7.904742857142857,20.95542857142857,46.151428571428575,2021-09-30,07:38:37
20210930-1,2021-09-30 07:14:22,Morning rush,Åkeshov,2B,53.90448844884488,62.60042904290429,62.796897689768976,62.833267326732674,0.5406930693069307,7.868745874587459,8.347194719471947,8.3683498349835,8.372739273927392,20.186138613861385,48.08613861386139,2021-09-30,07:14:22
20210930-2,2021-09-30 16:17:48,Evening rush,Hötorget,4B2,126.71469613259669,169.61160220994475,184.54558011049724,187.5485082872928,0.9139226519337017,23.235524861878453,38.31281767955801,49.434806629834256,51.65983425414365,24.044198895027623,46.13867403314917,2021-09-30,16:17:48
20210930-2,2021-09-30 16:12:32,Evening rush,Rådmansgatan,4B2,135.2055023183926,177.2581452859351,190.8077743431221,193.53108191653786,0.8813446676970634,24.009057187017003,37.797820710973724,47.840602782071095,49.84902627511592,22.37047913446677,48.694590417310664,2021-09-30,16:12:32
20210930-2,2021-09-30 16:21:49,Evening rush,T-Centralen,4B2,117.36377431906615,156.2908560311284,169.61377431906615,172.2924513618677,0.9020233463035019,21.352451361867704,34.825330739299616,44.736420233463036,46.71848249027237,25.14124513618677,45.42178988326848,2021-09-30,16:21:49
20210930-3,2021-09-30 17:08:38,Evening rush,Gamla Stan,24B,56.264352201257864,65.33475471698112,65.58977358490566,65.63774842767296,0.5634465408805032,8.219018867924529,8.761597484276729,8.818528301886792,8.829924528301886,19.342515723270438,57.2417610062893,2021-09-30,17:08:38
20210930-3,2021-09-30 17:26:31,Evening rush,Gullmarsplan,24B,34.82611428571428,40.90445714285714,41.3603619047619,41.44969523809524,0.5990666666666666,5.185142857142857,5.80807619047619,6.071314285714286,6.123561904761905,23.27485714285714,45.97314285714286,2021-09-30,17:26:31
20210930-3,2021-09-30 17:16:51,Evening rush,Medborgarplatsen,24B,94.78447004608294,116.20626728110598,120.55907834101383,121.43013824884792,0.7657603686635945,15.13700460829493,19.83543778801843,22.933640552995392,23.553594470046082,22.05898617511521,57.09078341013825,2021-09-30,17:16:51
20210930-3,2021-09-30 17:20:57,Evening rush,Skanstull,24B,109.24997347480105,138.48655172413794,146.40175066312997,147.99071618037135,0.8271883289124669,18.402360742705568,26.618010610079576,32.41111405835544,33.56944297082228,23.1684350132626,53.86949602122016,2021-09-30,17:20:57
20210930-3,2021-09-30 17:13:44,Evening rush,Slussen,24B,86.51537974683545,102.93,104.88917721518989,105.27911392405062,0.6879113924050633,13.155759493670887,15.503544303797469,16.791962025316458,17.04962025316456,20.93607594936709,58.04936708860759,2021-09-30,17:13:44
20211001-1,2021-10-01 09:31:26,Offtime,Gamla stan,234B,13.60314091680815,18.62089983022071,20.488590831918508,20.86471986417657,0.9306451612903225,2.581324278438031,4.4562988115449915,5.854176570458404,6.133820033955858,24.65415959252971,39.391850594227506,2021-10-01,09:31:26
20211001-1,2021-10-01 09:11:59,Offtime,Gullmarsplan,234B,11.44015625,14.275,14.964375,15.10234375,0.71625,1.8803125,2.60578125,3.1053125,3.20625,19.6375,51.403125,2021-10-01,09:11:59
20211001-1,2021-10-01 09:42:21,Offtime,Hötorget,234B,104.21549261083743,152.0704433497537,172.3731527093596,176.46662561576355,1.010295566502463,21.752118226600988,41.913029556650244,57.21800492610837,60.27901477832512,26.200985221674877,40.52438423645321,2021-10-01,09:42:21
20211001-1,2021-10-01 09:21:18,Offtime,Medborgarplatsen,234B,47.97145864661654,68.82323308270676,77.4243007518797,79.157984962406,0.9830075187969926,9.76636090225564,18.32615037593985,24.799609022556393,26.094315789473686,23.238345864661653,44.83789473684211,2021-10-01,09:21:18
20211001-1,2021-10-01 09:53:23,Offtime,Odenplan,234B,74.80258911819887,109.47775797373357,124.2608818011257,127.24162288930582,1.0259005628517825,15.682007504690432,30.35608818011257,41.50287054409005,43.73235459662289,27.431613508442776,39.2719512195122,2021-10-01,09:53:23
20211001-1,2021-10-01 09:46:58,Offtime,Rådmansgatan,234B,77.45806228373702,113.00583044982699,128.09891003460208,131.14006920415227,1.015311418685121,16.165121107266437,31.146868512110725,42.52015570934256,44.794826989619374,26.6939446366782,38.378546712802766,2021-10-01,09:46:58
20211001-1,2021-10-01 09:16:38,Offtime,Skanstull,234B,38.98864224137931,51.77633620689655,56.119633620689655,56.993448275862065,0.865948275862069,7.064137931034482,11.4625,14.693599137931034,15.339870689655172,21.808405172413792,47.617025862068964,2021-10-01,09:16:38
20211001-1,2021-10-01 09:25:58,Offtime,Slussen,234B,77.55434285714286,114.57125714285715,130.58805714285714,133.8162,1.0332285714285714,16.4842,32.36022857142857,44.4426,46.859028571428574,24.383714285714284,44.11571428571428,2021-10-01,09:25:58
20211001-1,2021-10-01 09:37:35,Offtime,T-Centralen,234B,104.5128380952381,152.62588571428572,173.06226666666666,177.1832,1.0185333333333333,21.839657142857142,42.13308571428571,57.54114285714285,60.622933333333336,25.329333333333334,42.327238095238094,2021-10-01,09:37:35
20211001-2,2021-10-01 11:45:23,Offtime,Gamla Stan,23B,16.740083102493074,22.656481994459835,24.7898891966759,25.218725761772852,0.8649307479224377,3.122493074792244,5.268559556786704,6.860831024930748,7.179335180055401,21.154847645429363,45.368144044321326,2021-10-01,11:45:23
20211001-2,2021-10-01 11:56:13,Offtime,Hötorget,23B,73.91440414507771,108.76466321243524,123.76049222797928,126.77963730569948,1.0011917098445597,15.620621761658033,30.480569948186528,41.78023316062176,44.04059585492227,24.733937823834196,42.46088082901555,2021-10-01,11:56:13
20211001-2,2021-10-01 12:16:08,Offtime,Odenplan,23B,67.89082540570789,95.82702014549525,106.99633184107444,109.24423614997202,0.9587912702853945,13.490965304980413,24.62607442641298,33.0105987688864,34.68754896474538,27.32853945159485,37.41158365976497,2021-10-01,12:16:08
20211001-2,2021-10-01 12:00:40,Offtime,Rådmansgatan,23B,79.73449591280654,114.49531335149864,128.8617166212534,131.7522615803815,0.9829972752043596,16.254550408719346,30.53558583106267,41.33716621253406,43.49765667574932,25.574386920980924,39.86893732970027,2021-10-01,12:00:40
20211001-2,2021-10-01 11:41:29,Offtime,Slussen,23B,52.14373563218391,76.79908045977011,87.42293103448276,89.56218390804598,0.9817241379310344,11.034425287356322,21.560919540229886,29.566724137931033,31.16747126436782,19.527586206896554,55.3551724137931,2021-10-01,11:41:29
20211001-2,2021-10-01 11:51:09,Offtime,T-Centralen,23B,73.16143700787401,103.82708661417324,116.21608267716535,118.71023622047245,0.9588976377952756,14.655374015748032,26.99814960629921,36.30564960629921,38.167204724409444,23.218897637795276,45.07834645669291,2021-10-01,11:51:09
20211001-3,2021-10-01 17:51:15,Evening rush,Alvik,23B,14.968811700182815,17.812687385740404,18.154680073126144,18.22250457038391,0.6445703839122486,2.276965265082267,2.6863071297989034,2.9115356489945152,2.956672760511883,22.085191956124316,43.189945155393055,2021-10-01,17:51:15
20211001-3,2021-10-01 17:35:46,Evening rush,Fridhemsplan,23B,50.161159420289856,66.03811594202898,71.2490579710145,72.29579710144927,0.868768115942029,8.96623188405797,14.25768115942029,18.12268115942029,18.89572463768116,23.720289855072465,49.469565217391306,2021-10-01,17:35:46
20211001-3,2021-10-01 17:44:50,Evening rush,Kristineberg,23B,12.653355481727575,15.531445182724253,16.125714285714285,16.244784053156145,0.7123421926910298,2.0247009966777405,2.6649169435215945,3.0888372093023255,3.1735548172757477,22.593853820598007,42.657641196013294,2021-10-01,17:44:50
20211001-3,2021-10-01 17:28:48,Evening rush,Odenplan,23B,66.38565597667638,91.61752186588922,101.2101749271137,103.1397667638484,0.9151603498542273,12.753731778425655,22.358367346938774,29.538425655976678,30.974344023323617,21.69795918367347,53.55685131195335,2021-10-01,17:28:48
20211001-3,2021-10-01 17:32:27,Evening rush,St Eriksplan,23B,66.32660869565218,90.24434782608697,98.99434782608697,100.75469565217392,0.9044347826086957,12.469826086956521,21.26313043478261,27.79982608695652,29.107304347826087,23.065217391304348,47.748695652173915,2021-10-01,17:32:27
20211001-3,2021-10-01 17:39:40,Evening rush,Thorildsplan,23B,11.18909090909091,14.183582887700535,14.99475935828877,15.157807486631016,0.7989304812834225,1.8850267379679144,2.7268449197860964,3.321122994652406,3.4395721925133693,23.535294117647062,40.99144385026738,2021-10-01,17:39:40
20211004-1,2021-10-04 08:25:37,Morning rush,Gamla Stan,12346,97.24718367346938,112.73863265306123,113.09786394557823,113.16444897959182,0.5450408163265307,14.171489795918367,15.031646258503402,15.068734693877552,15.076074829931974,24.441972789115646,49.187006802721086,2021-10-04,08:25:37
20211004-1,2021-10-04 08:35:27,Morning rush,Hötorget,12346,139.18851393188854,173.06430340557276,181.05839009287925,182.66950464396285,0.7922910216718266,22.7443653250774,31.159535603715174,36.9125386996904,38.06315789473684,26.28452012383901,49.13250773993808,2021-10-04,08:35:27
20211004-1,2021-10-04 08:16:02,Morning rush,Medborgarplatsen,12346,112.83985542168675,132.4480722891566,133.9067951807229,134.19537349397592,0.635156626506024,16.78701204819277,18.78501204819277,19.621156626506025,19.78865060240964,22.84698795180723,56.21734939759036,2021-10-04,08:16:02
20211004-1,2021-10-04 08:42:08,Morning rush,Odenplan,12346,114.60011299435028,139.01838983050848,143.36822033898304,144.24364406779662,0.739774011299435,17.99454802259887,22.778813559322032,25.81361581920904,26.420593220338983,27.049717514124293,48.994350282485875,2021-10-04,08:42:08
20211004-1,2021-10-04 08:38:40,Morning rush,Rådmansgatan,12346,110.67806034482759,133.5798275862069,137.35633620689654,138.1153879310345,0.7010775862068965,17.237068965517242,21.447758620689655,24.054181034482756,24.57538793103448,26.645689655172415,47.93060344827586,2021-10-04,08:38:40
20211004-1,2021-10-04 08:12:27,Morning rush,Skanstull,12346,124.06432024169185,146.9434743202417,149.392084592145,149.88012084592145,0.6618429003021148,18.73416918429003,21.742809667673715,23.306132930513595,23.618791540785498,21.48157099697885,59.002416918429,2021-10-04,08:12:27
20211004-1,2021-10-04 08:19:37,Morning rush,Slussen,12346,144.7239468690702,175.3668880455408,180.74827324478179,181.83041745730551,0.7380645161290322,22.685294117647057,28.61709677419355,32.36271347248577,33.11178368121442,23.94800759013283,53.55882352941177,2021-10-04,08:19:37
20211004-1,2021-10-04 08:31:57,Morning rush,T-Centralen,12346,158.70755244755244,190.92188811188814,195.93447552447554,196.94181818181818,0.7404545454545455,24.585034965034964,30.23356643356643,33.66202797202797,34.347272727272724,25.61118881118881,49.54615384615385,2021-10-04,08:31:57
20211004-2,2021-10-04 17:03:35,Evening rush,Abrahamsberg,123456,77.53873767258382,89.8685009861933,90.13724852071006,90.18724852071006,0.5304930966469428,11.294270216962524,11.966232741617358,11.984615384615385,11.988392504930966,25.767061143984222,48.11341222879685,2021-10-04,17:03:35
20211004-2,2021-10-04 16:53:57,Evening rush,Alvik,123456,94.17775720164609,109.16884773662551,109.50637860082304,109.56946502057613,0.5338477366255144,13.72164609053498,14.547572016460904,14.577962962962964,14.58417695473251,25.700617283950617,46.51975308641975,2021-10-04,16:53:57
20211004-2,2021-10-04 17:07:01,Evening rush,Brommaplan,123456,75.06315789473685,87.00188933873144,87.26390013495278,87.31272604588395,0.5365047233468286,10.934331983805668,11.586207827260457,11.605479082321187,11.609352226720649,25.777597840755735,47.526315789473685,2021-10-04,17:07:01
20211004-2,2021-10-04 16:41:45,Evening rush,Fridhemsplan,123456,115.40946632782719,137.96022871664547,141.04545108005084,141.66648030495554,0.6927827191867852,17.69360864040661,21.2612833545108,23.32541296060991,23.73828462515883,25.547903430749685,51.521601016518424,2021-10-04,16:41:45
20211004-2,2021-10-04 16:49:24,Evening rush,Kristineberg,123456,91.78549657534248,106.39361301369864,106.7170205479452,106.77749999999999,0.5441780821917809,13.371917808219179,14.17279109589041,14.199212328767123,14.204212328767124,25.472945205479455,46.574828767123286,2021-10-04,16:49:24
20211004-2,2021-10-04 16:37:01,Evening rush,St Eriksplan,123456,117.37762550881953,146.03385345997285,152.82204884667573,154.19484396200815,0.790067842605156,19.19750339213026,26.325888738127546,31.202198100407056,32.177421981004066,24.718724559023066,54.014654002713705,2021-10-04,16:37:01
20211004-2,2021-10-04 16:59:06,Evening rush,Stora mossen,123456,80.07477588871716,92.78901081916537,93.051885625966,93.10051004636784,0.5275734157650696,11.659505409582689,12.339644513137557,12.348006182380216,12.349629057187016,25.75517774343122,47.42426584234931,2021-10-04,16:59:06
20211004-2,2021-10-04 16:45:57,Evening rush,Thorildsplan,123456,93.63431952662722,108.76529585798816,109.24363905325443,109.33529585798817,0.5601183431952662,13.689319526627218,14.647840236686392,14.78715976331361,14.814644970414202,25.722485207100593,47.33313609467456,2021-10-04,16:45:57
20211004-2,2021-10-04 17:12:55,Evening rush,Åkeshov,123456,71.21831916902738,82.55914069877242,82.79172804532578,82.83559962228517,0.5360717658168084,10.373909348441925,10.98152030217186,10.990679886685552,10.99261567516525,26.317374881964117,46.712464589235125,2021-10-04,17:12:55
20211005-1,2021-10-05 07:29:37,Morning rush,Gamla Stan,BD,34.35655,41.7641,43.142849999999996,43.422650000000004,0.7199500000000001,5.4155,6.915900000000001,7.87755,8.07105,24.925,42.018,2021-10-05,07:29:37
20211005-1,2021-10-05 07:13:27,Morning rush,Gullmarsplan,BD,20.184583333333332,23.50583333333333,23.65833333333333,23.688333333333333,0.5829166666666666,2.9654166666666666,3.216666666666667,3.282083333333333,3.2945833333333336,21.462500000000002,50.112500000000004,2021-10-05,07:13:27
20211005-1,2021-10-05 07:21:35,Morning rush,Medborgarplatsen,BD,52.886754966887416,68.25168874172185,72.89566225165564,73.84119205298013,0.8624834437086092,9.167980132450332,13.888112582781456,17.28185430463576,17.960728476821192,24.20794701986755,44.95894039735099,2021-10-05,07:21:35
20211005-1,2021-10-05 07:34:16,Morning rush,Rådmansgatan,BD,95.8520945945946,125.65554054054054,135.30891891891892,137.27222972972973,0.9062837837837837,17.025743243243245,26.780067567567567,33.883445945945944,35.30425675675676,25.4777027027027,44.61283783783784,2021-10-05,07:34:16
20211005-1,2021-10-05 07:17:20,Morning rush,Skanstull,BD,60.191286549707606,72.8987134502924,75.14005847953217,75.59456140350878,0.7654385964912281,9.430233918128655,11.890409356725145,13.44169590643275,13.751812865497076,23.18654970760234,48.14327485380117,2021-10-05,07:17:20
20211005-1,2021-10-05 07:25:43,Morning rush,Slussen,BD,68.5271052631579,91.77243421052631,99.91815789473684,101.57828947368421,0.9213157894736842,12.580197368421054,20.728026315789474,26.737565789473685,27.939407894736842,24.897368421052633,45.525,2021-10-05,07:25:43
20211005-2,2021-10-05 07:12:27,Morning rush,Alvik,12345,21.56311387900356,25.015338078291816,25.09991103202847,25.116014234875447,0.5671886120996441,3.1451067615658364,3.3424199288256227,3.3555871886120996,3.3581672597864767,22.467615658362988,45.91814946619217,2021-10-05,07:12:27
20211005-2,2021-10-05 07:23:32,Morning rush,Fridhemsplan,12345,60.75688888888889,71.16382222222222,71.8324,71.96466666666666,0.6402222222222222,9.004044444444444,9.970355555555555,10.333333333333334,10.406311111111112,22.56266666666667,54.54133333333333,2021-10-05,07:23:32
20211005-2,2021-10-05 07:38:07,Morning rush,Hötorget,12345,91.65474576271185,129.49677966101694,144.68861581920902,147.77186440677966,0.984632768361582,18.243079096045197,33.251807909604516,44.55050847457627,46.81025423728814,25.278531073446327,45.438983050847455,2021-10-05,07:38:07
20211005-2,2021-10-05 07:17:07,Morning rush,Kristineberg,12345,41.28939024390244,47.86243902439024,47.99760162601626,48.02329268292683,0.545650406504065,6.014024390243903,6.367032520325203,6.372967479674797,6.374024390243902,22.262601626016263,46.61666666666667,2021-10-05,07:17:07
20211005-2,2021-10-05 07:30:39,Morning rush,Odenplan,12345,78.13915217391305,104.779,114.12419565217391,116.0204347826087,0.9126521739130434,14.369130434782608,23.71763043478261,30.61541304347826,31.99480434782609,24.096739130434784,50.366521739130434,2021-10-05,07:30:39
20211005-2,2021-10-05 07:34:37,Morning rush,Rådmansgatan,12345,69.78915492957746,94.63811267605634,103.66966197183099,105.502,0.9273802816901408,13.056985915492957,22.05856338028169,28.73687323943662,30.072338028169014,24.757183098591547,45.56816901408451,2021-10-05,07:34:37
20211005-2,2021-10-05 07:27:08,Morning rush,St Eriksplan,12345,68.05788273615636,85.42247557003257,89.83162866449511,90.72547231270359,0.8212052117263843,11.28785016286645,15.858534201954397,19.033257328990228,19.668078175895765,23.407817589576545,50.007166123778504,2021-10-05,07:27:08
20211005-2,2021-10-05 07:56:37,Morning rush,Stadion,12345,106.35756077116514,146.54989103101425,161.79666387259013,164.891743503772,0.9517686504610227,20.38672254819782,35.520108968985745,46.81959765297569,49.07966471081308,26.94618608549874,44.53805532271584,2021-10-05,07:56:37
20211005-2,2021-10-05 07:42:38,Morning rush,T-Centralen,12345,95.64328100470956,135.3849136577708,151.39660910518054,154.64643642072213,0.9851334379905808,19.089874411302983,34.90342229199372,46.813657770800624,49.19598116169545,26.12464678178964,45.50518053375196,2021-10-05,07:42:38
20211005-2,2021-10-05 08:04:07,Morning rush,Tekniska Högskolan,12345,79.92932065217391,103.94095788043478,111.4315081521739,112.94999320652175,0.8677989130434783,14.017622282608695,21.605760869565216,27.09507472826087,28.193097826086955,27.032404891304346,43.415217391304346,2021-10-05,08:04:07
20211005-2,2021-10-05 07:20:04,Morning rush,Thorildsplan,12345,41.534669811320754,48.13608490566038,48.26679245283019,48.29188679245283,0.5290566037735849,6.04811320754717,6.397452830188679,6.398962264150943,6.399103773584905,22.08679245283019,46.87830188679246,2021-10-05,07:20:04
20211005-2,2021-10-05 08:13:08,Morning rush,Universitetet,12345,59.1292605156038,74.59006784260515,78.65451831750339,79.47841248303935,0.8178900949796472,9.884850746268658,14.087211668928086,17.02862957937585,17.616953867028492,27.005020352781546,41.501085481682495,2021-10-05,08:13:08
20211005-2,2021-10-05 07:50:38,Morning rush,Östermalmstorg,12345,103.95531879194631,154.30352348993287,176.28374161073825,180.74771812080536,1.035,22.25323825503356,43.808607382550335,60.21895134228188,63.500956375838925,26.791694630872485,44.413590604026844,2021-10-05,07:50:38
20211005-3,2021-10-05 15:38:09,Evening rush,Abrahamsberg,12354,17.241524752475247,20.040613861386138,20.131306930693068,20.148871287128713,0.5553861386138614,2.522554455445545,2.703009900990099,2.731643564356436,2.7372871287128713,23.794653465346535,44.39069306930693,2021-10-05,15:38:09
20211005-3,2021-10-05 15:28:31,Evening rush,Alvik,12354,14.577913520933425,17.204516129032257,17.44958819492107,17.498627316403567,0.6211599176389841,2.187906657515443,2.500940288263555,2.6525943719972545,2.682923816060398,23.349279341111874,44.522237474262184,2021-10-05,15:28:31
20211005-3,2021-10-05 15:44:39,Evening rush,Brommaplan,12354,12.784018740239459,14.848136387298283,14.908938053097344,14.920801665799063,0.5408433107756377,1.8681884435190006,1.9955231650182197,2.011801145236856,2.0149505465903172,23.918792295679335,44.58006246746486,2021-10-05,15:44:39
20211005-3,2021-10-05 15:13:57,Evening rush,Fridhemsplan,12354,53.35175977653631,72.19688547486034,79.00484636871508,80.38511173184357,0.919594972067039,9.949734636871508,16.744301675977653,21.780768156424582,22.788282122905027,23.44050279329609,55.25432960893855,2021-10-05,15:13:57
20211005-3,2021-10-05 15:22:07,Evening rush,Kristineberg,12354,17.862752613240417,21.736689895470384,22.45576655052265,22.60123693379791,0.7000000000000001,2.8188850174216027,3.6024390243902444,4.1052264808362375,4.2057491289198605,23.382229965156792,44.45383275261324,2021-10-05,15:22:07
20211005-3,2021-10-05 15:05:27,Evening rush,Odenplan,12354,69.99185344827586,102.60435344827586,116.59806034482759,119.43814655172415,1.0248275862068967,14.714741379310345,28.455215517241378,38.891508620689656,40.97870689655172,20.38189655172414,63.807758620689654,2021-10-05,15:05:27
20211005-3,2021-10-05 15:09:24,Evening rush,St Eriksplan,12354,75.56884803921568,104.95019607843138,116.32289215686274,118.63049019607843,0.9500980392156863,14.660294117647059,25.92776960784314,34.36502450980392,36.05257352941177,22.23014705882353,54.77132352941177,2021-10-05,15:09:24
20211005-3,2021-10-05 15:34:41,Evening rush,Stora mossen,12354,19.49545045045045,22.77216216216216,22.946531531531534,22.98148648648649,0.5710810810810811,2.876306306306306,3.148693693693694,3.235900900900901,3.253243243243243,23.635135135135137,43.85945945945946,2021-10-05,15:34:41
20211005-3,2021-10-05 15:18:18,Evening rush,Thorildsplan,12354,15.71876056338028,20.038760563380283,21.254140845070424,21.500591549295773,0.7970704225352112,2.671774647887324,3.917549295774648,4.801577464788732,4.978140845070422,23.792112676056334,45.02535211267605,2021-10-05,15:18:18
20211005-3,2021-10-05 15:51:26,Evening rush,Åkeshov,12354,15.751372549019608,18.28078431372549,18.347287581699348,18.360098039215686,0.5435947712418301,2.298986928104575,2.4479411764705885,2.46140522875817,2.4640849673202614,24.476797385620912,42.66209150326797,2021-10-05,15:51:26
20211005-4,2021-10-05 15:19:46,Evening rush,Gamla Stan,ABCDE,22.007412935323384,28.24597014925373,30.079502487562188,30.452487562189052,0.836865671641791,3.7822388059701493,5.654328358208955,6.992786069651741,7.260646766169155,25.300995024875622,44.969154228855714,2021-10-05,15:19:46
20211005-4,2021-10-05 15:36:49,Evening rush,Gullmarsplan,ABCDE,18.289642248722316,23.11756388415673,24.41359454855196,24.676899488926747,0.7723850085178875,3.0684327086882455,4.409931856899489,5.352299829642249,5.541056218057921,27.15519591141397,38.720102214650765,2021-10-05,15:36:49
20211005-4,2021-10-05 15:11:03,Evening rush,Hötorget,ABCDE,80.51401812688822,116.20882175226586,131.11151057401813,134.14996978851963,1.008429003021148,16.539909365558913,31.215619335347434,42.32332326283988,44.54498489425982,22.61963746223565,53.812386706948644,2021-10-05,15:11:03
20211005-4,2021-10-05 15:26:11,Evening rush,Medborgarplatsen,ABCDE,50.25451097804391,67.02385229540917,72.81668662674652,73.99738522954092,0.8887025948103793,9.166806387225549,14.972594810379242,19.244690618762476,20.099001996007985,26.37624750499002,42.960479041916166,2021-10-05,15:26:11
20211005-4,2021-10-05 15:04:38,Evening rush,Odenplan,ABCDE,66.52475920679888,98.27966005665722,112.0340793201133,114.83705382436261,1.038583569405099,14.141218130311616,27.643031161473086,37.913201133144476,39.966912181303115,19.10198300283286,68.53796033994335,2021-10-05,15:04:38
20211005-4,2021-10-05 15:07:40,Evening rush,Rådmansgatan,ABCDE,102.02043636363636,148.74225454545456,168.5828,172.62934545454544,1.0161454545454545,21.271963636363637,40.77174545454545,55.56352727272727,58.52181818181818,21.046545454545456,57.07090909090909,2021-10-05,15:07:40
20211005-4,2021-10-05 15:31:14,Evening rush,Skanstull,ABCDE,40.50186274509804,54.827549019607844,60.00847058823529,61.06269607843137,0.9077156862745098,7.5579607843137255,12.73685294117647,16.57679411764706,17.344892156862745,26.977352941176473,40.33225490196079,2021-10-05,15:31:14
20211005-4,2021-10-05 15:22:37,Evening rush,Slussen,ABCDE,52.5685201793722,68.3880269058296,73.35008968609866,74.35789237668162,0.8533183856502242,9.227713004484306,14.261076233183855,17.906188340807173,18.635336322869957,25.747085201793723,44.14618834080718,2021-10-05,15:22:37
20211005-4,2021-10-05 15:15:03,Evening rush,T-Centralen,ABCDE,86.33131506849315,122.79282191780821,137.61594520547945,140.63871232876713,0.986,17.354109589041094,31.98235616438356,43.01361643835616,45.21994520547945,24.15890410958904,51.78520547945205,2021-10-05,15:15:03
20211006-1,2021-10-06 07:49:21,Morning rush,Gamla Stan,ABCDE,60.64409691629955,70.74215859030836,71.28354625550661,71.39055066079295,0.5715859030837004,8.934757709251102,9.778590308370044,10.04636563876652,10.099669603524228,25.172907488986784,44.221806167400885,2021-10-06,07:49:21
20211006-1,2021-10-06 07:33:36,Morning rush,Gullmarsplan,ABCDE,66.78021276595744,77.30436170212765,77.52212765957447,77.56234042553191,0.5209574468085106,9.71340425531915,10.281808510638298,10.289893617021276,10.291489361702128,21.906382978723403,49.889361702127665,2021-10-06,07:33:36
20211006-1,2021-10-06 07:56:58,Morning rush,Hötorget,ABCDE,100.28432098765433,126.49049382716049,133.44148148148147,134.8540987654321,0.8131604938271605,16.770617283950617,23.946913580246914,28.97498765432099,29.980740740740742,26.206419753086422,48.27135802469136,2021-10-06,07:56:58
20211006-1,2021-10-06 07:41:01,Morning rush,Medborgarplatsen,ABCDE,98.67697247706421,118.74911926605505,121.94550458715597,122.59051376146789,0.7112660550458715,15.30176146788991,18.893211009174312,21.087963302752293,21.52708256880734,24.04605504587156,51.42532110091743,2021-10-06,07:41:01
20211006-1,2021-10-06 08:05:07,Morning rush,Odenplan,ABCDE,94.19646067415731,118.2149438202247,124.3566011235955,125.60367977528091,0.799185393258427,15.626544943820225,22.006685393258426,26.44415730337079,27.331629213483144,27.176966292134832,48.963764044943815,2021-10-06,08:05:07
20211006-1,2021-10-06 08:00:42,Morning rush,Rådmansgatan,ABCDE,101.65144694533761,128.01038585209005,134.92372990353698,136.32987138263664,0.7894212218649518,16.956559485530544,24.106173633440516,29.104051446945338,30.104051446945338,26.639549839228295,48.01157556270097,2021-10-06,08:00:42
20211006-1,2021-10-06 07:37:08,Morning rush,Skanstull,ABCDE,74.31950892857142,86.24993303571429,86.62875,86.70165178571428,0.5657142857142857,10.85560267857143,11.618571428571428,11.731674107142856,11.754352678571427,23.044866071428572,50.525,2021-10-06,07:37:08
20211006-1,2021-10-06 07:45:11,Morning rush,Slussen,ABCDE,96.44618441971383,118.94451510333865,123.90052464228934,124.90551669316376,0.753879173290938,15.560445151033386,20.81798092209857,24.349554848966616,25.055993640699523,24.900000000000002,49.77170111287759,2021-10-06,07:45:11
20211006-1,2021-10-06 07:53:23,Morning rush,T-Centralen,ABCDE,106.566,127.17424999999999,129.94875,130.5093,0.7016,16.30105,19.522650000000002,21.371750000000002,21.741500000000002,25.6355,47.8825,2021-10-06,07:53:23
20211006-2,2021-10-06 07:56:34,Morning rush,Abrahamsberg,234561,63.66072463768116,73.80039855072464,74.0286231884058,74.07195652173914,0.5335507246376812,9.275869565217391,9.835108695652172,9.856340579710144,9.860615942028986,21.732246376811595,53.39601449275362,2021-10-06,07:56:34
20211006-2,2021-10-06 08:05:37,Morning rush,Alvik,234561,65.24594520547946,75.59397260273973,75.80164383561643,75.84049315068494,0.5196438356164383,9.498273972602739,10.045808219178081,10.04772602739726,10.048054794520548,21.589041095890412,53.809863013698624,2021-10-06,08:05:37
20211006-2,2021-10-06 07:51:41,Morning rush,Brommaplan,234561,65.22843430905378,75.57847515316541,75.78869979577945,75.82784887678693,0.518073519400953,9.49638529611981,10.047045609258,10.050946221919673,10.051763104152485,21.895575221238936,52.3783526208305,2021-10-06,07:51:41
20211006-2,2021-10-06 08:16:14,Morning rush,Fridhemsplan,234561,102.80303529411765,120.13654117647059,121.11988235294118,121.31397647058824,0.6282588235294118,15.181458823529411,16.673670588235296,17.17524705882353,17.275623529411764,22.368,60.824000000000005,2021-10-06,08:16:14
20211006-2,2021-10-06 07:43:00,Morning rush,Islandstorget,234561,69.39629441624365,80.40370558375635,80.62426395939086,80.66548223350254,0.5257868020304568,10.102385786802031,10.684670050761422,10.686700507614214,10.686903553299492,20.758375634517765,54.69441624365482,2021-10-06,07:43:00
20211006-2,2021-10-06 08:10:28,Morning rush,Kristineberg,234561,72.79993924665857,84.35408262454436,84.58969623329284,84.63376670716889,0.5271810449574726,10.599222357229648,11.21464155528554,11.21996354799514,11.221081409477522,21.244106925880924,53.81117861482382,2021-10-06,08:10:28
20211006-2,2021-10-06 08:24:31,Morning rush,Odenplan,234561,92.67991967871485,113.00646586345381,116.89600401606425,117.68190763052208,0.7447590361445783,14.674698795180722,18.89417670682731,21.62714859437751,22.173493975903614,24.145582329317268,60.55240963855422,2021-10-06,08:24:31
20211006-2,2021-10-06 08:20:26,Morning rush,St Eriksplan,234561,101.42266666666667,123.34056,127.38834666666666,128.20524,0.7400133333333333,15.990253333333333,20.40916,23.24208,23.808733333333333,23.30786666666667,60.596799999999995,2021-10-06,08:20:26
20211006-2,2021-10-06 08:00:50,Morning rush,Stora mossen,234561,65.87997196261684,76.32686915887851,76.53610280373832,76.57476635514018,0.5247009345794393,9.589906542056076,10.142813084112149,10.144242990654206,10.144457943925234,21.36,53.545981308411214,2021-10-06,08:00:50
20211006-3,2021-10-06 18:48:12,Offtime,Abrahamsberg,ABCDE,6.837,7.992071428571429,8.06257142857143,8.076642857142858,0.5836904761904762,1.0106190476190475,1.1151190476190476,1.1525238095238095,1.159857142857143,23.895714285714288,46.93404761904762,2021-10-06,18:48:12
20211006-3,2021-10-06 18:37:06,Offtime,Alvik,ABCDE,11.474285714285715,13.898253968253968,14.327361111111111,14.413948412698414,0.701765873015873,1.7982738095238096,2.27,2.5684722222222223,2.627857142857143,23.86111111111111,47.03829365079365,2021-10-06,18:37:06
20211006-3,2021-10-06 18:53:30,Offtime,Brommaplan,ABCDE,8.564553158705701,10.00442218798151,10.089876733436055,10.106718027734978,0.5812865947611711,1.2646147919876733,1.3928428351309707,1.4374730354391372,1.44653312788906,23.78536209553159,47.42388289676425,2021-10-06,18:53:30
20211006-3,2021-10-06 18:23:25,Offtime,Fridhemsplan,ABCDE,64.13470989761093,86.8913651877133,95.14535836177474,96.82435153583617,0.9310580204778157,11.9829180887372,20.225068259385665,26.33796928327645,27.560546075085323,23.208361774744027,58.659385665529015,2021-10-06,18:23:25
20211006-3,2021-10-06 18:32:05,Offtime,Kristineberg,ABCDE,8.534039145907473,10.460462633451957,10.858380782918148,10.939092526690391,0.7326512455516014,1.3634519572953736,1.7889679715302491,2.07,2.126120996441281,23.6923487544484,47.03291814946619,2021-10-06,18:32:05
20211006-3,2021-10-06 18:19:12,Offtime,St Eriksplan,ABCDE,71.55446428571429,102.7910119047619,115.72101190476191,118.3382738095238,1.0101488095238096,14.597351190476191,27.390267857142856,37.065535714285716,39.000625,22.17529761904762,60.785714285714285,2021-10-06,18:19:12
20211006-3,2021-10-06 18:43:17,Offtime,Stora mossen,ABCDE,7.825392491467578,9.237517064846417,9.376476109215016,9.40439419795222,0.6294880546075086,1.1757423208191127,1.3511348122866893,1.4381996587030716,1.4555887372013652,24.03788395904437,46.660494880546075,2021-10-06,18:43:17
20211006-3,2021-10-06 18:27:53,Offtime,Thorildsplan,ABCDE,7.4997217675941075,9.556693944353519,10.137806873977086,10.255744680851064,0.8215711947626841,1.2746644844517185,1.871112929623568,2.2943207855973813,2.379214402618658,23.64746317512275,48.197708674304415,2021-10-06,18:27:53
20211006-3,2021-10-06 19:00:20,Offtime,Åkeshov,ABCDE,8.713769911504425,10.161823008849558,10.237008849557522,10.251893805309734,0.5673628318584071,1.2830796460176992,1.4024424778761062,1.439283185840708,1.4465663716814159,23.72646017699115,47.65814159292035,2021-10-06,19:00:20
20211006-4,2021-10-06 18:30:48,Offtime,Gamla Stan,123456,14.490406386066763,19.13921625544267,20.687924528301885,21.00211901306241,0.8656603773584907,2.6039767779390424,4.163410740203194,5.3043686502177065,5.53243831640058,26.550798258345427,42.03802612481858,2021-10-06,18:30:48
20211006-4,2021-10-06 18:48:27,Offtime,Gullmarsplan,123456,12.086381418092909,15.623569682151588,16.69658924205379,16.91419315403423,0.8408557457212714,2.0998655256723717,3.1916870415647924,3.977738386308068,4.135012224938875,26.776161369193154,40.84951100244499,2021-10-06,18:48:27
20211006-4,2021-10-06 18:22:13,Offtime,Hötorget,123456,75.35766990291262,105.86444660194175,117.96704854368932,120.4216504854369,0.9623495145631068,14.871669902912622,26.857980582524274,35.86660194174757,37.668388349514565,25.703300970873787,49.289320388349516,2021-10-06,18:22:13
20211006-4,2021-10-06 18:39:30,Offtime,Medborgarplatsen,123456,50.1871511627907,64.98263565891473,69.51364341085271,70.43149224806201,0.8560077519379845,8.743546511627907,13.34779069767442,16.667267441860464,17.331298449612405,26.850581395348836,44.1515503875969,2021-10-06,18:39:30
20211006-4,2021-10-06 18:13:38,Offtime,Odenplan,123456,59.35328964613368,85.6734862385321,96.66512450851901,98.89669724770641,0.996173001310616,12.194692005242462,23.031494102228045,31.234954128440368,32.87574049803408,23.517955439056358,57.84220183486239,2021-10-06,18:13:38
20211006-4,2021-10-06 18:18:30,Offtime,Rådmansgatan,123456,66.71212253829322,93.43413566739606,103.96468271334793,106.1006126914661,0.9631947483588622,13.105645514223195,23.541816192560177,31.378424507658643,32.94606126914661,24.911816192560178,50.72385120350109,2021-10-06,18:18:30
20211006-4,2021-10-06 18:43:18,Offtime,Skanstull,123456,39.795980392156864,53.521470588235296,58.388549019607844,59.37605882352941,0.9195882352941177,7.352313725490196,12.22313725490196,15.823450980392156,16.543588235294116,27.024705882352944,43.39411764705882,2021-10-06,18:43:18
20211006-4,2021-10-06 18:35:24,Offtime,Slussen,123456,34.33232987312572,44.03843137254902,46.87301038062284,47.446782006920415,0.8255247981545559,5.894048442906575,8.790738177623991,10.861061130334488,11.275005767012688,26.629873125720874,43.666320645905415,2021-10-06,18:35:24
20211006-4,2021-10-06 18:26:14,Offtime,T-Centralen,123456,75.93550098231827,107.96882121807465,120.98927308447938,123.63139489194498,0.9926915520628684,15.257229862475443,28.12426326129666,37.82779960707269,39.76872298624754,26.50039292730845,48.158349705304516,2021-10-06,18:26:14
20211007-1,2021-10-07 07:54:43,Morning rush,Alvik,ABCDE,31.909035087719296,36.930994152046786,37.02956140350877,37.048421052631575,0.49146198830409354,4.639912280701754,4.906578947368421,4.906578947368421,4.906578947368421,20.93888888888889,49.28011695906432,2021-10-07,07:54:43
20211007-1,2021-10-07 08:08:24,Morning rush,Fridhemsplan,ABCDE,69.65499401197604,84.40298203592815,87.02792814371259,87.55913772455091,0.7189580838323354,10.923053892215568,13.808191616766468,15.635245508982036,16.000694610778442,22.427904191616765,56.30479041916168,2021-10-07,08:08:24
20211007-1,2021-10-07 07:59:50,Morning rush,Kristineberg,ABCDE,34.49171974522293,39.925732484076434,40.03641188959661,40.05715498938429,0.5056900212314225,5.01651804670913,5.308386411889597,5.311592356687899,5.312059447983015,21.49660297239915,47.284288747346075,2021-10-07,07:59:50
20211007-1,2021-10-07 08:16:22,Morning rush,Odenplan,ABCDE,82.85032258064516,114.54432258064516,126.67493548387098,129.14448387096775,0.9506451612903225,15.96283870967742,28.00183870967742,37.00254838709678,38.803000000000004,24.23709677419355,51.02032258064516,2021-10-07,08:16:22
20211007-1,2021-10-07 08:13:01,Morning rush,St Eriksplan,ABCDE,82.51147928994084,107.67387573964496,115.67920118343196,117.30689349112427,0.8737278106508876,14.553639053254438,22.64852071005917,28.522899408284022,29.69775147928994,23.58076923076923,52.51449704142012,2021-10-07,08:13:01
20211007-1,2021-10-07 08:03:31,Morning rush,Thorildsplan,ABCDE,31.99173719376392,37.02648106904231,37.12559020044543,37.143808463251666,0.48307349665924276,4.651714922048997,4.91924276169265,4.91924276169265,4.91924276169265,21.57216035634744,47.37572383073497,2021-10-07,08:03:31
20211007-2,2021-10-07 07:48:48,Morning rush,Gamla Stan,234561,81.5316835016835,98.52740740740741,101.36656565656565,101.9403367003367,0.6753198653198653,12.721111111111112,15.875286195286195,17.836498316498314,18.22882154882155,24.925252525252525,40.865656565656565,2021-10-07,07:48:48
20211007-2,2021-10-07 07:32:03,Morning rush,Gullmarsplan,234561,36.3080122324159,42.2482874617737,42.47975535168195,42.52507645259939,0.5346788990825688,5.323730886850153,5.740703363914373,5.830886850152905,5.848562691131499,20.980733944954128,48.35535168195718,2021-10-07,07:32:03
20211007-2,2021-10-07 07:56:53,Morning rush,Hötorget,234561,109.22439393939395,153.06,170.36012121212121,173.87169696969698,0.9826060606060606,21.47551515151515,38.584575757575756,51.432818181818185,54.002515151515155,26.42212121212121,42.4639393939394,2021-10-07,07:56:53
20211007-2,2021-10-07 07:41:17,Morning rush,Medborgarplatsen,234561,64.78858442871588,82.49031344792719,87.4352780586451,88.43619817997977,0.8221031344792721,10.991880687563194,16.078513650151667,19.68413549039434,20.405187057633974,23.703134479271995,46.059656218402424,2021-10-07,07:41:17
20211007-2,2021-10-07 08:05:07,Morning rush,Odenplan,234561,73.31014124293786,102.60881355932203,114.13774011299435,116.4770338983051,0.9701129943502825,14.387514124293785,25.796581920903954,34.36118644067797,36.07398305084746,27.408757062146893,42.43079096045198,2021-10-07,08:05:07
20211007-2,2021-10-07 08:00:27,Morning rush,Rådmansgatan,234561,69.49793103448276,94.25071618037134,103.24143236074269,105.06657824933687,0.9280106100795756,13.002838196286472,21.960795755968167,28.60628647214854,29.9353050397878,26.739787798408486,40.254641909814325,2021-10-07,08:00:27
20211007-2,2021-10-07 07:36:54,Morning rush,Skanstull,234561,51.70863894139887,61.2737618147448,62.31003780718337,62.51748582230624,0.6721739130434782,7.814158790170132,9.084725897920604,9.749206049149338,9.882627599243856,22.735349716446123,47.17788279773156,2021-10-07,07:36:54
20211007-2,2021-10-07 07:45:25,Morning rush,Slussen,234561,96.59488599348535,128.8757328990228,140.0156026058632,142.2742671009772,0.9071335504885993,17.62661237785016,28.792214983713354,37.00957654723127,38.65254071661238,24.62410423452769,45.63355048859935,2021-10-07,07:45:25
20211007-2,2021-10-07 07:53:06,Morning rush,T-Centralen,234561,108.71190600522195,147.1668146214099,161.05861618798954,163.87759791122716,0.9355613577023498,20.283890339425586,34.14566579634465,44.42120104438642,46.47613577023499,25.83498694516971,43.197650130548304,2021-10-07,07:53:06
20211007-3,2021-10-07 17:01:26,Evening rush,Abrahamsberg,12345,15.607506775067751,18.08750677506775,18.135962059620596,18.144986449864497,0.4889159891598916,2.272059620596206,2.4029539295392954,2.4029539295392954,2.4029539295392954,24.696476964769648,42.5639566395664,2021-10-07,17:01:26
20211007-3,2021-10-07 16:51:18,Evening rush,Alvik,12345,18.083441654357458,20.99447562776957,21.07367799113737,21.089143279172823,0.5546824224519941,2.640797636632201,2.8142688330871493,2.832023633677991,2.835539143279173,24.21152141802068,41.886853766617435,2021-10-07,16:51:18
20211007-3,2021-10-07 17:18:35,Evening rush,Angbyplan,12345,15.200169014084508,17.616225352112675,17.663352112676055,17.672197183098593,0.481830985915493,2.2132676056338028,2.340394366197183,2.340394366197183,2.340394366197183,24.489014084507044,42.635211267605634,2021-10-07,17:18:35
20211007-3,2021-10-07 17:04:46,Evening rush,Brommaplan,12345,15.8340625,18.353928571428572,18.402633928571426,18.412053571428572,0.48723214285714284,2.306116071428572,2.4385267857142856,2.4385267857142856,2.4385267857142856,24.875892857142855,42.62589285714286,2021-10-07,17:04:46
20211007-3,2021-10-07 16:39:36,Evening rush,Fridhemsplan,12345,62.53120643431635,82.663163538874,89.38898123324395,90.75391420911528,0.8945844504021447,11.250107238605898,18.005817694369973,22.95013404825737,23.939195710455763,24.589008042895443,50.64021447721179,2021-10-07,16:39:36
20211007-3,2021-10-07 17:21:59,Evening rush,Islandstorget,12345,20.070287539936103,23.25792332268371,23.320447284345047,23.332012779552716,0.5048242811501598,2.9221725239616614,3.0898722044728433,3.0898722044728433,3.0898722044728433,24.724920127795524,42.392012779552715,2021-10-07,17:21:59
20211007-3,2021-10-07 16:46:33,Evening rush,Kristineberg,12345,18.663627204030227,21.942166246851386,22.20088161209068,22.25272040302267,0.6192443324937028,2.7831738035264486,3.1314609571788417,3.2838790931989927,3.314256926952141,24.352896725440807,41.96826196473552,2021-10-07,16:46:33
20211007-3,2021-10-07 16:30:40,Evening rush,Odenplan,12345,77.12621428571428,110.67876190476191,124.55795238095237,127.37640476190475,0.9954047619047619,15.711166666666665,29.377214285714288,39.706714285714284,41.77278571428571,22.070238095238096,57.571666666666665,2021-10-07,16:30:40
20211007-3,2021-10-07 16:35:00,Evening rush,St Eriksplan,12345,74.88239735099337,103.67539072847681,114.72562913907285,116.96868874172185,0.9592450331125828,14.457337748344372,25.41344370860927,33.60830463576159,35.24712582781457,23.759337748344368,51.46,2021-10-07,16:35:00
20211007-3,2021-10-07 16:57:10,Evening rush,Stora mossen,12345,15.755670588235294,18.25903529411765,18.30801176470588,18.317023529411763,0.4990705882352941,2.2940470588235296,2.425870588235294,2.4258823529411764,2.4258823529411764,24.585764705882355,42.62047058823529,2021-10-07,16:57:10
20211007-3,2021-10-07 16:43:12,Evening rush,Thorildsplan,12345,20.68122699386503,25.55230061349693,26.630920245398773,26.849447852760736,0.7419325153374233,3.3446625766871163,4.487208588957055,5.256687116564417,5.410521472392638,24.642638036809817,41.882208588957056,2021-10-07,16:43:12
20211007-3,2021-10-07 17:11:51,Evening rush,Åkeshov,12345,14.75784686774942,17.102654292343388,17.148552204176333,17.157034802784224,0.47351740139211135,2.1488074245939677,2.272185614849188,2.272185614849188,2.272185614849188,24.590858468677496,41.933642691415315,2021-10-07,17:11:51
20211007-4,2021-10-07 16:23:32,Evening rush,Gamla Stan,BCDE,18.01753246753247,22.677142857142858,23.894103896103896,24.14090909090909,0.7834285714285715,3.0029090909090908,4.2675584415584416,5.152051948051948,5.3287272727272725,26.043376623376624,37.85584415584415,2021-10-07,16:23:32
20211007-4,2021-10-07 16:40:32,Evening rush,Gullmarsplan,BCDE,18.57132142857143,22.60175,23.365392857142858,23.519321428571427,0.6941071428571428,2.9330714285714286,3.766892857142857,4.305464285714286,4.412964285714286,27.074285714285715,36.23357142857143,2021-10-07,16:40:32
20211007-4,2021-10-07 16:14:26,Evening rush,Hötorget,BCDE,100.24316702819957,144.13084598698484,162.30420824295012,165.99739696312366,0.998177874186551,20.47349240780911,38.461127982646424,52.06687635574838,54.78813449023862,24.62603036876356,48.09175704989154,2021-10-07,16:14:26
20211007-4,2021-10-07 16:31:25,Evening rush,Medborgarplatsen,BCDE,58.228857142857144,75.19212987012988,80.33716883116884,81.38187012987014,0.8447792207792209,10.104337662337663,15.349506493506494,19.12485714285714,19.88020779220779,26.576883116883117,40.56285714285715,2021-10-07,16:31:25
20211007-4,2021-10-07 16:10:29,Evening rush,Rådmansgatan,BCDE,76.15973076923076,104.00073076923077,114.32011538461538,116.41634615384615,0.9277692307692308,14.401538461538461,24.710653846153846,32.384076923076925,33.91911538461538,23.151923076923076,50.28384615384615,2021-10-07,16:10:29
20211007-4,2021-10-07 16:35:48,Evening rush,Skanstull,BCDE,58.8421582733813,75.25280575539568,79.9871762589928,80.94793165467627,0.8285791366906475,10.057482014388489,14.914586330935252,18.378039568345326,19.070953237410073,26.973741007194246,38.82176258992806,2021-10-07,16:35:48
20211007-4,2021-10-07 16:27:26,Evening rush,Slussen,BCDE,44.997835051546396,56.192989690721646,58.951683848797245,59.509862542955325,0.7799312714776633,7.406666666666667,10.297113402061855,12.292199312714777,12.691408934707903,26.035051546391752,40.618556701030926,2021-10-07,16:27:26
20211007-4,2021-10-07 16:18:51,Evening rush,T-Centralen,BCDE,82.39805491990846,113.40027459954233,125.11233409610983,127.49171624713958,0.9392677345537757,15.764302059496568,27.457963386727688,36.188947368421054,37.93569794050344,25.876659038901604,44.52402745995423,2021-10-07,16:18:51
20211008-1,2021-10-08 08:21:51,Morning rush,Alvik,BCDE,36.45396226415094,42.18116981132076,42.29558490566038,42.316490566037736,0.5047547169811321,5.299509433962264,5.604075471698113,5.60411320754717,5.604075471698113,24.59509433962264,36.78867924528302,2021-10-08,08:21:51
20211008-1,2021-10-08 08:10:35,Morning rush,Fridhemsplan,BCDE,66.49360927152318,85.41218543046358,90.99996688741723,92.1317880794702,0.8197019867549669,11.443509933774834,17.16245033112583,21.258675496688742,22.077549668874173,27.044701986754966,40.74635761589404,2021-10-08,08:10:35
20211008-1,2021-10-08 07:47:47,Morning rush,Gamla Stan,BCDE,35.493072625698325,43.32754189944134,44.87385474860335,45.18698324022346,0.6995530726256983,5.633631284916201,7.304916201117318,8.395642458100559,8.613575418994413,24.989385474860338,37.88491620111731,2021-10-08,07:47:47
20211008-1,2021-10-08 07:27:45,Morning rush,Gullmarsplan,BCDE,35.08838709677419,40.678709677419356,40.84064516129032,40.87129032258064,0.5106451612903226,5.1174193548387095,5.458709677419355,5.497096774193548,5.504838709677419,20.287096774193547,46.39677419354839,2021-10-08,07:27:45
20211008-1,2021-10-08 07:55:15,Morning rush,Hötorget,BCDE,108.2238904109589,150.38619178082192,166.69942465753425,170.01397260273973,0.9563013698630137,21.009671232876713,37.243890410958905,49.40550684931507,51.83783561643836,25.944109589041098,40.955342465753425,2021-10-08,07:55:15
20211008-1,2021-10-08 08:17:29,Morning rush,Kristineberg,BCDE,40.70600550964188,47.197465564738295,47.388760330578506,47.42504132231405,0.5522589531680441,5.9384848484848485,6.338732782369146,6.386391184573004,6.395922865013773,25.33030303030303,35.463911845730024,2021-10-08,08:17:29
20211008-1,2021-10-08 07:37:25,Morning rush,Medborgarplatsen,BCDE,68.82515358361775,86.63837315130831,91.30282138794084,92.25027303754267,0.7866439135381116,11.474277588168372,16.311194539249147,19.692207053469854,20.368452787258246,23.61080773606371,43.124687144482365,2021-10-08,07:37:25
20211008-1,2021-10-08 08:03:04,Morning rush,Odenplan,BCDE,86.55273913043479,115.95847826086957,126.26739130434783,128.36152173913044,0.9051304347826087,15.89813043478261,26.257434782608694,33.90230434782609,35.431,26.695652173913043,41.721304347826084,2021-10-08,08:03:04
20211008-1,2021-10-08 07:59:07,Morning rush,Rådmansgatan,BCDE,100.14675824175823,134.87307692307692,147.2482967032967,149.7673076923077,0.9021978021978023,18.54208791208791,30.93824175824176,40.10813186813187,41.941813186813185,26.33131868131868,38.85274725274725,2021-10-08,07:59:07
20211008-1,2021-10-08 07:32:14,Morning rush,Skanstull,BCDE,69.10372881355933,82.67474576271186,84.61416464891042,85.00394673123486,0.6847457627118644,10.615157384987894,12.846876513317191,14.158886198547215,14.421549636803874,22.236803874092008,44.87869249394674,2021-10-08,07:32:14
20211008-1,2021-10-08 07:43:22,Morning rush,Slussen,BCDE,100.92,135.1325909090909,147.10795454545453,149.54113636363635,0.8922121212121212,18.52159090909091,30.548833333333334,39.4215606060606,41.196075757575755,24.844545454545457,42.92045454545455,2021-10-08,07:43:22
20211008-1,2021-10-08 08:06:53,Morning rush,St Eriksplan,BCDE,87.66208333333333,115.59761904761906,124.86255952380952,126.74363095238095,0.8930357142857143,15.713928571428571,25.077321428571427,31.924107142857142,33.293571428571425,27.074404761904763,39.19166666666666,2021-10-08,08:06:53
20211008-1,2021-10-08 07:51:44,Morning rush,T-Centralen,BCDE,106.72696428571429,136.47169642857142,145.04482142857142,146.78348214285714,0.8519642857142857,18.23705357142857,27.035267857142856,33.30696428571429,34.56125,25.432142857142857,40.793749999999996,2021-10-08,07:51:44
20211008-1,2021-10-08 08:14:15,Morning rush,Thorildsplan,BCDE,36.57550847457627,43.51169491525424,44.38110169491526,44.55584745762712,0.6374576271186441,5.566779661016949,6.596949152542373,7.172881355932203,7.287796610169492,26.268644067796608,34.05593220338983,2021-10-08,08:14:15
20211011-1,2021-10-11 08:20:42,Morning rush,Gamla Stan,CDABE,75.46830232558139,89.26725581395348,90.7239534883721,91.0169534883721,0.6439767441860466,11.377139534883721,13.175581395348837,14.102441860465117,14.287627906976745,22.533953488372095,41.071395348837214,2021-10-11,08:20:42
20211011-1,2021-10-11 08:05:34,Morning rush,Gullmarsplan,CDABE,72.00503225806452,83.44341935483871,83.736,83.7913870967742,0.5399354838709677,10.49267741935484,11.16041935483871,11.212645161290324,11.222967741935484,17.828709677419354,49.928064516129034,2021-10-11,08:05:34
20211011-1,2021-10-11 08:13:53,Morning rush,Medborgarplatsen,CDABE,97.8887614678899,117.13165137614679,119.87577981651376,120.43045871559633,0.7252752293577981,15.038669724770642,18.190091743119265,20.040183486238533,20.410229357798165,21.190366972477065,46.65045871559633,2021-10-11,08:13:53
20211011-1,2021-10-11 08:10:08,Morning rush,Skanstull,CDABE,96.60831417624522,114.8080651340996,117.01526819923372,117.46168582375479,0.6864367816091954,14.676647509578544,17.300996168582376,18.743218390804596,19.031206896551726,19.907088122605366,47.80785440613027,2021-10-11,08:10:08
20211011-1,2021-10-11 08:17:10,Morning rush,Slussen,CDABE,109.83012383900927,136.23975232198143,142.38708978328174,143.63715170278638,0.789814241486068,17.885232198142415,24.344458204334366,28.740371517027864,29.619442724458203,22.1625386996904,45.48854489164086,2021-10-11,08:17:10
20211011-1,2021-10-11 08:24:53,Morning rush,T-Centralen,CDABE,115.12561872909698,143.7810033444816,150.8484949832776,152.2851170568562,0.8110033444816054,18.952408026755855,26.317458193979935,31.39695652173913,32.41327759197324,23.46655518394649,44.023745819397995,2021-10-11,08:24:53
20211011-2,2021-10-11 08:06:16,Morning rush,Alvik,123465,68.83163043478261,79.84054347826087,80.12296195652173,80.1760597826087,0.541875,10.03983695652174,10.67758152173913,10.727038043478261,10.736847826086956,19.97717391304348,45.61440217391304,2021-10-11,08:06:16
20211011-2,2021-10-11 08:19:14,Morning rush,Fridhemsplan,123465,98.48095851216023,117.3930042918455,119.81646638054364,120.30400572246066,0.7109012875536481,15.029055793991416,17.871387696709586,19.472546494992848,19.792875536480686,20.94420600858369,53.1585121602289,2021-10-11,08:19:14
20211011-2,2021-10-11 08:11:30,Morning rush,Kristineberg,123465,67.78594311377246,78.60884730538922,78.87026946107784,78.91943113772456,0.5354191616766467,9.882919161676647,10.496122754491017,10.532814371257485,10.540164670658683,19.96931137724551,45.5061377245509,2021-10-11,08:11:30
20211011-2,2021-10-11 08:26:43,Morning rush,Odenplan,123465,98.7926330532213,124.82588235294116,131.7596918767507,133.16296918767506,0.8208123249299719,16.560084033613446,23.733753501400564,28.769691876750702,29.77683473389356,22.8,49.37983193277311,2021-10-11,08:26:43
20211011-2,2021-10-11 08:23:27,Morning rush,St Eriksplan,123465,106.77985795454546,131.65730113636366,137.0759659090909,138.1690909090909,0.7919886363636363,17.214460227272728,22.980625,26.847187499999997,27.620227272727274,21.992045454545455,49.00454545454545,2021-10-11,08:23:27
20211011-2,2021-10-11 08:14:58,Morning rush,Thorildsplan,123465,65.86046153846155,76.29889230769231,76.50735384615385,76.54621538461538,0.5216000000000001,9.586,10.138,10.138307692307691,10.138307692307691,19.856923076923078,45.71569230769231,2021-10-11,08:14:58
20211011-3,2021-10-11 17:27:55,Evening rush,Abrahamsberg,ACEBD,9.724475524475524,11.930955710955711,12.391818181818183,12.485571095571096,0.7531235431235432,1.5559906759906759,2.046946386946387,2.372191142191142,2.437062937062937,22.586013986013985,36.76853146853147,2021-10-11,17:27:55
20211011-3,2021-10-11 17:19:01,Evening rush,Alvik,ACEBD,12.630609756097561,15.698972125435539,16.426271777003485,16.574303135888503,0.7742508710801393,2.0634146341463415,2.8260278745644603,3.347264808362369,3.4516202090592336,23.654703832752613,34.61794425087108,2021-10-11,17:19:01
20211011-3,2021-10-11 17:33:53,Evening rush,Brommaplan,ACEBD,8.61847619047619,10.486535714285715,10.839410714285714,10.911214285714285,0.7184464285714286,1.3605714285714288,1.7434702380952383,1.9902261904761904,2.0394345238095237,22.17988095238095,38.14630952380953,2021-10-11,17:33:53
20211011-3,2021-10-11 17:06:32,Evening rush,Fridhemsplan,ACEBD,61.74342948717949,86.59907051282052,96.42057692307692,98.42035256410257,0.9770192307692307,12.15474358974359,21.88230769230769,29.189647435897434,30.65092948717949,24.751923076923077,44.25673076923077,2021-10-11,17:06:32
20211011-3,2021-10-11 17:14:33,Evening rush,Kristineberg,ACEBD,12.721945945945945,15.936216216216215,16.74518918918919,16.909783783783784,0.7747027027027027,2.1042702702702702,2.9469729729729734,3.5316756756756758,3.6484324324324326,23.82702702702703,35.3227027027027,2021-10-11,17:14:33
20211011-3,2021-10-11 16:58:29,Evening rush,Odenplan,ACEBD,70.66765342960288,104.94508122743682,119.90200361010831,122.95207581227436,1.0399729241877256,15.13601083032491,29.805767148014443,40.97437725631769,43.20831227436823,23.231227436823104,45.98501805054152,2021-10-11,16:58:29
20211011-3,2021-10-11 17:02:51,Evening rush,St Eriksplan,ACEBD,64.37957333333334,92.09410666666668,103.47832000000001,105.79746666666668,0.9997866666666667,13.051333333333334,24.283173333333334,32.76712,34.463813333333334,24.4144,41.89573333333333,2021-10-11,17:02:51
20211011-3,2021-10-11 17:24:05,Evening rush,Stora mossen,ACEBD,11.40481884057971,14.035815217391304,14.603713768115941,14.719329710144928,0.7507427536231884,1.83375,2.4356521739130437,2.837663043478261,2.9180072463768116,23.103804347826085,36.05344202898551,2021-10-11,17:24:05
20211011-3,2021-10-11 17:10:55,Evening rush,Thorildsplan,ACEBD,9.715592286501378,12.636749311294766,13.551997245179063,13.738057851239668,0.8521625344352617,1.7046831955922863,2.6331404958677687,3.305234159779614,3.4394628099173556,24.300826446280993,34.196280991735534,2021-10-11,17:10:55
20211011-4,2021-10-11 17:16:42,Evening rush,Gamla Stan,123564,24.318543307086614,33.06295275590551,36.26653543307087,36.91582677165355,0.926732283464567,4.567992125984252,7.763267716535433,10.13736220472441,10.61232283464567,25.666535433070866,32.86141732283464,2021-10-11,17:16:42
20211011-4,2021-10-11 17:30:24,Evening rush,Gullmarsplan,123564,15.129376623376624,19.729246753246755,21.185662337662336,21.480025974025974,0.8534545454545455,2.6653506493506494,4.140779220779221,5.211194805194805,5.425038961038961,25.81714285714286,31.73116883116883,2021-10-11,17:30:24
20211011-4,2021-10-11 17:08:47,Evening rush,Hötorget,123564,90.40538035961272,131.7998755186722,149.37699861687415,152.94502074688796,1.0155325034578147,18.848948824343015,36.157510373443984,49.288934993084375,51.915228215767634,25.0567081604426,40.631535269709545,2021-10-11,17:08:47
20211011-4,2021-10-11 17:23:04,Evening rush,Medborgarplatsen,123564,57.49792156862745,79.29913725490195,87.59141176470588,89.27419607843137,0.9483921568627451,11.036901960784313,19.277803921568626,25.43349019607843,26.66509803921569,25.771764705882354,35.52313725490196,2021-10-11,17:23:04
20211011-4,2021-10-11 16:58:38,Evening rush,Odenplan,123564,70.33198684210527,103.62551315789473,117.99686842105262,120.91403947368421,1.0203947368421054,14.893092105263158,29.024394736842105,39.768394736842104,41.91719736842105,22.44907894736842,48.47763157894737,2021-10-11,16:58:38
20211011-4,2021-10-11 17:04:14,Evening rush,Rådmansgatan,123564,65.39642424242425,95.43558787878789,108.21956363636363,110.81380606060605,1.0222545454545455,13.655842424242424,26.237103030303032,35.78430303030303,37.69364848484848,23.983393939393938,40.43030303030303,2021-10-11,17:04:14
20211011-4,2021-10-11 17:26:30,Evening rush,Skanstull,123564,58.65146766169154,81.6647512437811,90.62154228855722,92.43830845771143,0.9567164179104478,11.421965174129353,20.306542288557214,26.965721393034823,28.2976368159204,25.901243781094525,34.42412935323383,2021-10-11,17:26:30
20211011-4,2021-10-11 17:19:55,Evening rush,Slussen,123564,52.41158854166667,70.86018229166667,77.51471354166667,78.86255208333334,0.9189583333333333,9.762239583333333,16.413072916666668,21.341848958333333,22.327604166666664,25.570572916666666,34.43020833333333,2021-10-11,17:19:55
20211011-4,2021-10-11 17:12:53,Evening rush,T-Centralen,123564,97.74475490196079,139.10879901960783,155.94497549019607,159.36330882352942,0.9901470588235295,19.665784313725492,36.30098039215686,48.849681372549014,51.35943627450981,25.837254901960787,39.97156862745098,2021-10-11,17:12:53
20211012-1,2021-10-12 08:06:25,Morning rush,Gamla Stan,123456,8.536015037593984,13.004135338345865,15.021654135338345,15.430902255639097,1.0465413533834587,1.8974812030075188,3.8754511278195483,5.387932330827068,5.690639097744361,22.04172932330827,32.848872180451124,2021-10-12,08:06:25
20211012-1,2021-10-12 07:52:11,Morning rush,Gullmarsplan,123456,4.512611464968153,5.6598726114649685,5.95031847133758,6.008980891719745,0.7313375796178343,0.747515923566879,1.050127388535032,1.2603821656050955,1.3022929936305734,18.286624203821656,38.57770700636942,2021-10-12,07:52:11
20211012-1,2021-10-12 07:59:34,Morning rush,Medborgarplatsen,123456,50.08581395348837,75.08634249471459,86.14405919661733,88.38818181818182,1.0388583509513742,10.877019027484144,21.72953488372093,30.006723044397464,31.662029598308667,21.151797040169132,39.735729386892174,2021-10-12,07:59:34
20211012-1,2021-10-12 07:56:07,Morning rush,Skanstull,123456,46.43606145251397,63.15740223463687,69.27983240223463,70.52106145251396,0.9212290502793297,8.726312849162012,14.839050279329609,19.380111731843574,20.28840782122905,19.834916201117316,40.26564245810056,2021-10-12,07:56:07
20211012-1,2021-10-12 08:02:53,Morning rush,Slussen,123456,58.47210900473934,91.27289099526067,106.49699052132702,109.58526066350711,1.076398104265403,13.459123222748815,28.355924170616117,39.78630331753554,42.07251184834123,22.08483412322275,38.06729857819905,2021-10-12,08:02:53
20211012-2,2021-10-12 07:52:03,Morning rush,Alvik,ABCDE,3.9482003395585736,5.719762308998303,6.46358234295416,6.615398981324278,0.9756027164685909,0.8155178268251273,1.548319185059423,2.1033955857385402,2.214516129032258,19.89269949066214,36.15772495755518,2021-10-12,07:52:03
20211012-2,2021-10-12 08:05:22,Morning rush,Fridhemsplan,ABCDE,56.37775132275132,80.26611111111112,89.99992063492064,91.98433862433863,0.9833333333333333,11.349708994708994,20.951455026455026,28.19415343915344,29.6428835978836,19.882275132275133,51.36957671957672,2021-10-12,08:05:22
20211012-2,2021-10-12 07:57:14,Morning rush,Kristineberg,ABCDE,4.298990147783251,5.848596059113301,6.417364532019704,6.532783251231527,0.9038177339901478,0.8083990147783251,1.3755418719211823,1.7969211822660098,1.8811576354679802,19.300246305418717,37.074137931034485,2021-10-12,07:57:14
20211012-2,2021-10-12 08:13:42,Morning rush,Odenplan,ABCDE,65.71432352941176,99.18194117647059,114.10147058823529,117.14070588235293,1.0597058823529413,14.409029411764704,29.02441176470588,40.18314705882353,42.41470588235294,22.022058823529413,45.12352941176471,2021-10-12,08:13:42
20211012-2,2021-10-12 08:09:43,Morning rush,St Eriksplan,ABCDE,61.852066772655,92.48801271860096,105.97937996820349,108.72666136724962,1.040556438791733,13.380492845786963,26.61449920508744,36.70262321144674,38.72025437201908,21.03481717011129,45.14308426073132,2021-10-12,08:09:43
20211012-2,2021-10-12 08:01:03,Morning rush,Thorildsplan,ABCDE,4.095747508305648,5.469518272425249,5.946013289036545,6.04327242524917,0.8749003322259137,0.7485215946843854,1.2254318936877078,1.576594684385382,1.646594684385382,18.81760797342193,38.03604651162791,2021-10-12,08:01:03
20211012-3,2021-10-12 17:40:38,Evening rush,Gamla Stan,ACDEB,37.78059842519685,52.48784251968504,58.1823779527559,59.342141732283466,0.9675275590551181,7.332724409448819,12.976188976377951,17.20275590551181,18.048125984251968,25.399055118110237,30.034173228346457,2021-10-12,17:40:38
20211012-3,2021-10-12 17:58:37,Evening rush,Gullmarsplan,ACDEB,11.320694006309148,14.893848580441642,16.069258675078864,16.308675078864354,0.8627917981072555,2.0220031545741324,3.206435331230284,4.071072555205047,4.244053627760253,25.411514195583596,26.62271293375394,2021-10-12,17:58:37
20211012-3,2021-10-12 17:31:07,Evening rush,Hötorget,ACDEB,88.9531179775281,134.69988764044945,155.18761235955057,159.36648876404496,1.0660112359550562,19.599044943820225,39.644438202247194,54.9561797752809,58.01856741573034,23.689887640449438,37.57837078651685,2021-10-12,17:31:07
20211012-3,2021-10-12 17:50:08,Evening rush,Medborgarplatsen,ACDEB,50.846316939890706,73.29237158469945,82.64409836065575,84.54970491803279,1.0053989071038252,10.425213114754097,19.633300546448087,26.60045901639344,27.993868852459016,25.46,31.364043715846993,2021-10-12,17:50:08
20211012-3,2021-10-12 17:27:07,Evening rush,Rådmansgatan,ACDEB,53.86320113314447,80.27345609065155,91.8542776203966,94.21589235127479,1.0331444759206798,11.596203966005666,22.948640226628896,31.59688385269122,33.32685552407932,22.18470254957507,36.75977337110482,2021-10-12,17:27:07
20211012-3,2021-10-12 17:54:08,Evening rush,Skanstull,ACDEB,36.5111581920904,52.25031073446328,58.721355932203394,60.03799435028249,0.997231638418079,7.406186440677966,13.794548022598871,18.62042372881356,19.585395480225987,25.7135593220339,28.951977401129945,2021-10-12,17:54:08
20211012-3,2021-10-12 17:44:07,Evening rush,Slussen,ACDEB,33.01405633802817,45.51560563380282,50.268197183098586,51.23605633802817,0.9492394366197183,6.333830985915494,11.053830985915493,14.578704225352112,15.283887323943661,25.165915492957744,32.540281690140844,2021-10-12,17:44:07
20211012-3,2021-10-12 17:35:08,Evening rush,T-Centralen,ACDEB,73.30055737704917,108.16126775956283,123.23628415300546,126.30920218579234,1.0304043715846996,15.55472131147541,30.349803278688523,41.6004480874317,43.85029508196721,24.81639344262295,37.48732240437159,2021-10-12,17:35:08
20211012-4,2021-10-12 19:32:07,Offtime,Alvik,234561,11.335717647058825,13.892117647058823,14.411811764705883,14.517035294117646,0.7544470588235294,1.8095529411764704,2.3685411764705884,2.7364,2.8098117647058825,22.135529411764708,35.65176470588235,2021-10-12,19:32:07
20211012-4,2021-10-12 19:17:07,Offtime,Fridhemsplan,234561,61.1059718969555,84.54341920374708,93.5225292740047,95.34379391100703,0.9459250585480095,11.785339578454334,20.70871194379391,27.382037470725994,28.717025761124123,22.572131147540983,45.90023419203747,2021-10-12,19:17:07
20211012-4,2021-10-12 19:25:38,Offtime,Kristineberg,234561,16.56621727748691,20.91598167539267,22.069201570680626,22.302657068062828,0.8062303664921466,2.7736125654450263,3.9659031413612564,4.801609947643978,4.9689397905759165,20.84725130890052,35.86086387434555,2021-10-12,19:25:38
20211012-4,2021-10-12 19:12:37,Offtime,St Eriksplan,234561,63.051818181818184,92.91090909090909,105.80977272727273,108.42852272727272,1.0197727272727273,13.355568181818182,26.03022727272727,35.66681818181818,37.59431818181818,21.304545454545455,45.35340909090909,2021-10-12,19:12:37
20211012-4,2021-10-12 19:21:07,Offtime,Thorildsplan,234561,7.676311475409836,9.967386156648452,10.67811475409836,10.822295081967212,0.8477504553734062,1.34316029143898,2.064143897996357,2.585255009107468,2.6894353369763206,21.618852459016395,34.15173041894353,2021-10-12,19:21:07
20211012-4,2021-10-12 19:44:38,Offtime,Åkeshov,234561,6.295345122646891,7.599001711351968,7.812612664004564,7.8556474614945815,0.7144381061038221,0.9804221334854536,1.2186309184255564,1.3658927552766684,1.395379349686252,21.83069024529378,33.94922989161437,2021-10-12,19:44:38
20211013-1,2021-10-13 09:09:07,Offtime,Alvik,13452,4.575352112676057,5.830929577464789,6.183323943661971,6.25456338028169,0.8190704225352112,0.7770422535211269,1.138450704225352,1.3950140845070422,1.4458028169014083,19.898309859154928,30.951549295774647,2021-10-13,09:09:07
20211013-1,2021-10-13 09:22:07,Offtime,Fridhemsplan,13452,83.89725877192983,121.07927631578947,136.60890350877193,139.76332236842106,1.0092982456140351,17.233475877192983,32.51552631578947,44.082127192982455,46.395559210526315,20.14396929824561,46.70570175438596,2021-10-13,09:22:07
20211013-1,2021-10-13 09:14:07,Offtime,Kristineberg,13452,7.770028248587571,9.96545197740113,10.604180790960452,10.733531073446327,0.8342090395480226,1.3332203389830508,1.9861016949152543,2.4522033898305087,2.5458474576271186,19.302824858757063,31.59180790960452,2021-10-13,09:14:07
20211013-1,2021-10-13 09:31:08,Offtime,Odenplan,13452,67.09931818181818,99.17224431818181,113.08755681818182,115.91323863636363,1.0357954545454546,14.274176136363637,27.92840909090909,38.3146875,40.39207386363636,22.564488636363635,39.133238636363636,2021-10-13,09:31:08
20211013-1,2021-10-13 09:27:07,Offtime,St Eriksplan,13452,61.81194366197184,92.24735211267605,105.64191549295774,108.36214084507041,1.0438028169014084,13.337464788732396,26.462647887323943,36.464816901408454,38.46490140845071,21.50225352112676,38.72676056338028,2021-10-13,09:27:07
20211013-1,2021-10-13 09:17:07,Offtime,Thorildsplan,13452,4.325464788732394,5.596366197183099,5.983577464788732,6.061915492957747,0.8452112676056338,0.7524788732394366,1.1455211267605634,1.4292394366197183,1.4856619718309858,18.49661971830986,33.095774647887325,2021-10-13,09:17:07
20211013-2,2021-10-13 16:01:08,Evening rush,Abrahamsberg,25,4.629368131868132,6.091978021978022,6.5679395604395605,6.664587912087912,0.8565934065934067,0.8265384615384616,1.3046978021978022,1.6533241758241757,1.7228846153846153,19.29368131868132,30.079945054945057,2021-10-13,16:01:08
20211013-2,2021-10-13 15:51:08,Evening rush,Alvik,25,8.60056338028169,11.390211267605634,12.323169014084508,12.511901408450704,0.8840845070422536,1.5512676056338028,2.484295774647887,3.167887323943662,3.304225352112676,21.20281690140845,29.22676056338028,2021-10-13,15:51:08
20211013-2,2021-10-13 16:05:07,Evening rush,Brommaplan,25,6.497816901408451,8.491549295774648,9.121126760563381,9.248732394366197,0.8440140845070422,1.1476760563380282,1.7824647887323946,2.242887323943662,2.3348591549295774,19.414788732394367,34.04859154929577,2021-10-13,16:05:07
20211013-2,2021-10-13 15:38:38,Evening rush,Fridhemsplan,25,49.35636363636364,72.03387351778656,81.69355731225296,83.64450592885376,0.9952173913043478,10.308339920948617,19.775849802371543,26.958339920948617,28.39498023715415,23.113438735177866,40.107905138339916,2021-10-13,15:38:38
20211013-2,2021-10-13 15:46:38,Evening rush,Kristineberg,25,4.940830039525691,6.694545454545454,7.326600790513834,7.4543478260869565,0.9063636363636364,0.9226482213438736,1.5516600790513835,2.017588932806324,2.110790513833992,21.272727272727273,28.032411067193674,2021-10-13,15:46:38
20211013-2,2021-10-13 15:31:08,Evening rush,Odenplan,25,60.25823943661972,91.59605633802816,105.74549295774648,108.60887323943662,1.024507042253521,13.356056338028168,27.137323943661972,37.66971830985916,39.77605633802817,21.788732394366196,42.05140845070423,2021-10-13,15:31:08
20211013-2,2021-10-13 15:35:07,Evening rush,St Eriksplan,25,65.61979020979021,96.26174825174826,109.42657342657343,112.08818181818182,0.9991608391608391,13.80986013986014,26.695454545454545,36.48293706293707,38.4406993006993,22.844055944055942,35.17972027972028,2021-10-13,15:35:07
20211013-2,2021-10-13 15:56:07,Evening rush,Stora mossen,25,3.3506382978723406,4.4641843971631205,4.844255319148936,4.921205673758865,0.8849645390070922,0.61,0.9898581560283688,1.2686524822695036,1.324113475177305,20.266666666666666,29.04822695035461,2021-10-13,15:56:07
20211013-2,2021-10-13 15:43:08,Evening rush,Thorildsplan,25,7.685422535211267,10.81838028169014,12.064577464788734,12.316338028169014,0.9673239436619717,1.5209154929577464,2.7498591549295774,3.673098591549296,3.8579577464788737,21.992253521126763,27.255633802816902,2021-10-13,15:43:08
